Date,HomeTeam,AwayTeam,FTHG,FTAG,FTR,season,home_avg_goals,away_avg_goals,goal_diff,result
2018-08-11,Newcastle,Tottenham,1,2,A,E0_18_19.csv,1.0,1.6,-0.6000000000000001,2
2018-08-11,Watford,Brighton,2,0,H,E0_18_19.csv,1.0,1.4,-0.3999999999999999,0
2018-08-11,Wolves,Everton,2,2,D,E0_18_19.csv,1.0,1.8,-0.8,1
2018-08-12,Arsenal,Man City,0,2,A,E0_18_19.csv,1.0,1.8,-0.8,2
2018-08-12,Liverpool,West Ham,4,0,H,E0_18_19.csv,1.8,1.2,0.6000000000000001,0
2018-08-12,Southampton,Burnley,0,0,D,E0_18_19.csv,1.6,0.8,0.8,1
2018-08-17,Girona,Valladolid,0,0,D,SP1 (7).csv,1.2,0.8,0.3999999999999999,1
2018-08-17,Betis,Levante,0,3,A,SP1 (7).csv,0.8,1.0,-0.19999999999999996,2
2018-08-18,Everton,Southampton,2,1,H,E0_18_19.csv,1.2,0.8,0.3999999999999999,0
2018-08-18,Leicester,Wolves,2,0,H,E0_18_19.csv,0.8,0.8,0.0,0
2018-08-18,Tottenham,Fulham,3,1,H,E0_18_19.csv,1.4,1.0,0.3999999999999999,0
2018-08-18,West Ham,Bournemouth,1,2,A,E0_18_19.csv,1.6,1.4,0.20000000000000018,2
2018-08-18,Chelsea,Arsenal,3,2,H,E0_18_19.csv,2.2,1.2,1.0000000000000002,0
2018-08-18,Cardiff,Newcastle,0,0,D,E0_18_19.csv,1.8,1.0,0.8,1
2018-08-18,Celta,Espanol,1,1,D,SP1 (7).csv,1.6,1.2,0.40000000000000013,1
2018-08-18,Villarreal,Sociedad,1,2,A,SP1 (7).csv,1.2,1.4,-0.19999999999999996,2
2018-08-18,Barcelona,Alaves,3,0,H,SP1 (7).csv,1.6,1.0,0.6000000000000001,0
2018-08-19,Burnley,Watford,1,3,A,E0_18_19.csv,1.2,1.2,0.0,2
2018-08-19,Brighton,Man United,3,2,H,E0_18_19.csv,1.8,1.6,0.19999999999999996,0
2018-08-19,Man City,Huddersfield,6,1,H,E0_18_19.csv,2.8,1.6,1.1999999999999997,0
2018-08-19,Eibar,Huesca,1,2,A,SP1 (7).csv,2.8,1.6,1.1999999999999997,2
2018-08-19,Real Madrid,Getafe,2,0,H,SP1 (7).csv,2.6,1.6,1.0,0
2018-08-19,Vallecano,Sevilla,1,4,A,SP1 (7).csv,2.6,1.8,0.8,2
2018-08-20,Crystal Palace,Liverpool,0,2,A,E0_18_19.csv,2.0,1.8,0.19999999999999996,2
2018-08-20,Ath Bilbao,Leganes,2,1,H,SP1 (7).csv,1.2,1.8,-0.6000000000000001,0
2018-08-20,Valencia,Ath Madrid,1,1,D,SP1 (7).csv,1.2,1.6,-0.40000000000000013,1
2018-08-24,Getafe,Eibar,2,0,H,SP1 (7).csv,1.2,1.6,-0.40000000000000013,0
2018-08-24,Leganes,Sociedad,2,2,D,SP1 (7).csv,1.4,1.2,0.19999999999999996,1
2018-08-25,Valladolid,Barcelona,0,1,A,SP1 (7).csv,1.4,1.0,0.3999999999999999,2
2018-08-25,Arsenal,West Ham,3,1,H,E0_18_19.csv,1.6,1.0,0.6000000000000001,0
2018-08-25,Bournemouth,Everton,2,2,D,E0_18_19.csv,1.8,1.2,0.6000000000000001,1
2018-08-25,Huddersfield,Cardiff,0,0,D,E0_18_19.csv,1.4,1.2,0.19999999999999996,1
2018-08-25,Southampton,Leicester,1,2,A,E0_18_19.csv,1.2,1.2,0.0,2
2018-08-25,Wolves,Man City,1,1,D,E0_18_19.csv,1.4,1.2,0.19999999999999996,1
2018-08-25,Liverpool,Brighton,1,0,H,E0_18_19.csv,1.0,1.0,0.0,0
2018-08-25,Ath Madrid,Vallecano,1,0,H,SP1 (7).csv,0.8,0.6,0.20000000000000007,0
2018-08-25,Alaves,Betis,0,0,D,SP1 (7).csv,0.8,0.6,0.20000000000000007,1
2018-08-26,Espanol,Valencia,2,0,H,SP1 (7).csv,1.0,0.2,0.8,0
2018-08-26,Girona,Real Madrid,1,4,A,SP1 (7).csv,1.0,0.8,0.19999999999999996,2
2018-08-26,Sevilla,Villarreal,0,0,D,SP1 (7).csv,0.8,0.8,0.0,1
2018-08-26,Watford,Crystal Palace,2,1,H,E0_18_19.csv,1.0,1.0,0.0,0
2018-08-26,Newcastle,Chelsea,1,2,A,E0_18_19.csv,1.2,1.4,-0.19999999999999996,2
2018-08-26,Fulham,Burnley,4,2,H,E0_18_19.csv,1.6,1.8,-0.19999999999999996,0
2018-08-27,Man United,Tottenham,0,3,A,E0_18_19.csv,1.4,1.6,-0.20000000000000018,2
2018-08-27,Ath Bilbao,Huesca,2,2,D,SP1 (7).csv,1.8,2.0,-0.19999999999999996,1
2018-08-27,Levante,Celta,1,2,A,SP1 (7).csv,1.6,2.2,-0.6000000000000001,2
2018-08-31,Getafe,Valladolid,0,0,D,SP1 (7).csv,1.4,1.8,-0.40000000000000013,1
2018-08-31,Eibar,Sociedad,2,1,H,SP1 (7).csv,1.0,1.6,-0.6000000000000001,0
2018-08-31,Villarreal,Girona,0,1,A,SP1 (7).csv,1.0,1.2,-0.19999999999999996,2
2018-09-01,Celta,Ath Madrid,2,0,H,SP1 (7).csv,1.0,0.8,0.19999999999999996,0
2018-09-01,Real Madrid,Leganes,4,1,H,SP1 (7).csv,1.6,0.6,1.0,0
2018-09-01,Man City,Newcastle,2,1,H,E0_18_19.csv,2.0,0.8,1.2,0
2018-09-01,West Ham,Wolves,0,1,A,E0_18_19.csv,1.6,0.8,0.8,2
2018-09-01,Leicester,Liverpool,1,2,A,E0_18_19.csv,1.8,1.0,0.8,2
2018-09-01,Chelsea,Bournemouth,2,0,H,E0_18_19.csv,1.8,1.0,0.8,0
2018-09-01,Crystal Palace,Southampton,0,2,A,E0_18_19.csv,1.0,1.2,-0.19999999999999996,2
2018-09-01,Everton,Huddersfield,1,1,D,E0_18_19.csv,0.8,1.2,-0.3999999999999999,1
2018-09-01,Brighton,Fulham,2,2,D,E0_18_19.csv,1.2,1.4,-0.19999999999999996,1
2018-09-02,Barcelona,Huesca,8,2,H,SP1 (7).csv,2.6,1.4,1.2000000000000002,0
2018-09-02,Alaves,Espanol,2,1,H,SP1 (7).csv,2.6,1.6,1.0,0
2018-09-02,Watford,Tottenham,2,1,H,E0_18_19.csv,3.0,1.4,1.6,0
2018-09-02,Levante,Valencia,2,2,D,SP1 (7).csv,3.2,1.6,1.6,1
2018-09-02,Cardiff,Arsenal,2,3,A,E0_18_19.csv,3.2,1.8,1.4000000000000001,2
2018-09-02,Burnley,Man United,0,2,A,E0_18_19.csv,1.6,1.8,-0.19999999999999996,2
2018-09-02,Betis,Sevilla,1,0,H,SP1 (7).csv,1.4,1.6,-0.20000000000000018,0
2018-09-14,Huesca,Vallecano,0,1,A,SP1 (7).csv,1.0,1.6,-0.6000000000000001,2
2018-09-15,Ath Bilbao,Real Madrid,1,1,D,SP1 (7).csv,0.8,1.4,-0.5999999999999999,1
2018-09-15,Chelsea,Cardiff,4,1,H,E0_18_19.csv,1.2,1.0,0.19999999999999996,0
2018-09-15,Valencia,Betis,0,0,D,SP1 (7).csv,1.2,0.6,0.6,1
2018-09-15,Watford,Man United,1,2,A,E0_18_19.csv,1.2,1.0,0.19999999999999996,2
2018-09-15,Sociedad,Barcelona,1,2,A,SP1 (7).csv,1.4,1.2,0.19999999999999996,2
2018-09-15,Tottenham,Liverpool,1,2,A,E0_18_19.csv,1.4,1.4,0.0,2
2018-09-15,Ath Madrid,Eibar,1,1,D,SP1 (7).csv,0.8,1.4,-0.5999999999999999,1
2018-09-15,Man City,Fulham,3,0,H,E0_18_19.csv,1.4,1.4,0.0,0
2018-09-15,Huddersfield,Crystal Palace,0,1,A,E0_18_19.csv,1.2,1.2,0.0,2
2018-09-15,Bournemouth,Leicester,4,2,H,E0_18_19.csv,1.8,1.2,0.6000000000000001,0
2018-09-15,Newcastle,Arsenal,1,2,A,E0_18_19.csv,1.8,1.2,0.6000000000000001,2
2018-09-16,Valladolid,Alaves,0,1,A,SP1 (7).csv,1.6,1.2,0.40000000000000013,2
2018-09-16,Sevilla,Getafe,0,2,A,SP1 (7).csv,1.0,1.6,-0.6000000000000001,2
2018-09-16,Wolves,Burnley,1,0,H,E0_18_19.csv,1.2,1.4,-0.19999999999999996,0
2018-09-16,Espanol,Levante,1,0,H,SP1 (7).csv,0.6,1.0,-0.4,0
2018-09-16,Leganes,Villarreal,0,1,A,SP1 (7).csv,0.4,0.8,-0.4,2
2018-09-16,Everton,West Ham,1,3,A,E0_18_19.csv,0.6,1.2,-0.6,2
2018-09-17,Girona,Celta,3,2,H,SP1 (7).csv,1.2,1.2,0.0,0
2018-09-17,Southampton,Brighton,2,2,D,E0_18_19.csv,1.4,1.6,-0.20000000000000018,1
2018-09-21,Huesca,Sociedad,0,1,A,SP1 (7).csv,1.2,1.8,-0.6000000000000001,2
2018-09-22,Eibar,Leganes,1,0,H,SP1 (7).csv,1.4,1.6,-0.20000000000000018,0
2018-09-22,Getafe,Ath Madrid,0,2,A,SP1 (7).csv,1.2,1.4,-0.19999999999999996,2
2018-09-22,Celta,Valladolid,3,3,D,SP1 (7).csv,1.2,1.6,-0.40000000000000013,1
2018-09-22,Vallecano,Alaves,1,5,A,SP1 (7).csv,1.0,2.2,-1.2000000000000002,2
2018-09-22,Real Madrid,Espanol,1,0,H,SP1 (7).csv,1.2,2.0,-0.8,0
2018-09-22,Cardiff,Man City,0,5,A,E0_18_19.csv,1.0,3.0,-2.0,2
2018-09-22,Leicester,Huddersfield,3,1,H,E0_18_19.csv,1.6,2.8,-1.1999999999999997,0
2018-09-22,Burnley,Bournemouth,4,0,H,E0_18_19.csv,1.8,2.2,-0.40000000000000013,0
2018-09-22,Brighton,Tottenham,1,2,A,E0_18_19.csv,1.8,1.6,0.19999999999999996,2
2018-09-22,Fulham,Watford,1,1,D,E0_18_19.csv,1.8,1.8,0.0,1
2018-09-22,Crystal Palace,Newcastle,0,0,D,E0_18_19.csv,1.8,0.8,1.0,1
2018-09-22,Liverpool,Southampton,3,0,H,E0_18_19.csv,1.8,0.6,1.2000000000000002,0
2018-09-22,Man United,Wolves,1,1,D,E0_18_19.csv,1.2,0.8,0.3999999999999999,1
2018-09-23,Betis,Ath Bilbao,2,2,D,SP1 (7).csv,1.4,0.8,0.5999999999999999,1
2018-09-23,Arsenal,Everton,2,0,H,E0_18_19.csv,1.6,0.6,1.0,0
2018-09-23,West Ham,Chelsea,0,0,D,E0_18_19.csv,1.6,0.6,1.0,1
2018-09-23,Villarreal,Valencia,0,0,D,SP1 (7).csv,1.0,0.6,0.4,1
2018-09-23,Levante,Sevilla,2,6,A,SP1 (7).csv,1.2,1.6,-0.40000000000000013,2
2018-09-23,Barcelona,Girona,2,2,D,SP1 (7).csv,1.2,1.6,-0.40000000000000013,1
2018-09-25,Sociedad,Vallecano,2,2,D,SP1 (7).csv,1.2,2.0,-0.8,1
2018-09-25,Ath Madrid,Huesca,3,0,H,SP1 (7).csv,1.8,2.0,-0.19999999999999996,0
2018-09-25,Espanol,Eibar,1,0,H,SP1 (7).csv,2.0,2.0,0.0,0
2018-09-26,Valencia,Celta,1,1,D,SP1 (7).csv,1.8,1.0,0.8,1
2018-09-26,Sevilla,Real Madrid,3,0,H,SP1 (7).csv,2.0,0.6,1.4,0
2018-09-26,Ath Bilbao,Villarreal,0,3,A,SP1 (7).csv,1.6,0.8,0.8,2
2018-09-26,Leganes,Barcelona,2,1,H,SP1 (7).csv,1.4,1.0,0.3999999999999999,0
2018-09-27,Valladolid,Levante,2,1,H,SP1 (7).csv,1.6,1.2,0.40000000000000013,0
2018-09-27,Girona,Betis,0,1,A,SP1 (7).csv,1.4,1.2,0.19999999999999996,2
2018-09-27,Alaves,Getafe,1,1,D,SP1 (7).csv,1.0,1.4,-0.3999999999999999,1
2018-09-28,Vallecano,Espanol,2,2,D,SP1 (7).csv,1.4,1.2,0.19999999999999996,1
2018-09-29,Chelsea,Liverpool,1,1,D,E0_18_19.csv,1.2,1.2,0.0,1
2018-09-29,Sociedad,Valencia,0,1,A,SP1 (7).csv,0.8,1.2,-0.3999999999999999,2
2018-09-29,Real Madrid,Ath Madrid,0,0,D,SP1 (7).csv,0.8,1.0,-0.19999999999999996,1
2018-09-29,Eibar,Sevilla,1,3,A,SP1 (7).csv,0.8,1.4,-0.5999999999999999,2
2018-09-29,Barcelona,Ath Bilbao,1,1,D,SP1 (7).csv,0.6,1.2,-0.6,1
2018-09-29,Everton,Fulham,3,0,H,E0_18_19.csv,1.0,1.0,0.0,0
2018-09-29,West Ham,Man United,3,1,H,E0_18_19.csv,1.6,1.0,0.6000000000000001,0
2018-09-29,Huddersfield,Tottenham,0,2,A,E0_18_19.csv,1.6,1.4,0.20000000000000018,2
2018-09-29,Man City,Brighton,2,0,H,E0_18_19.csv,1.8,0.8,1.0,0
2018-09-29,Newcastle,Leicester,0,2,A,E0_18_19.csv,1.6,1.0,0.6000000000000001,2
2018-09-29,Arsenal,Watford,2,0,H,E0_18_19.csv,1.4,1.0,0.3999999999999999,0
2018-09-29,Wolves,Southampton,2,0,H,E0_18_19.csv,1.2,0.8,0.3999999999999999,0
2018-09-30,Cardiff,Burnley,1,2,A,E0_18_19.csv,1.4,0.8,0.5999999999999999,2
2018-09-30,Betis,Leganes,1,0,H,SP1 (7).csv,1.2,0.8,0.3999999999999999,0
2018-09-30,Huesca,Girona,1,1,D,SP1 (7).csv,1.4,0.6,0.7999999999999999,1
2018-09-30,Levante,Alaves,2,1,H,SP1 (7).csv,1.4,0.8,0.5999999999999999,0
2018-09-30,Villarreal,Valladolid,0,1,A,SP1 (7).csv,1.0,1.0,0.0,2
2018-10-01,Bournemouth,Crystal Palace,2,1,H,E0_18_19.csv,1.2,0.8,0.3999999999999999,0
2018-10-01,Celta,Getafe,1,1,D,SP1 (7).csv,1.2,1.0,0.19999999999999996,1
2018-10-05,Brighton,West Ham,1,0,H,E0_18_19.csv,1.2,0.8,0.3999999999999999,0
2018-10-05,Ath Bilbao,Sociedad,1,3,A,SP1 (7).csv,1.0,1.2,-0.19999999999999996,2
2018-10-06,Burnley,Huddersfield,1,1,D,E0_18_19.csv,1.2,1.2,0.0,1
2018-10-06,Crystal Palace,Wolves,0,1,A,E0_18_19.csv,0.8,1.2,-0.3999999999999999,2
2018-10-06,Leicester,Everton,1,2,A,E0_18_19.csv,0.8,1.4,-0.5999999999999999,2
2018-10-06,Watford,Bournemouth,0,4,A,E0_18_19.csv,0.6,2.2,-1.6,2
2018-10-06,Tottenham,Cardiff,1,0,H,E0_18_19.csv,0.6,1.6,-1.0,0
2018-10-06,Alaves,Real Madrid,1,0,H,SP1 (7).csv,0.6,1.4,-0.7999999999999999,0
2018-10-06,Leganes,Vallecano,1,0,H,SP1 (7).csv,0.8,1.2,-0.3999999999999999,0
2018-10-06,Getafe,Levante,0,1,A,SP1 (7).csv,0.6,1.0,-0.4,2
2018-10-06,Man United,Newcastle,3,2,H,E0_18_19.csv,1.2,0.6,0.6,0
2018-10-06,Girona,Eibar,2,3,A,SP1 (7).csv,1.4,1.2,0.19999999999999996,2
2018-10-07,Fulham,Arsenal,1,5,A,E0_18_19.csv,1.4,2.2,-0.8000000000000003,2
2018-10-07,Valladolid,Huesca,1,0,H,SP1 (7).csv,1.4,2.2,-0.8000000000000003,0
2018-10-07,Southampton,Chelsea,0,3,A,E0_18_19.csv,1.4,2.6,-1.2000000000000002,2
2018-10-07,Ath Madrid,Betis,1,0,H,SP1 (7).csv,1.0,2.2,-1.2000000000000002,0
2018-10-07,Sevilla,Celta,2,1,H,SP1 (7).csv,1.0,1.8,-0.8,0
2018-10-07,Valencia,Barcelona,1,1,D,SP1 (7).csv,1.0,1.0,0.0,1
2018-10-07,Liverpool,Man City,0,0,D,E0_18_19.csv,0.8,1.0,-0.19999999999999996,1
2018-10-07,Espanol,Villarreal,3,1,H,SP1 (7).csv,1.4,0.6,0.7999999999999999,0
2018-10-19,Celta,Alaves,0,1,A,SP1 (7).csv,1.2,0.8,0.3999999999999999,2
2018-10-20,Wolves,Watford,0,2,A,E0_18_19.csv,0.8,1.0,-0.19999999999999996,2
2018-10-20,West Ham,Tottenham,0,1,A,E0_18_19.csv,0.6,1.0,-0.4,2
2018-10-20,Chelsea,Man United,2,2,D,E0_18_19.csv,1.0,1.4,-0.3999999999999999,1
2018-10-20,Huddersfield,Liverpool,0,1,A,E0_18_19.csv,0.4,1.4,-0.9999999999999999,2
2018-10-20,Man City,Burnley,5,0,H,E0_18_19.csv,1.4,1.2,0.19999999999999996,0
2018-10-20,Villarreal,Ath Madrid,1,1,D,SP1 (7).csv,1.6,1.0,0.6000000000000001,1
2018-10-20,Valencia,Leganes,1,1,D,SP1 (7).csv,1.8,1.0,0.8,1
2018-10-20,Real Madrid,Levante,1,2,A,SP1 (7).csv,1.6,1.0,0.6000000000000001,2
2018-10-20,Barcelona,Sevilla,4,2,H,SP1 (7).csv,2.4,1.2,1.2,0
2018-10-20,Cardiff,Fulham,4,2,H,E0_18_19.csv,2.2,1.6,0.6000000000000001,0
2018-10-20,Newcastle,Brighton,0,1,A,E0_18_19.csv,2.0,1.6,0.3999999999999999,2
2018-10-20,Bournemouth,Southampton,0,0,D,E0_18_19.csv,1.8,1.4,0.40000000000000013,1
2018-10-21,Vallecano,Getafe,1,2,A,SP1 (7).csv,1.8,1.4,0.40000000000000013,2
2018-10-21,Eibar,Ath Bilbao,1,1,D,SP1 (7).csv,1.2,1.2,0.0,1
2018-10-21,Betis,Valladolid,0,1,A,SP1 (7).csv,0.4,1.0,-0.6,2
2018-10-21,Everton,Crystal Palace,2,0,H,E0_18_19.csv,0.8,0.8,0.0,0
2018-10-21,Huesca,Espanol,0,2,A,SP1 (7).csv,0.8,1.2,-0.3999999999999999,2
2018-10-22,Sociedad,Girona,0,0,D,SP1 (7).csv,0.6,0.8,-0.20000000000000007,1
2018-10-22,Arsenal,Leicester,3,1,H,E0_18_19.csv,1.0,0.8,0.19999999999999996,0
2018-10-24,Vallecano,Ath Bilbao,1,1,D,SP1 (7).csv,1.2,0.8,0.3999999999999999,1
2018-10-26,Valladolid,Espanol,1,1,D,SP1 (7).csv,1.0,1.0,0.0,1
2018-10-27,Celta,Eibar,4,0,H,SP1 (7).csv,1.8,0.6,1.2000000000000002,0
2018-10-27,Levante,Leganes,2,0,H,SP1 (7).csv,2.2,0.6,1.6,0
2018-10-27,Ath Bilbao,Valencia,0,0,D,SP1 (7).csv,1.6,0.4,1.2000000000000002,1
2018-10-27,Ath Madrid,Sociedad,2,0,H,SP1 (7).csv,1.8,0.2,1.6,0
2018-10-27,Watford,Huddersfield,3,0,H,E0_18_19.csv,2.2,0.0,2.2,0
2018-10-27,Southampton,Newcastle,0,0,D,E0_18_19.csv,1.4,0.0,1.4,1
2018-10-27,Liverpool,Cardiff,4,1,H,E0_18_19.csv,1.8,0.2,1.6,0
2018-10-27,Leicester,West Ham,1,1,D,E0_18_19.csv,2.0,0.4,1.6,1
2018-10-27,Fulham,Bournemouth,0,3,A,E0_18_19.csv,1.6,1.0,0.6000000000000001,2
2018-10-27,Brighton,Wolves,1,0,H,E0_18_19.csv,1.2,1.0,0.19999999999999996,0
2018-10-27,Girona,Vallecano,2,1,H,SP1 (7).csv,1.6,1.2,0.40000000000000013,0
2018-10-28,Getafe,Betis,2,0,H,SP1 (7).csv,1.2,1.0,0.19999999999999996,0
2018-10-28,Burnley,Chelsea,0,4,A,E0_18_19.csv,1.0,1.6,-0.6000000000000001,2
2018-10-28,Crystal Palace,Arsenal,2,2,D,E0_18_19.csv,1.4,1.4,0.0,1
2018-10-28,Man United,Everton,2,1,H,E0_18_19.csv,1.6,1.6,0.0,0
2018-10-28,Sevilla,Huesca,2,1,H,SP1 (7).csv,1.6,1.6,0.0,0
2018-10-28,Alaves,Villarreal,2,1,H,SP1 (7).csv,1.6,1.8,-0.19999999999999996,0
2018-10-28,Barcelona,Real Madrid,5,1,H,SP1 (7).csv,2.6,1.2,1.4000000000000001,0
2018-10-29,Tottenham,Man City,0,1,A,E0_18_19.csv,2.2,1.0,1.2000000000000002,2
2018-11-03,Leganes,Ath Madrid,1,1,D,SP1 (7).csv,2.0,1.0,1.0,1
2018-11-03,Vallecano,Barcelona,2,3,A,SP1 (7).csv,2.0,1.4,0.6000000000000001,2
2018-11-03,Valencia,Girona,0,1,A,SP1 (7).csv,1.6,1.4,0.20000000000000018,2
2018-11-03,Cardiff,Leicester,0,1,A,E0_18_19.csv,0.6,1.4,-0.7999999999999999,2
2018-11-03,Everton,Brighton,3,1,H,E0_18_19.csv,1.2,1.4,-0.19999999999999996,0
2018-11-03,Arsenal,Liverpool,1,1,D,E0_18_19.csv,1.2,1.4,-0.19999999999999996,1
2018-11-03,West Ham,Burnley,4,2,H,E0_18_19.csv,1.6,1.2,0.40000000000000013,0
2018-11-03,Wolves,Tottenham,2,3,A,E0_18_19.csv,2.0,1.6,0.3999999999999999,2
2018-11-03,Bournemouth,Man United,1,2,A,E0_18_19.csv,2.2,1.8,0.40000000000000013,2
2018-11-03,Real Madrid,Valladolid,2,0,H,SP1 (7).csv,2.0,1.6,0.3999999999999999,0
2018-11-03,Newcastle,Watford,1,0,H,E0_18_19.csv,2.0,1.4,0.6000000000000001,0
2018-11-04,Betis,Celta,3,3,D,SP1 (7).csv,1.8,1.6,0.19999999999999996,1
2018-11-04,Eibar,Alaves,2,1,H,SP1 (7).csv,1.8,1.2,0.6000000000000001,0
2018-11-04,Sociedad,Sevilla,0,0,D,SP1 (7).csv,1.6,0.8,0.8,1
2018-11-04,Villarreal,Levante,1,1,D,SP1 (7).csv,1.4,1.0,0.3999999999999999,1
2018-11-04,Huesca,Getafe,1,1,D,SP1 (7).csv,1.4,1.2,0.19999999999999996,1
2018-11-04,Man City,Southampton,6,1,H,E0_18_19.csv,2.0,0.8,1.2,0
2018-11-04,Chelsea,Crystal Palace,3,1,H,E0_18_19.csv,2.2,0.8,1.4000000000000001,0
2018-11-05,Espanol,Ath Bilbao,1,0,H,SP1 (7).csv,2.4,0.8,1.5999999999999999,0
2018-11-05,Huddersfield,Fulham,1,0,H,E0_18_19.csv,2.4,0.6,1.7999999999999998,0
2018-11-09,Levante,Sociedad,1,3,A,SP1 (7).csv,2.4,1.0,1.4,2
2018-11-10,Getafe,Valencia,0,1,A,SP1 (7).csv,1.2,1.0,0.19999999999999996,2
2018-11-10,Southampton,Watford,1,1,D,E0_18_19.csv,0.8,1.0,-0.19999999999999996,1
2018-11-10,Newcastle,Bournemouth,2,1,H,E0_18_19.csv,1.0,1.2,-0.19999999999999996,0
2018-11-10,Leicester,Burnley,0,0,D,E0_18_19.csv,0.8,1.2,-0.3999999999999999,1
2018-11-10,Huddersfield,West Ham,1,1,D,E0_18_19.csv,0.8,0.8,0.0,1
2018-11-10,Cardiff,Brighton,2,1,H,E0_18_19.csv,1.2,0.8,0.3999999999999999,0
2018-11-10,Girona,Leganes,0,0,D,SP1 (7).csv,1.0,0.6,0.4,1
2018-11-10,Valladolid,Eibar,0,0,D,SP1 (7).csv,0.6,0.4,0.19999999999999996,1
2018-11-10,Ath Madrid,Ath Bilbao,3,2,H,SP1 (7).csv,1.2,0.8,0.3999999999999999,0
2018-11-10,Crystal Palace,Tottenham,0,1,A,E0_18_19.csv,1.0,0.8,0.19999999999999996,2
2018-11-11,Alaves,Huesca,2,1,H,SP1 (7).csv,1.0,0.8,0.19999999999999996,0
2018-11-11,Barcelona,Betis,3,4,A,SP1 (7).csv,1.6,1.6,0.0,2
2018-11-11,Celta,Real Madrid,2,4,A,SP1 (7).csv,2.0,2.4,-0.3999999999999999,2
2018-11-11,Sevilla,Espanol,2,1,H,SP1 (7).csv,1.8,2.2,-0.40000000000000013,0
2018-11-11,Liverpool,Fulham,2,0,H,E0_18_19.csv,2.2,2.0,0.20000000000000018,0
2018-11-11,Vallecano,Villarreal,2,2,D,SP1 (7).csv,2.2,2.2,0.0,1
2018-11-11,Chelsea,Everton,0,0,D,E0_18_19.csv,1.6,1.4,0.20000000000000018,1
2018-11-11,Arsenal,Wolves,1,1,D,E0_18_19.csv,1.4,0.8,0.5999999999999999,1
2018-11-11,Man City,Man United,3,1,H,E0_18_19.csv,1.6,0.8,0.8,0
2018-11-23,Leganes,Alaves,1,0,H,SP1 (7).csv,1.4,0.8,0.5999999999999999,0
2018-11-24,West Ham,Man City,0,4,A,E0_18_19.csv,1.0,1.2,-0.19999999999999996,2
2018-11-24,Watford,Liverpool,0,3,A,E0_18_19.csv,1.0,1.8,-0.8,2
2018-11-24,Tottenham,Chelsea,3,1,H,E0_18_19.csv,1.4,1.8,-0.40000000000000013,0
2018-11-24,Man United,Crystal Palace,0,0,D,E0_18_19.csv,0.8,1.6,-0.8,1
2018-11-24,Valencia,Vallecano,3,0,H,SP1 (7).csv,1.2,1.6,-0.40000000000000013,0
2018-11-24,Fulham,Southampton,3,2,H,E0_18_19.csv,1.8,1.2,0.6000000000000001,0
2018-11-24,Brighton,Leicester,1,1,D,E0_18_19.csv,2.0,0.8,1.2,1
2018-11-24,Eibar,Real Madrid,3,0,H,SP1 (7).csv,2.0,0.6,1.4,0
2018-11-24,Ath Madrid,Barcelona,1,1,D,SP1 (7).csv,2.2,0.8,1.4000000000000001,1
2018-11-24,Everton,Cardiff,1,0,H,E0_18_19.csv,1.8,0.8,1.0,0
2018-11-24,Huesca,Levante,2,2,D,SP1 (7).csv,1.6,0.8,0.8,1
2018-11-25,Espanol,Girona,1,3,A,SP1 (7).csv,1.6,1.2,0.40000000000000013,2
2018-11-25,Sevilla,Valladolid,1,0,H,SP1 (7).csv,1.2,1.2,0.0,0
2018-11-25,Wolves,Huddersfield,0,2,A,E0_18_19.csv,1.0,1.4,-0.3999999999999999,2
2018-11-25,Villarreal,Betis,2,1,H,SP1 (7).csv,1.2,1.6,-0.40000000000000013,0
2018-11-25,Ath Bilbao,Getafe,1,1,D,SP1 (7).csv,1.0,1.4,-0.3999999999999999,1
2018-11-25,Bournemouth,Arsenal,1,2,A,E0_18_19.csv,1.0,1.2,-0.19999999999999996,2
2018-11-26,Burnley,Newcastle,1,2,A,E0_18_19.csv,1.0,1.6,-0.6000000000000001,2
2018-11-26,Sociedad,Celta,2,1,H,SP1 (7).csv,1.4,1.4,0.0,0
2018-11-30,Cardiff,Wolves,2,1,H,E0_18_19.csv,1.4,1.4,0.0,0
2018-11-30,Vallecano,Eibar,1,0,H,SP1 (7).csv,1.4,1.2,0.19999999999999996,0
2018-12-01,Man City,Bournemouth,3,1,H,E0_18_19.csv,1.8,1.0,0.8,0
2018-12-01,Celta,Huesca,2,0,H,SP1 (7).csv,2.0,0.6,1.4,0
2018-12-01,Valladolid,Leganes,2,4,A,SP1 (7).csv,2.0,1.2,0.8,2
2018-12-01,Southampton,Man United,2,2,D,E0_18_19.csv,2.0,1.4,0.6000000000000001,1
2018-12-01,Real Madrid,Valencia,2,0,H,SP1 (7).csv,2.2,1.4,0.8000000000000003,0
2018-12-01,Leicester,Watford,2,0,H,E0_18_19.csv,2.0,1.2,0.8,0
2018-12-01,Huddersfield,Brighton,1,2,A,E0_18_19.csv,1.8,1.6,0.19999999999999996,2
2018-12-01,Crystal Palace,Burnley,2,0,H,E0_18_19.csv,1.8,0.8,1.0,0
2018-12-01,Getafe,Espanol,3,0,H,SP1 (7).csv,2.0,0.4,1.6,0
2018-12-01,Newcastle,West Ham,0,3,A,E0_18_19.csv,1.6,1.0,0.6000000000000001,2
2018-12-02,Liverpool,Everton,1,0,H,E0_18_19.csv,1.4,1.0,0.3999999999999999,0
2018-12-02,Arsenal,Tottenham,4,2,H,E0_18_19.csv,2.0,1.0,1.0,0
2018-12-02,Chelsea,Fulham,2,0,H,E0_18_19.csv,2.0,1.0,1.0,0
2018-12-02,Alaves,Sevilla,1,1,D,SP1 (7).csv,1.6,1.2,0.40000000000000013,1
2018-12-02,Barcelona,Villarreal,2,0,H,SP1 (7).csv,2.0,0.6,1.4,0
2018-12-02,Betis,Sociedad,1,0,H,SP1 (7).csv,2.0,0.6,1.4,0
2018-12-02,Girona,Ath Madrid,1,1,D,SP1 (7).csv,1.4,0.4,0.9999999999999999,1
2018-12-03,Levante,Ath Bilbao,3,0,H,SP1 (7).csv,1.6,0.4,1.2000000000000002,0
2018-12-04,West Ham,Cardiff,3,1,H,E0_18_19.csv,2.0,0.4,1.6,0
2018-12-04,Watford,Man City,1,2,A,E0_18_19.csv,1.8,0.8,1.0,2
2018-12-04,Bournemouth,Huddersfield,2,1,H,E0_18_19.csv,2.0,1.0,1.0,0
2018-12-04,Brighton,Crystal Palace,3,1,H,E0_18_19.csv,2.4,1.0,1.4,0
2018-12-05,Burnley,Liverpool,1,3,A,E0_18_19.csv,2.0,1.6,0.3999999999999999,2
2018-12-05,Everton,Newcastle,1,1,D,E0_18_19.csv,1.6,1.6,0.0,1
2018-12-05,Fulham,Leicester,1,1,D,E0_18_19.csv,1.6,1.4,0.20000000000000018,1
2018-12-05,Man United,Arsenal,2,2,D,E0_18_19.csv,1.6,1.6,0.0,1
2018-12-05,Wolves,Chelsea,2,1,H,E0_18_19.csv,1.4,1.6,-0.20000000000000018,0
2018-12-05,Tottenham,Southampton,3,1,H,E0_18_19.csv,1.8,1.2,0.6000000000000001,0
2018-12-07,Leganes,Getafe,1,1,D,SP1 (7).csv,1.8,1.2,0.6000000000000001,1
2018-12-08,West Ham,Crystal Palace,3,2,H,E0_18_19.csv,2.2,1.4,0.8000000000000003,0
2018-12-08,Ath Madrid,Alaves,3,0,H,SP1 (7).csv,2.4,1.0,1.4,0
2018-12-08,Man United,Fulham,4,1,H,E0_18_19.csv,2.8,1.0,1.7999999999999998,0
2018-12-08,Chelsea,Man City,2,0,H,E0_18_19.csv,2.6,0.8,1.8,0
2018-12-08,Cardiff,Southampton,1,0,H,E0_18_19.csv,2.6,0.6,2.0,0
2018-12-08,Burnley,Brighton,1,0,H,E0_18_19.csv,2.2,0.2,2.0,0
2018-12-08,Valencia,Sevilla,1,1,D,SP1 (7).csv,1.8,0.4,1.4,1
2018-12-08,Arsenal,Huddersfield,1,0,H,E0_18_19.csv,1.2,0.2,1.0,0
2018-12-08,Villarreal,Celta,2,3,A,SP1 (7).csv,1.2,0.8,0.3999999999999999,2
2018-12-08,Espanol,Barcelona,0,4,A,SP1 (7).csv,1.0,1.6,-0.6000000000000001,2
2018-12-08,Leicester,Tottenham,0,2,A,E0_18_19.csv,0.8,2.0,-1.2,2
2018-12-08,Bournemouth,Liverpool,0,4,A,E0_18_19.csv,0.6,2.6,-2.0,2
2018-12-09,Betis,Vallecano,2,0,H,SP1 (7).csv,0.8,2.6,-1.8,0
2018-12-09,Eibar,Levante,4,4,D,SP1 (7).csv,1.2,2.8,-1.5999999999999999,1
2018-12-09,Newcastle,Wolves,1,2,A,E0_18_19.csv,1.4,2.4,-1.0,2
2018-12-09,Sociedad,Valladolid,1,2,A,SP1 (7).csv,1.6,2.4,-0.7999999999999998,2
2018-12-09,Huesca,Real Madrid,0,1,A,SP1 (7).csv,1.6,1.8,-0.19999999999999996,2
2018-12-10,Everton,Watford,2,2,D,E0_18_19.csv,1.6,2.2,-0.6000000000000001,1
2018-12-10,Ath Bilbao,Girona,1,0,H,SP1 (7).csv,1.0,1.4,-0.3999999999999999,0
2018-12-14,Celta,Leganes,0,0,D,SP1 (7).csv,0.8,1.0,-0.19999999999999996,1
2018-12-15,Tottenham,Burnley,1,0,H,E0_18_19.csv,0.8,0.6,0.20000000000000007,0
2018-12-15,Watford,Cardiff,3,2,H,E0_18_19.csv,1.4,0.8,0.5999999999999999,0
2018-12-15,Eibar,Valencia,1,1,D,SP1 (7).csv,1.2,0.6,0.6,1
2018-12-15,Getafe,Sociedad,1,0,H,SP1 (7).csv,1.2,0.6,0.6,0
2018-12-15,Real Madrid,Vallecano,1,0,H,SP1 (7).csv,1.4,0.6,0.7999999999999999,0
2018-12-15,Valladolid,Ath Madrid,2,3,A,SP1 (7).csv,1.6,1.2,0.40000000000000013,2
2018-12-15,Crystal Palace,Leicester,1,0,H,E0_18_19.csv,1.2,0.8,0.3999999999999999,0
2018-12-15,Fulham,West Ham,0,2,A,E0_18_19.csv,1.0,1.0,0.0,2
2018-12-15,Huddersfield,Newcastle,0,1,A,E0_18_19.csv,0.8,1.2,-0.3999999999999999,2
2018-12-15,Man City,Everton,3,1,H,E0_18_19.csv,1.2,1.4,-0.19999999999999996,0
2018-12-15,Wolves,Bournemouth,2,0,H,E0_18_19.csv,1.2,0.8,0.3999999999999999,0
2018-12-16,Brighton,Chelsea,1,2,A,E0_18_19.csv,1.2,1.2,0.0,2
2018-12-16,Huesca,Villarreal,2,2,D,SP1 (7).csv,1.6,1.2,0.40000000000000013,1
2018-12-16,Levante,Barcelona,0,5,A,SP1 (7).csv,1.6,2.0,-0.3999999999999999,2
2018-12-16,Espanol,Betis,1,3,A,SP1 (7).csv,1.2,2.4,-1.2,2
2018-12-16,Southampton,Arsenal,3,2,H,E0_18_19.csv,1.4,2.8,-1.4,0
2018-12-16,Sevilla,Girona,2,0,H,SP1 (7).csv,1.6,2.4,-0.7999999999999998,0
2018-12-16,Liverpool,Man United,3,1,H,E0_18_19.csv,1.8,2.2,-0.40000000000000013,0
2018-12-17,Alaves,Ath Bilbao,0,0,D,SP1 (7).csv,1.8,1.2,0.6000000000000001,1
2018-12-21,Sociedad,Alaves,0,1,A,SP1 (7).csv,1.6,0.8,0.8,2
2018-12-21,Girona,Getafe,1,1,D,SP1 (7).csv,1.2,0.6,0.6,1
2018-12-21,Wolves,Liverpool,0,2,A,E0_18_19.csv,0.8,1.0,-0.19999999999999996,2
2018-12-22,Newcastle,Fulham,0,0,D,E0_18_19.csv,0.2,0.8,-0.6000000000000001,1
2018-12-22,Huddersfield,Southampton,1,3,A,E0_18_19.csv,0.4,1.4,-0.9999999999999999,2
2018-12-22,Chelsea,Leicester,0,1,A,E0_18_19.csv,0.4,1.4,-0.9999999999999999,2
2018-12-22,Cardiff,Man United,1,5,A,E0_18_19.csv,0.4,2.2,-1.8000000000000003,2
2018-12-22,Bournemouth,Brighton,2,0,H,E0_18_19.csv,0.8,1.8,-1.0,0
2018-12-22,Barcelona,Celta,2,0,H,SP1 (7).csv,1.2,1.8,-0.6000000000000001,0
2018-12-22,Ath Bilbao,Valladolid,1,1,D,SP1 (7).csv,1.2,1.4,-0.19999999999999996,1
2018-12-22,Ath Madrid,Espanol,1,0,H,SP1 (7).csv,1.4,1.2,0.19999999999999996,0
2018-12-22,West Ham,Watford,0,2,A,E0_18_19.csv,1.2,0.6,0.6,2
2018-12-22,Betis,Eibar,1,1,D,SP1 (7).csv,1.0,0.8,0.19999999999999996,1
2018-12-22,Man City,Crystal Palace,2,3,A,E0_18_19.csv,1.0,1.4,-0.3999999999999999,2
2018-12-22,Arsenal,Burnley,3,1,H,E0_18_19.csv,1.4,1.4,0.0,0
2018-12-23,Everton,Tottenham,2,6,A,E0_18_19.csv,1.6,2.6,-1.0,2
2018-12-23,Vallecano,Levante,2,1,H,SP1 (7).csv,2.0,2.4,-0.3999999999999999,0
2018-12-23,Leganes,Sevilla,1,1,D,SP1 (7).csv,2.0,2.4,-0.3999999999999999,1
2018-12-23,Valencia,Huesca,2,1,H,SP1 (7).csv,2.0,2.0,0.0,0
2018-12-26,Burnley,Everton,1,5,A,E0_18_19.csv,1.6,2.8,-1.1999999999999997,2
2018-12-26,Crystal Palace,Cardiff,0,0,D,E0_18_19.csv,1.2,1.6,-0.40000000000000013,1
2018-12-26,Fulham,Wolves,1,1,D,E0_18_19.csv,1.0,1.6,-0.6000000000000001,1
2018-12-26,Leicester,Man City,2,1,H,E0_18_19.csv,1.2,1.6,-0.40000000000000013,0
2018-12-26,Liverpool,Newcastle,4,0,H,E0_18_19.csv,1.6,1.4,0.20000000000000018,0
2018-12-26,Man United,Huddersfield,3,1,H,E0_18_19.csv,2.0,0.6,1.4,0
2018-12-26,Tottenham,Bournemouth,5,0,H,E0_18_19.csv,3.0,0.6,2.4,0
2018-12-26,Watford,Chelsea,1,2,A,E0_18_19.csv,3.0,0.8,2.2,2
2018-12-26,Brighton,Arsenal,1,1,D,E0_18_19.csv,2.8,0.8,1.9999999999999998,1
2018-12-27,Southampton,West Ham,1,2,A,E0_18_19.csv,2.2,1.2,1.0000000000000002,2
2018-12-29,Brighton,Everton,1,0,H,E0_18_19.csv,1.8,1.0,0.8,0
2018-12-29,Leicester,Cardiff,0,1,A,E0_18_19.csv,0.8,1.2,-0.3999999999999999,2
2018-12-29,Liverpool,Arsenal,5,1,H,E0_18_19.csv,1.6,1.0,0.6000000000000001,0
2018-12-29,Fulham,Huddersfield,1,0,H,E0_18_19.csv,1.6,0.8,0.8,0
2018-12-29,Watford,Newcastle,1,1,D,E0_18_19.csv,1.6,0.6,1.0,1
2018-12-29,Tottenham,Wolves,1,3,A,E0_18_19.csv,1.6,1.2,0.40000000000000013,2
2018-12-30,Crystal Palace,Chelsea,0,1,A,E0_18_19.csv,1.6,1.2,0.40000000000000013,2
2018-12-30,Man United,Bournemouth,4,1,H,E0_18_19.csv,1.4,1.2,0.19999999999999996,0
2018-12-30,Southampton,Man City,1,3,A,E0_18_19.csv,1.4,1.8,-0.40000000000000013,2
2018-12-30,Burnley,West Ham,2,0,H,E0_18_19.csv,1.6,1.6,0.0,0
2019-01-01,Cardiff,Tottenham,0,3,A,E0_18_19.csv,1.4,1.6,-0.20000000000000018,2
2019-01-01,Arsenal,Fulham,4,1,H,E0_18_19.csv,2.2,1.6,0.6000000000000001,0
2019-01-01,Everton,Leicester,0,1,A,E0_18_19.csv,1.4,1.6,-0.20000000000000018,2
2019-01-02,Newcastle,Man United,0,2,A,E0_18_19.csv,1.2,1.4,-0.19999999999999996,2
2019-01-02,Huddersfield,Burnley,1,2,A,E0_18_19.csv,1.0,1.8,-0.8,2
2019-01-02,West Ham,Brighton,2,2,D,E0_18_19.csv,1.4,1.6,-0.20000000000000018,1
2019-01-02,Bournemouth,Watford,3,3,D,E0_18_19.csv,1.2,2.0,-0.8,1
2019-01-02,Wolves,Crystal Palace,0,2,A,E0_18_19.csv,1.2,2.2,-1.0000000000000002,2
2019-01-02,Chelsea,Southampton,0,0,D,E0_18_19.csv,1.2,1.8,-0.6000000000000001,1
2019-01-03,Villarreal,Real Madrid,2,2,D,SP1 (7).csv,1.4,1.8,-0.40000000000000013,1
2019-01-03,Man City,Liverpool,2,1,H,E0_18_19.csv,1.4,1.6,-0.20000000000000018,0
2019-01-04,Espanol,Leganes,1,0,H,SP1 (7).csv,1.0,1.0,0.0,0
2019-01-04,Levante,Girona,2,2,D,SP1 (7).csv,1.4,1.0,0.3999999999999999,1
2019-01-05,Alaves,Valencia,2,1,H,SP1 (7).csv,1.8,1.2,0.6000000000000001,0
2019-01-05,Huesca,Betis,2,1,H,SP1 (7).csv,1.8,1.0,0.8,0
2019-01-05,Valladolid,Vallecano,0,1,A,SP1 (7).csv,1.4,1.0,0.3999999999999999,2
2019-01-06,Real Madrid,Sociedad,0,2,A,SP1 (7).csv,1.2,1.4,-0.19999999999999996,2
2019-01-06,Sevilla,Ath Madrid,1,1,D,SP1 (7).csv,1.0,1.2,-0.19999999999999996,1
2019-01-06,Getafe,Barcelona,1,2,A,SP1 (7).csv,0.8,1.4,-0.5999999999999999,2
2019-01-06,Eibar,Villarreal,0,0,D,SP1 (7).csv,0.4,1.2,-0.7999999999999999,1
2019-01-07,Celta,Ath Bilbao,1,2,A,SP1 (7).csv,0.6,1.4,-0.7999999999999999,2
2019-01-11,Vallecano,Celta,4,2,H,SP1 (7).csv,1.4,1.4,0.0,0
2019-01-12,Girona,Alaves,1,1,D,SP1 (7).csv,1.4,1.4,0.0,1
2019-01-12,Valencia,Valladolid,1,1,D,SP1 (7).csv,1.4,1.2,0.19999999999999996,1
2019-01-12,Leganes,Huesca,1,0,H,SP1 (7).csv,1.6,1.2,0.40000000000000013,0
2019-01-12,Crystal Palace,Watford,1,2,A,E0_18_19.csv,1.6,1.2,0.40000000000000013,2
2019-01-12,Chelsea,Newcastle,2,1,H,E0_18_19.csv,1.2,1.0,0.19999999999999996,0
2019-01-12,Brighton,Liverpool,0,1,A,E0_18_19.csv,1.0,1.0,0.0,2
2019-01-12,Villarreal,Getafe,1,2,A,SP1 (7).csv,1.0,1.2,-0.19999999999999996,2
2019-01-12,West Ham,Arsenal,1,0,H,E0_18_19.csv,1.0,1.2,-0.19999999999999996,0
2019-01-12,Leicester,Southampton,1,2,A,E0_18_19.csv,1.0,1.2,-0.19999999999999996,2
2019-01-12,Cardiff,Huddersfield,0,0,D,E0_18_19.csv,0.6,1.0,-0.4,1
2019-01-12,Burnley,Fulham,2,1,H,E0_18_19.csv,1.0,1.0,0.0,0
2019-01-13,Everton,Bournemouth,2,0,H,E0_18_19.csv,1.2,0.6,0.6,0
2019-01-13,Tottenham,Man United,0,1,A,E0_18_19.csv,1.0,0.8,0.19999999999999996,2
2019-01-13,Betis,Real Madrid,1,2,A,SP1 (7).csv,1.0,0.8,0.19999999999999996,2
2019-01-13,Barcelona,Eibar,3,0,H,SP1 (7).csv,1.6,0.8,0.8,0
2019-01-13,Ath Madrid,Levante,1,0,H,SP1 (7).csv,1.4,0.6,0.7999999999999999,0
2019-01-13,Ath Bilbao,Sevilla,2,0,H,SP1 (7).csv,1.4,0.6,0.7999999999999999,0
2019-01-14,Man City,Wolves,3,0,H,E0_18_19.csv,2.0,0.4,1.6,0
2019-01-14,Sociedad,Espanol,3,2,H,SP1 (7).csv,2.4,0.4,2.0,0
2019-01-18,Getafe,Alaves,4,0,H,SP1 (7).csv,2.6,0.4,2.2,0
2019-01-19,Real Madrid,Sevilla,2,0,H,SP1 (7).csv,2.8,0.4,2.4,0
2019-01-19,Huesca,Ath Madrid,0,3,A,SP1 (7).csv,2.4,1.0,1.4,2
2019-01-19,Celta,Valencia,1,2,A,SP1 (7).csv,2.0,1.4,0.6000000000000001,2
2019-01-19,Wolves,Leicester,4,3,H,E0_18_19.csv,2.2,1.6,0.6000000000000001,0
2019-01-19,Watford,Burnley,0,0,D,E0_18_19.csv,1.4,1.6,-0.20000000000000018,1
2019-01-19,Southampton,Everton,2,1,H,E0_18_19.csv,1.4,1.8,-0.40000000000000013,0
2019-01-19,Newcastle,Cardiff,3,0,H,E0_18_19.csv,2.0,1.2,0.8,0
2019-01-19,Man United,Brighton,2,1,H,E0_18_19.csv,2.2,1.0,1.2000000000000002,0
2019-01-19,Liverpool,Crystal Palace,4,3,H,E0_18_19.csv,2.2,1.0,1.2000000000000002,0
2019-01-19,Bournemouth,West Ham,2,0,H,E0_18_19.csv,2.6,1.0,1.6,0
2019-01-19,Arsenal,Chelsea,2,0,H,E0_18_19.csv,2.6,0.8,1.8,0
2019-01-20,Betis,Girona,3,2,H,SP1 (7).csv,2.6,1.2,1.4000000000000001,0
2019-01-20,Barcelona,Leganes,3,1,H,SP1 (7).csv,2.8,1.2,1.5999999999999999,0
2019-01-20,Villarreal,Ath Bilbao,1,1,D,SP1 (7).csv,2.2,0.8,1.4000000000000001,1
2019-01-20,Fulham,Tottenham,1,2,A,E0_18_19.csv,2.0,1.2,0.8,2
2019-01-20,Levante,Valladolid,2,0,H,SP1 (7).csv,2.0,1.2,0.8,0
2019-01-20,Huddersfield,Man City,0,3,A,E0_18_19.csv,1.4,1.4,0.0,2
2019-01-20,Vallecano,Sociedad,2,2,D,SP1 (7).csv,1.2,1.6,-0.40000000000000013,1
2019-01-21,Eibar,Espanol,3,0,H,SP1 (7).csv,1.6,1.4,0.20000000000000018,0
2019-01-26,Ath Madrid,Getafe,2,0,H,SP1 (7).csv,1.8,1.0,0.8,0
2019-01-26,Leganes,Eibar,2,2,D,SP1 (7).csv,1.8,1.4,0.40000000000000013,1
2019-01-26,Sevilla,Levante,5,0,H,SP1 (7).csv,2.8,0.8,1.9999999999999998,0
2019-01-26,Valencia,Villarreal,3,0,H,SP1 (7).csv,3.0,0.4,2.6,0
2019-01-27,Valladolid,Celta,2,1,H,SP1 (7).csv,2.8,0.6,2.1999999999999997,0
2019-01-27,Ath Bilbao,Betis,1,0,H,SP1 (7).csv,2.6,0.6,2.0,0
2019-01-27,Espanol,Real Madrid,2,4,A,SP1 (7).csv,2.6,1.0,1.6,2
2019-01-27,Sociedad,Huesca,0,0,D,SP1 (7).csv,1.6,1.0,0.6000000000000001,1
2019-01-27,Girona,Barcelona,0,2,A,SP1 (7).csv,1.0,1.4,-0.3999999999999999,2
2019-01-28,Alaves,Vallecano,0,1,A,SP1 (7).csv,0.6,1.4,-0.7999999999999999,2
2019-01-29,Arsenal,Cardiff,2,1,H,E0_18_19.csv,0.8,1.6,-0.8,0
2019-01-29,Fulham,Brighton,4,2,H,E0_18_19.csv,1.2,1.2,0.0,0
2019-01-29,Huddersfield,Everton,0,1,A,E0_18_19.csv,1.2,1.4,-0.19999999999999996,2
2019-01-29,Newcastle,Man City,2,1,H,E0_18_19.csv,1.6,1.2,0.40000000000000013,0
2019-01-29,Wolves,West Ham,3,0,H,E0_18_19.csv,2.2,1.0,1.2000000000000002,0
2019-01-29,Man United,Burnley,2,2,D,E0_18_19.csv,2.2,1.2,1.0000000000000002,1
2019-01-30,Bournemouth,Chelsea,4,0,H,E0_18_19.csv,2.2,0.8,1.4000000000000001,0
2019-01-30,Southampton,Crystal Palace,1,1,D,E0_18_19.csv,2.4,0.8,1.5999999999999999,1
2019-01-30,Liverpool,Leicester,1,1,D,E0_18_19.csv,2.2,0.8,1.4000000000000001,1
2019-01-30,Tottenham,Watford,2,1,H,E0_18_19.csv,2.0,1.0,1.0,0
2019-02-01,Huesca,Valladolid,4,0,H,SP1 (7).csv,2.4,0.6,1.7999999999999998,0
2019-02-02,Chelsea,Huddersfield,5,0,H,E0_18_19.csv,2.6,0.6,2.0,0
2019-02-02,Celta,Sevilla,1,0,H,SP1 (7).csv,2.6,0.4,2.2,0
2019-02-02,Barcelona,Valencia,2,2,D,SP1 (7).csv,2.8,0.6,2.1999999999999997,1
2019-02-02,Sociedad,Ath Bilbao,2,1,H,SP1 (7).csv,2.8,0.6,2.1999999999999997,0
2019-02-02,Everton,Wolves,1,3,A,E0_18_19.csv,2.2,1.2,1.0000000000000002,2
2019-02-02,Brighton,Watford,0,0,D,E0_18_19.csv,1.2,1.2,0.0,1
2019-02-02,Burnley,Southampton,1,1,D,E0_18_19.csv,1.2,1.4,-0.19999999999999996,1
2019-02-02,Cardiff,Bournemouth,2,0,H,E0_18_19.csv,1.2,1.0,0.19999999999999996,0
2019-02-02,Tottenham,Newcastle,1,0,H,E0_18_19.csv,1.0,0.8,0.19999999999999996,0
2019-02-02,Levante,Getafe,0,0,D,SP1 (7).csv,0.8,0.2,0.6000000000000001,1
2019-02-02,Crystal Palace,Fulham,2,0,H,E0_18_19.csv,1.2,0.2,1.0,0
2019-02-03,Betis,Ath Madrid,1,0,H,SP1 (7).csv,1.2,0.0,1.2,0
2019-02-03,Real Madrid,Alaves,3,0,H,SP1 (7).csv,1.4,0.0,1.4,0
2019-02-03,Man City,Arsenal,3,1,H,E0_18_19.csv,1.8,0.2,1.6,0
2019-02-03,Eibar,Girona,3,0,H,SP1 (7).csv,2.4,0.2,2.1999999999999997,0
2019-02-03,Villarreal,Espanol,2,2,D,SP1 (7).csv,2.4,0.6,1.7999999999999998,1
2019-02-03,Leicester,Man United,0,1,A,E0_18_19.csv,2.2,0.8,1.4000000000000001,2
2019-02-04,Vallecano,Leganes,1,2,A,SP1 (7).csv,1.8,1.2,0.6000000000000001,2
2019-02-04,West Ham,Liverpool,1,1,D,E0_18_19.csv,1.4,1.2,0.19999999999999996,1
2019-02-06,Everton,Man City,0,2,A,E0_18_19.csv,0.8,1.6,-0.8,2
2019-02-08,Valladolid,Villarreal,0,0,D,SP1 (7).csv,0.4,1.2,-0.7999999999999999,1
2019-02-09,Girona,Huesca,0,2,A,SP1 (7).csv,0.4,1.4,-0.9999999999999999,2
2019-02-09,Brighton,Burnley,1,3,A,E0_18_19.csv,0.4,1.6,-1.2000000000000002,2
2019-02-09,Crystal Palace,West Ham,1,1,D,E0_18_19.csv,0.4,1.6,-1.2000000000000002,1
2019-02-09,Huddersfield,Arsenal,1,2,A,E0_18_19.csv,0.6,1.6,-1.0,2
2019-02-09,Liverpool,Bournemouth,3,0,H,E0_18_19.csv,1.2,1.6,-0.40000000000000013,0
2019-02-09,Fulham,Man United,0,3,A,E0_18_19.csv,1.2,1.8,-0.6000000000000001,2
2019-02-09,Ath Madrid,Real Madrid,1,3,A,SP1 (7).csv,1.2,1.8,-0.6000000000000001,2
2019-02-09,Watford,Everton,1,0,H,E0_18_19.csv,1.2,1.6,-0.40000000000000013,0
2019-02-09,Espanol,Vallecano,2,1,H,SP1 (7).csv,1.4,1.4,0.0,0
2019-02-09,Getafe,Celta,3,1,H,SP1 (7).csv,1.4,1.6,-0.20000000000000018,0
2019-02-09,Southampton,Cardiff,1,2,A,E0_18_19.csv,1.6,1.4,0.20000000000000018,2
2019-02-10,Valencia,Sociedad,0,0,D,SP1 (7).csv,1.4,0.8,0.5999999999999999,1
2019-02-10,Sevilla,Eibar,2,2,D,SP1 (7).csv,1.6,1.2,0.40000000000000013,1
2019-02-10,Leganes,Betis,3,0,H,SP1 (7).csv,1.8,1.0,0.8,0
2019-02-10,Man City,Chelsea,6,0,H,E0_18_19.csv,2.4,0.8,1.5999999999999999,0
2019-02-10,Tottenham,Leicester,3,1,H,E0_18_19.csv,2.8,0.6,2.1999999999999997,0
2019-02-10,Ath Bilbao,Barcelona,0,0,D,SP1 (7).csv,2.8,0.6,2.1999999999999997,1
2019-02-11,Wolves,Newcastle,1,1,D,E0_18_19.csv,2.6,0.4,2.2,1
2019-02-11,Alaves,Levante,2,0,H,SP1 (7).csv,2.4,0.4,2.0,0
2019-02-15,Eibar,Getafe,2,2,D,SP1 (7).csv,1.6,0.8,0.8,1
2019-02-16,Celta,Levante,1,4,A,SP1 (7).csv,1.2,1.4,-0.19999999999999996,2
2019-02-16,Vallecano,Ath Madrid,0,1,A,SP1 (7).csv,1.2,1.6,-0.40000000000000013,2
2019-02-16,Sociedad,Leganes,3,0,H,SP1 (7).csv,1.6,1.4,0.20000000000000018,0
2019-02-16,Barcelona,Valladolid,1,0,H,SP1 (7).csv,1.4,1.4,0.0,0
2019-02-17,Villarreal,Sevilla,3,0,H,SP1 (7).csv,1.6,1.0,0.6000000000000001,0
2019-02-17,Real Madrid,Girona,1,2,A,SP1 (7).csv,1.6,0.6,1.0,2
2019-02-17,Valencia,Espanol,0,0,D,SP1 (7).csv,1.6,0.4,1.2000000000000002,1
2019-02-17,Betis,Alaves,1,1,D,SP1 (7).csv,1.2,0.6,0.6,1
2019-02-18,Huesca,Ath Bilbao,0,1,A,SP1 (7).csv,1.0,0.8,0.19999999999999996,2
2019-02-22,West Ham,Fulham,3,1,H,E0_18_19.csv,1.0,1.0,0.0,0
2019-02-22,Cardiff,Watford,1,5,A,E0_18_19.csv,1.0,1.6,-0.6000000000000001,2
2019-02-22,Espanol,Huesca,1,1,D,SP1 (7).csv,1.2,1.8,-0.6000000000000001,1
2019-02-23,Alaves,Celta,0,0,D,SP1 (7).csv,1.0,1.6,-0.6000000000000001,1
2019-02-23,Ath Bilbao,Eibar,1,0,H,SP1 (7).csv,1.2,1.4,-0.19999999999999996,0
2019-02-23,Getafe,Vallecano,2,1,H,SP1 (7).csv,1.0,1.4,-0.3999999999999999,0
2019-02-23,Sevilla,Barcelona,2,4,A,SP1 (7).csv,1.2,1.2,0.0,2
2019-02-23,Bournemouth,Wolves,1,1,D,E0_18_19.csv,1.2,1.2,0.0,1
2019-02-23,Newcastle,Huddersfield,2,0,H,E0_18_19.csv,1.6,1.2,0.40000000000000013,0
2019-02-23,Leicester,Crystal Palace,1,4,A,E0_18_19.csv,1.6,2.0,-0.3999999999999999,2
2019-02-23,Burnley,Tottenham,2,1,H,E0_18_19.csv,1.6,2.0,-0.3999999999999999,0
2019-02-24,Ath Madrid,Villarreal,2,0,H,SP1 (7).csv,1.6,1.2,0.40000000000000013,0
2019-02-24,Valladolid,Betis,0,2,A,SP1 (7).csv,1.4,1.4,0.0,2
2019-02-24,Man United,Liverpool,0,0,D,E0_18_19.csv,1.0,1.4,-0.3999999999999999,1
2019-02-24,Leganes,Valencia,1,1,D,SP1 (7).csv,1.0,0.8,0.19999999999999996,1
2019-02-24,Arsenal,Southampton,2,0,H,E0_18_19.csv,1.0,0.6,0.4,0
2019-02-24,Levante,Real Madrid,1,2,A,SP1 (7).csv,0.8,1.0,-0.19999999999999996,2
2019-02-25,Girona,Sociedad,0,0,D,SP1 (7).csv,0.8,0.6,0.20000000000000007,1
2019-02-26,Huddersfield,Wolves,1,0,H,E0_18_19.csv,1.0,0.6,0.4,0
2019-02-26,Leicester,Brighton,2,1,H,E0_18_19.csv,1.2,0.6,0.6,0
2019-02-26,Newcastle,Burnley,2,0,H,E0_18_19.csv,1.2,0.6,0.6,0
2019-02-26,Cardiff,Everton,0,3,A,E0_18_19.csv,1.0,0.8,0.19999999999999996,2
2019-02-27,Liverpool,Watford,5,0,H,E0_18_19.csv,2.0,0.8,1.2,0
2019-02-27,Chelsea,Tottenham,2,0,H,E0_18_19.csv,2.2,0.8,1.4000000000000001,0
2019-02-27,Crystal Palace,Man United,1,3,A,E0_18_19.csv,2.0,1.2,0.8,2
2019-02-27,Man City,West Ham,1,0,H,E0_18_19.csv,1.8,1.2,0.6000000000000001,0
2019-02-27,Southampton,Fulham,2,0,H,E0_18_19.csv,2.2,0.6,1.6,0
2019-02-27,Arsenal,Bournemouth,5,1,H,E0_18_19.csv,2.2,0.8,1.4000000000000001,0
2019-03-01,Vallecano,Girona,0,2,A,SP1 (7).csv,1.8,1.2,0.6000000000000001,2
2019-03-02,Villarreal,Alaves,1,2,A,SP1 (7).csv,1.8,1.0,0.8,2
2019-03-02,Man United,Southampton,3,2,H,E0_18_19.csv,2.2,1.4,0.8000000000000003,0
2019-03-02,Huesca,Sevilla,2,1,H,SP1 (7).csv,2.2,1.6,0.6000000000000001,0
2019-03-02,Real Madrid,Barcelona,0,1,A,SP1 (7).csv,1.2,1.6,-0.40000000000000013,2
2019-03-02,Wolves,Cardiff,2,0,H,E0_18_19.csv,1.6,1.2,0.40000000000000013,0
2019-03-02,Espanol,Valladolid,3,1,H,SP1 (7).csv,2.0,1.0,1.0,0
2019-03-02,Tottenham,Arsenal,1,1,D,E0_18_19.csv,1.6,0.8,0.8,1
2019-03-02,Burnley,Crystal Palace,1,3,A,E0_18_19.csv,1.4,1.2,0.19999999999999996,2
2019-03-02,Brighton,Huddersfield,1,0,H,E0_18_19.csv,1.6,1.0,0.6000000000000001,0
2019-03-02,Bournemouth,Man City,0,1,A,E0_18_19.csv,1.2,1.2,0.0,2
2019-03-02,West Ham,Newcastle,2,0,H,E0_18_19.csv,1.0,1.0,0.0,0
2019-03-03,Betis,Getafe,1,2,A,SP1 (7).csv,1.0,1.2,-0.19999999999999996,2
2019-03-03,Sociedad,Ath Madrid,0,2,A,SP1 (7).csv,0.8,1.0,-0.19999999999999996,2
2019-03-03,Fulham,Chelsea,1,2,A,E0_18_19.csv,0.8,1.4,-0.5999999999999999,2
2019-03-03,Everton,Liverpool,0,0,D,E0_18_19.csv,0.8,1.2,-0.3999999999999999,1
2019-03-03,Valencia,Ath Bilbao,2,0,H,SP1 (7).csv,0.8,1.2,-0.3999999999999999,0
2019-03-03,Eibar,Celta,1,0,H,SP1 (7).csv,0.8,0.8,0.0,0
2019-03-03,Watford,Leicester,2,1,H,E0_18_19.csv,1.2,0.6,0.6,0
2019-03-04,Leganes,Levante,1,0,H,SP1 (7).csv,1.2,0.2,1.0,0
2019-03-08,Ath Bilbao,Espanol,1,1,D,SP1 (7).csv,1.4,0.4,0.9999999999999999,1
2019-03-09,Alaves,Eibar,1,1,D,SP1 (7).csv,1.2,0.6,0.6,1
2019-03-09,Getafe,Huesca,2,1,H,SP1 (7).csv,1.4,0.8,0.5999999999999999,0
2019-03-09,Barcelona,Vallecano,3,1,H,SP1 (7).csv,1.6,0.8,0.8,0
2019-03-09,Ath Madrid,Leganes,1,0,H,SP1 (7).csv,1.6,0.8,0.8,0
2019-03-09,Man City,Watford,3,1,H,E0_18_19.csv,2.0,0.8,1.2,0
2019-03-09,Huddersfield,Bournemouth,0,2,A,E0_18_19.csv,1.8,1.0,0.8,2
2019-03-09,Southampton,Tottenham,2,1,H,E0_18_19.csv,1.8,1.0,0.8,0
2019-03-09,Newcastle,Everton,3,2,H,E0_18_19.csv,1.8,1.2,0.6000000000000001,0
2019-03-09,Cardiff,West Ham,2,0,H,E0_18_19.csv,2.0,1.2,0.8,0
2019-03-09,Crystal Palace,Brighton,1,2,A,E0_18_19.csv,1.6,1.4,0.20000000000000018,2
2019-03-09,Leicester,Fulham,3,1,H,E0_18_19.csv,2.2,1.2,1.0000000000000002,0
2019-03-10,Valladolid,Real Madrid,1,4,A,SP1 (7).csv,2.0,1.8,0.19999999999999996,2
2019-03-10,Chelsea,Wolves,1,1,D,E0_18_19.csv,1.6,1.6,0.0,1
2019-03-10,Arsenal,Man United,2,0,H,E0_18_19.csv,1.6,1.6,0.0,0
2019-03-10,Sevilla,Sociedad,5,2,H,SP1 (7).csv,2.4,1.6,0.7999999999999998,0
2019-03-10,Levante,Villarreal,0,2,A,SP1 (7).csv,1.8,1.8,0.0,2
2019-03-10,Celta,Betis,0,1,A,SP1 (7).csv,1.6,1.2,0.40000000000000013,2
2019-03-10,Liverpool,Burnley,4,2,H,E0_18_19.csv,2.2,1.4,0.8000000000000003,0
2019-03-10,Girona,Valencia,2,3,A,SP1 (7).csv,2.2,2.0,0.20000000000000018,2
2019-03-15,Sociedad,Levante,1,1,D,SP1 (7).csv,1.4,1.8,-0.40000000000000013,1
2019-03-16,Leganes,Girona,0,2,A,SP1 (7).csv,1.4,1.8,-0.40000000000000013,2
2019-03-16,Bournemouth,Newcastle,2,2,D,E0_18_19.csv,1.8,2.0,-0.19999999999999996,1
2019-03-16,Burnley,Leicester,1,2,A,E0_18_19.csv,1.2,2.0,-0.8,2
2019-03-16,West Ham,Huddersfield,4,3,H,E0_18_19.csv,1.6,2.0,-0.3999999999999999,0
2019-03-16,Ath Bilbao,Ath Madrid,2,0,H,SP1 (7).csv,1.8,1.8,0.0,0
2019-03-16,Real Madrid,Celta,2,0,H,SP1 (7).csv,2.2,1.4,0.8000000000000003,0
2019-03-16,Huesca,Alaves,1,3,A,SP1 (7).csv,2.0,1.6,0.3999999999999999,2
2019-03-17,Villarreal,Vallecano,3,1,H,SP1 (7).csv,2.4,1.4,1.0,0
2019-03-17,Betis,Barcelona,1,4,A,SP1 (7).csv,1.8,1.6,0.19999999999999996,2
2019-03-17,Eibar,Valladolid,1,2,A,SP1 (7).csv,1.6,2.0,-0.3999999999999999,2
2019-03-17,Fulham,Liverpool,1,2,A,E0_18_19.csv,1.4,2.4,-1.0,2
2019-03-17,Valencia,Getafe,0,0,D,SP1 (7).csv,1.2,1.8,-0.6000000000000001,1
2019-03-17,Everton,Chelsea,2,0,H,E0_18_19.csv,1.0,1.6,-0.6000000000000001,0
2019-03-17,Espanol,Sevilla,0,1,A,SP1 (7).csv,0.8,1.0,-0.19999999999999996,2
2019-03-29,Girona,Ath Bilbao,1,2,A,SP1 (7).csv,0.8,1.0,-0.19999999999999996,2
2019-03-30,Celta,Villarreal,3,2,H,SP1 (7).csv,1.2,1.0,0.19999999999999996,0
2019-03-30,Burnley,Wolves,2,0,H,E0_18_19.csv,1.6,1.0,0.6000000000000001,0
2019-03-30,Alaves,Ath Madrid,0,4,A,SP1 (7).csv,1.2,1.8,-0.6000000000000001,2
2019-03-30,Barcelona,Espanol,2,0,H,SP1 (7).csv,1.6,1.6,0.0,0
2019-03-30,Getafe,Leganes,0,2,A,SP1 (7).csv,1.4,1.6,-0.20000000000000018,2
2019-03-30,Leicester,Bournemouth,2,0,H,E0_18_19.csv,1.2,1.2,0.0,0
2019-03-30,Man United,Watford,2,1,H,E0_18_19.csv,1.2,1.4,-0.19999999999999996,0
2019-03-30,Fulham,Man City,0,2,A,E0_18_19.csv,1.2,1.0,0.19999999999999996,2
2019-03-30,Crystal Palace,Huddersfield,2,0,H,E0_18_19.csv,1.2,1.0,0.19999999999999996,0
2019-03-30,Brighton,Southampton,0,1,A,E0_18_19.csv,1.2,0.8,0.3999999999999999,2
2019-03-30,West Ham,Everton,0,2,A,E0_18_19.csv,0.8,1.2,-0.3999999999999999,2
2019-03-31,Levante,Eibar,2,2,D,SP1 (7).csv,0.8,1.4,-0.5999999999999999,1
2019-03-31,Sevilla,Valencia,0,1,A,SP1 (7).csv,0.8,1.2,-0.3999999999999999,2
2019-03-31,Valladolid,Sociedad,1,1,D,SP1 (7).csv,0.6,1.4,-0.7999999999999999,1
2019-03-31,Real Madrid,Huesca,3,2,H,SP1 (7).csv,1.2,1.6,-0.40000000000000013,0
2019-03-31,Liverpool,Tottenham,2,1,H,E0_18_19.csv,1.6,1.4,0.20000000000000018,0
2019-03-31,Cardiff,Chelsea,1,2,A,E0_18_19.csv,1.4,1.4,0.0,2
2019-03-31,Vallecano,Betis,1,1,D,SP1 (7).csv,1.6,1.4,0.20000000000000018,1
2019-04-01,Arsenal,Newcastle,2,0,H,E0_18_19.csv,1.8,1.2,0.6000000000000001,0
2019-04-02,Ath Madrid,Girona,2,0,H,SP1 (7).csv,1.6,0.8,0.8,0
2019-04-02,Wolves,Man United,2,1,H,E0_18_19.csv,1.6,0.8,0.8,0
2019-04-02,Watford,Fulham,4,1,H,E0_18_19.csv,2.2,0.6,1.6,0
2019-04-02,Villarreal,Barcelona,4,4,D,SP1 (7).csv,2.8,1.2,1.5999999999999999,1
2019-04-02,Espanol,Getafe,1,1,D,SP1 (7).csv,2.6,1.4,1.2000000000000002,1
2019-04-03,Ath Bilbao,Levante,3,2,H,SP1 (7).csv,2.8,1.8,0.9999999999999998,0
2019-04-03,Valencia,Real Madrid,2,1,H,SP1 (7).csv,2.8,1.8,0.9999999999999998,0
2019-04-03,Huesca,Celta,3,3,D,SP1 (7).csv,2.6,2.2,0.3999999999999999,1
2019-04-03,Eibar,Vallecano,2,1,H,SP1 (7).csv,2.2,1.6,0.6000000000000001,0
2019-04-03,Man City,Cardiff,2,0,H,E0_18_19.csv,2.4,1.4,1.0,0
2019-04-03,Tottenham,Crystal Palace,2,0,H,E0_18_19.csv,2.2,1.0,1.2000000000000002,0
2019-04-03,Chelsea,Brighton,3,0,H,E0_18_19.csv,2.4,0.8,1.5999999999999999,0
2019-04-04,Leganes,Valladolid,1,0,H,SP1 (7).csv,2.0,0.2,1.8,0
2019-04-04,Sevilla,Alaves,2,0,H,SP1 (7).csv,2.0,0.0,2.0,0
2019-04-04,Sociedad,Betis,2,1,H,SP1 (7).csv,2.0,0.2,1.8,0
2019-04-05,Southampton,Liverpool,1,3,A,E0_18_19.csv,1.8,0.8,1.0,2
2019-04-06,Girona,Espanol,1,2,A,SP1 (7).csv,1.4,1.2,0.19999999999999996,2
2019-04-06,Newcastle,Crystal Palace,0,1,A,E0_18_19.csv,1.2,1.4,-0.19999999999999996,2
2019-04-06,Vallecano,Valencia,2,0,H,SP1 (7).csv,1.2,1.4,-0.19999999999999996,0
2019-04-06,Barcelona,Ath Madrid,2,0,H,SP1 (7).csv,1.2,1.2,0.0,0
2019-04-06,Real Madrid,Eibar,2,1,H,SP1 (7).csv,1.4,0.8,0.5999999999999999,0
2019-04-06,Bournemouth,Burnley,1,3,A,E0_18_19.csv,1.4,1.0,0.3999999999999999,2
2019-04-06,Huddersfield,Leicester,1,4,A,E0_18_19.csv,1.6,1.6,0.0,2
2019-04-07,Alaves,Leganes,1,1,D,SP1 (7).csv,1.4,1.8,-0.40000000000000013,1
2019-04-07,Getafe,Ath Bilbao,1,0,H,SP1 (7).csv,1.2,1.8,-0.6000000000000001,0
2019-04-07,Levante,Huesca,2,2,D,SP1 (7).csv,1.2,2.0,-0.8,1
2019-04-07,Valladolid,Sevilla,0,2,A,SP1 (7).csv,1.0,1.8,-0.8,2
2019-04-07,Everton,Arsenal,1,0,H,E0_18_19.csv,1.0,1.0,0.0,0
2019-04-07,Celta,Sociedad,3,1,H,SP1 (7).csv,1.4,1.0,0.3999999999999999,0
2019-04-07,Betis,Villarreal,2,1,H,SP1 (7).csv,1.6,1.2,0.40000000000000013,0
2019-04-08,Chelsea,West Ham,2,0,H,E0_18_19.csv,1.6,0.8,0.8,0
2019-04-12,Leicester,Newcastle,0,1,A,E0_18_19.csv,1.6,0.6,1.0,2
2019-04-13,Burnley,Cardiff,2,0,H,E0_18_19.csv,1.8,0.6,1.2000000000000002,0
2019-04-13,Southampton,Wolves,3,1,H,E0_18_19.csv,1.8,0.6,1.2000000000000002,0
2019-04-13,Man United,West Ham,2,1,H,E0_18_19.csv,1.8,0.6,1.2000000000000002,0
2019-04-13,Brighton,Bournemouth,0,5,A,E0_18_19.csv,1.4,1.6,-0.20000000000000018,2
2019-04-13,Tottenham,Huddersfield,4,0,H,E0_18_19.csv,2.2,1.4,0.8000000000000003,0
2019-04-13,Huesca,Barcelona,0,0,D,SP1 (7).csv,1.8,1.4,0.40000000000000013,1
2019-04-13,Espanol,Alaves,2,1,H,SP1 (7).csv,1.6,1.4,0.20000000000000018,0
2019-04-13,Fulham,Everton,2,0,H,E0_18_19.csv,1.6,1.2,0.40000000000000013,0
2019-04-13,Ath Madrid,Celta,2,0,H,SP1 (7).csv,2.0,0.2,1.8,0
2019-04-13,Sevilla,Betis,3,2,H,SP1 (7).csv,1.8,0.6,1.2000000000000002,0
2019-04-14,Liverpool,Chelsea,2,0,H,E0_18_19.csv,2.2,0.6,1.6,0
2019-04-14,Crystal Palace,Man City,1,3,A,E0_18_19.csv,2.0,1.0,1.0,2
2019-04-14,Ath Bilbao,Vallecano,3,2,H,SP1 (7).csv,2.2,1.4,0.8000000000000003,0
2019-04-14,Girona,Villarreal,0,1,A,SP1 (7).csv,1.8,1.6,0.19999999999999996,2
2019-04-14,Sociedad,Eibar,1,1,D,SP1 (7).csv,1.4,1.4,0.0,1
2019-04-14,Valladolid,Getafe,2,2,D,SP1 (7).csv,1.4,1.8,-0.40000000000000013,1
2019-04-14,Valencia,Levante,3,1,H,SP1 (7).csv,1.8,1.4,0.40000000000000013,0
2019-04-15,Watford,Arsenal,0,1,A,E0_18_19.csv,1.2,1.2,0.0,2
2019-04-15,Leganes,Real Madrid,1,1,D,SP1 (7).csv,1.4,1.2,0.19999999999999996,1
2019-04-16,Brighton,Cardiff,0,2,A,E0_18_19.csv,1.2,1.4,-0.19999999999999996,2
2019-04-19,Alaves,Valladolid,2,2,D,SP1 (7).csv,1.2,1.4,-0.19999999999999996,1
2019-04-20,Vallecano,Huesca,0,0,D,SP1 (7).csv,0.6,1.2,-0.6,1
2019-04-20,Barcelona,Sociedad,2,1,H,SP1 (7).csv,1.0,1.2,-0.19999999999999996,0
2019-04-20,Eibar,Ath Madrid,0,1,A,SP1 (7).csv,0.8,1.2,-0.3999999999999999,2
2019-04-20,Celta,Girona,2,1,H,SP1 (7).csv,1.2,1.0,0.19999999999999996,0
2019-04-20,Wolves,Brighton,0,0,D,E0_18_19.csv,0.8,0.6,0.20000000000000007,1
2019-04-20,Man City,Tottenham,1,0,H,E0_18_19.csv,1.0,0.6,0.4,0
2019-04-20,Huddersfield,Watford,1,2,A,E0_18_19.csv,0.8,0.8,0.0,2
2019-04-20,Newcastle,Southampton,3,1,H,E0_18_19.csv,1.4,0.8,0.5999999999999999,0
2019-04-20,West Ham,Leicester,2,2,D,E0_18_19.csv,1.4,1.0,0.3999999999999999,1
2019-04-20,Bournemouth,Fulham,0,1,A,E0_18_19.csv,1.4,1.2,0.19999999999999996,2
2019-04-21,Betis,Valencia,1,2,A,SP1 (7).csv,1.4,1.6,-0.20000000000000018,2
2019-04-21,Everton,Man United,4,0,H,E0_18_19.csv,2.0,1.2,0.8,0
2019-04-21,Getafe,Sevilla,3,0,H,SP1 (7).csv,2.0,1.0,1.0,0
2019-04-21,Cardiff,Liverpool,0,2,A,E0_18_19.csv,1.6,1.0,0.6000000000000001,2
2019-04-21,Real Madrid,Ath Bilbao,3,0,H,SP1 (7).csv,2.2,0.8,1.4000000000000001,0
2019-04-21,Villarreal,Leganes,2,1,H,SP1 (7).csv,2.4,0.6,1.7999999999999998,0
2019-04-21,Arsenal,Crystal Palace,2,3,A,E0_18_19.csv,2.0,1.2,0.8,2
2019-04-21,Levante,Espanol,2,2,D,SP1 (7).csv,1.8,1.6,0.19999999999999996,1
2019-04-22,Chelsea,Burnley,2,2,D,E0_18_19.csv,2.2,1.6,0.6000000000000001,1
2019-04-23,Tottenham,Brighton,1,0,H,E0_18_19.csv,1.8,1.6,0.19999999999999996,0
2019-04-23,Valladolid,Girona,1,0,H,SP1 (7).csv,1.6,1.4,0.20000000000000018,0
2019-04-23,Huesca,Eibar,2,0,H,SP1 (7).csv,1.6,0.8,0.8,0
2019-04-23,Alaves,Barcelona,0,2,A,SP1 (7).csv,1.2,0.8,0.3999999999999999,2
2019-04-23,Watford,Southampton,1,1,D,E0_18_19.csv,1.0,0.6,0.4,1
2019-04-24,Espanol,Celta,1,1,D,SP1 (7).csv,1.0,0.8,0.19999999999999996,1
2019-04-24,Ath Madrid,Valencia,3,2,H,SP1 (7).csv,1.4,1.2,0.19999999999999996,0
2019-04-24,Leganes,Ath Bilbao,0,1,A,SP1 (7).csv,1.0,1.4,-0.3999999999999999,2
2019-04-24,Levante,Betis,4,0,H,SP1 (7).csv,1.8,1.0,0.8,0
2019-04-24,Wolves,Arsenal,3,1,H,E0_18_19.csv,2.2,1.0,1.2000000000000002,0
2019-04-24,Man United,Man City,0,2,A,E0_18_19.csv,2.0,1.2,0.8,2
2019-04-25,Sociedad,Villarreal,0,1,A,SP1 (7).csv,1.4,1.0,0.3999999999999999,2
2019-04-25,Sevilla,Vallecano,5,0,H,SP1 (7).csv,2.4,0.8,1.5999999999999999,0
2019-04-25,Getafe,Real Madrid,0,0,D,SP1 (7).csv,1.6,0.8,0.8,1
2019-04-26,Liverpool,Huddersfield,5,0,H,E0_18_19.csv,2.0,0.6,1.4,0
2019-04-27,Barcelona,Levante,1,0,H,SP1 (7).csv,2.2,0.2,2.0,0
2019-04-27,Brighton,Newcastle,1,1,D,E0_18_19.csv,2.4,0.2,2.1999999999999997,1
2019-04-27,Crystal Palace,Everton,0,0,D,E0_18_19.csv,1.4,0.2,1.2,1
2019-04-27,Southampton,Bournemouth,3,3,D,E0_18_19.csv,2.0,0.8,1.2,1
2019-04-27,Tottenham,West Ham,0,1,A,E0_18_19.csv,1.0,1.0,0.0,2
2019-04-27,Fulham,Cardiff,1,0,H,E0_18_19.csv,1.0,1.0,0.0,0
2019-04-27,Leganes,Celta,0,0,D,SP1 (7).csv,0.8,0.8,0.0,1
2019-04-27,Ath Madrid,Valladolid,1,0,H,SP1 (7).csv,1.0,0.8,0.19999999999999996,0
2019-04-27,Ath Bilbao,Alaves,1,1,D,SP1 (7).csv,0.6,0.4,0.19999999999999996,1
2019-04-27,Watford,Wolves,1,2,A,E0_18_19.csv,0.8,0.6,0.20000000000000007,2
2019-04-28,Girona,Sevilla,1,0,H,SP1 (7).csv,0.8,0.6,0.20000000000000007,0
2019-04-28,Man United,Chelsea,1,1,D,E0_18_19.csv,1.0,0.8,0.19999999999999996,1
2019-04-28,Leicester,Arsenal,3,0,H,E0_18_19.csv,1.4,0.8,0.5999999999999999,0
2019-04-28,Sociedad,Getafe,2,1,H,SP1 (7).csv,1.6,0.8,0.8,0
2019-04-28,Valencia,Eibar,0,1,A,SP1 (7).csv,1.4,0.6,0.7999999999999999,2
2019-04-28,Vallecano,Real Madrid,1,0,H,SP1 (7).csv,1.4,0.6,0.7999999999999999,0
2019-04-28,Villarreal,Huesca,1,1,D,SP1 (7).csv,1.4,0.6,0.7999999999999999,1
2019-04-28,Burnley,Man City,0,1,A,E0_18_19.csv,0.8,0.8,0.0,2
2019-04-29,Betis,Espanol,1,1,D,SP1 (7).csv,0.6,0.8,-0.20000000000000007,1
2019-05-03,Everton,Burnley,2,0,H,E0_18_19.csv,1.0,0.6,0.4,0
2019-05-03,Sevilla,Leganes,0,3,A,SP1 (7).csv,0.8,1.2,-0.3999999999999999,2
2019-05-04,Bournemouth,Tottenham,1,0,H,E0_18_19.csv,0.8,1.0,-0.19999999999999996,0
2019-05-04,Cardiff,Crystal Palace,2,3,A,E0_18_19.csv,1.2,1.4,-0.19999999999999996,2
2019-05-04,Alaves,Sociedad,0,1,A,SP1 (7).csv,1.0,1.4,-0.3999999999999999,2
2019-05-04,Celta,Barcelona,2,0,H,SP1 (7).csv,1.0,1.4,-0.3999999999999999,0
2019-05-04,Espanol,Ath Madrid,3,0,H,SP1 (7).csv,1.6,0.8,0.8,0
2019-05-04,Levante,Vallecano,4,1,H,SP1 (7).csv,2.2,1.0,1.2000000000000002,0
2019-05-04,Wolves,Fulham,1,0,H,E0_18_19.csv,2.0,0.4,1.6,0
2019-05-04,Newcastle,Liverpool,2,3,A,E0_18_19.csv,2.4,0.8,1.5999999999999999,2
2019-05-04,West Ham,Southampton,3,0,H,E0_18_19.csv,2.6,0.8,1.8,0
2019-05-05,Huesca,Valencia,2,6,A,SP1 (7).csv,2.4,2.0,0.3999999999999999,2
2019-05-05,Getafe,Girona,2,0,H,SP1 (7).csv,2.0,1.8,0.19999999999999996,0
2019-05-05,Eibar,Betis,1,0,H,SP1 (7).csv,2.0,1.8,0.19999999999999996,0
2019-05-05,Valladolid,Ath Bilbao,1,0,H,SP1 (7).csv,1.8,1.2,0.6000000000000001,0
2019-05-05,Real Madrid,Villarreal,3,2,H,SP1 (7).csv,1.8,1.6,0.19999999999999996,0
2019-05-05,Huddersfield,Man United,1,1,D,E0_18_19.csv,1.6,0.6,1.0,1
2019-05-05,Chelsea,Watford,3,0,H,E0_18_19.csv,1.8,0.6,1.2000000000000002,0
2019-05-05,Arsenal,Brighton,1,1,D,E0_18_19.csv,1.8,0.8,1.0,1
2019-05-06,Man City,Leicester,1,0,H,E0_18_19.csv,1.8,0.8,1.0,0
2019-05-12,Ath Madrid,Sevilla,1,1,D,SP1 (7).csv,1.4,0.6,0.7999999999999999,1
2019-05-12,Watford,West Ham,1,4,A,E0_18_19.csv,1.4,1.2,0.19999999999999996,2
2019-05-12,Brighton,Man City,1,4,A,E0_18_19.csv,1.0,2.0,-1.0,2
2019-05-12,Burnley,Arsenal,1,3,A,E0_18_19.csv,1.0,2.4,-1.4,2
2019-05-12,Crystal Palace,Bournemouth,5,3,H,E0_18_19.csv,1.8,3.0,-1.2,0
2019-05-12,Fulham,Newcastle,0,4,A,E0_18_19.csv,1.6,3.6,-2.0,2
2019-05-12,Leicester,Chelsea,0,0,D,E0_18_19.csv,1.4,2.8,-1.4,1
2019-05-12,Liverpool,Wolves,2,0,H,E0_18_19.csv,1.6,2.0,-0.3999999999999999,0
2019-05-12,Man United,Cardiff,0,2,A,E0_18_19.csv,1.4,1.8,-0.40000000000000013,2
2019-05-12,Tottenham,Everton,2,2,D,E0_18_19.csv,0.8,1.6,-0.8,1
2019-05-12,Southampton,Huddersfield,1,1,D,E0_18_19.csv,1.0,1.0,0.0,1
2019-05-12,Villarreal,Eibar,1,0,H,SP1 (7).csv,1.2,1.0,0.19999999999999996,0
2019-05-12,Vallecano,Valladolid,1,2,A,SP1 (7).csv,1.0,1.4,-0.3999999999999999,2
2019-05-12,Valencia,Alaves,3,1,H,SP1 (7).csv,1.6,1.2,0.40000000000000013,0
2019-05-12,Sociedad,Real Madrid,3,1,H,SP1 (7).csv,1.8,1.0,0.8,0
2019-05-12,Leganes,Espanol,0,2,A,SP1 (7).csv,1.6,1.2,0.40000000000000013,2
2019-05-12,Girona,Levante,1,2,A,SP1 (7).csv,1.6,1.6,0.0,2
2019-05-12,Betis,Huesca,2,1,H,SP1 (7).csv,1.8,1.4,0.40000000000000013,0
2019-05-12,Barcelona,Getafe,2,0,H,SP1 (7).csv,1.6,1.2,0.40000000000000013,0
2019-05-12,Ath Bilbao,Celta,3,1,H,SP1 (7).csv,1.6,1.2,0.40000000000000013,0
2019-05-18,Huesca,Leganes,2,1,H,SP1 (7).csv,2.0,1.0,1.0,0
2019-05-18,Levante,Ath Madrid,2,2,D,SP1 (7).csv,2.2,1.0,1.2000000000000002,1
2019-05-18,Valladolid,Valencia,0,2,A,SP1 (7).csv,1.8,1.2,0.6000000000000001,2
2019-05-18,Getafe,Villarreal,2,2,D,SP1 (7).csv,1.8,1.6,0.19999999999999996,1
2019-05-18,Alaves,Girona,2,1,H,SP1 (7).csv,1.6,1.6,0.0,0
2019-05-18,Celta,Vallecano,2,2,D,SP1 (7).csv,1.6,1.8,-0.19999999999999996,1
2019-05-18,Espanol,Sociedad,2,0,H,SP1 (7).csv,1.6,1.4,0.20000000000000018,0
2019-05-18,Sevilla,Ath Bilbao,2,0,H,SP1 (7).csv,2.0,1.0,1.0,0
2019-05-19,Real Madrid,Betis,0,2,A,SP1 (7).csv,1.6,1.0,0.6000000000000001,2
2019-05-19,Eibar,Barcelona,2,2,D,SP1 (7).csv,1.6,1.2,0.40000000000000013,1
2019-08-09,Liverpool,Norwich,4,1,H,E0_19_20.csv,2.0,1.0,1.0,0
2019-08-10,West Ham,Man City,0,5,A,E0_19_20.csv,1.6,2.0,-0.3999999999999999,2
2019-08-10,Watford,Brighton,0,3,A,E0_19_20.csv,1.2,2.6,-1.4000000000000001,2
2019-08-10,Bournemouth,Sheffield United,1,1,D,E0_19_20.csv,1.4,2.4,-1.0,1
2019-08-10,Burnley,Southampton,3,0,H,E0_19_20.csv,1.6,2.0,-0.3999999999999999,0
2019-08-10,Tottenham,Aston Villa,3,1,H,E0_19_20.csv,1.4,2.0,-0.6000000000000001,0
2019-08-10,Crystal Palace,Everton,0,0,D,E0_19_20.csv,1.4,1.0,0.3999999999999999,1
2019-08-11,Newcastle,Arsenal,0,1,A,E0_19_20.csv,1.4,0.6,0.7999999999999999,2
2019-08-11,Leicester,Wolves,0,0,D,E0_19_20.csv,1.2,0.4,0.7999999999999999,1
2019-08-11,Man United,Chelsea,4,0,H,E0_19_20.csv,1.4,0.4,0.9999999999999999,0
2019-08-16,Ath Bilbao,Barcelona,1,0,H,SP1 (6).csv,1.0,0.2,0.8,0
2019-08-17,Valencia,Sociedad,1,1,D,SP1 (6).csv,1.2,0.4,0.7999999999999999,1
2019-08-17,Villarreal,Granada,4,4,D,SP1 (6).csv,2.0,1.0,1.0,1
2019-08-17,Leganes,Osasuna,0,1,A,SP1 (6).csv,2.0,1.2,0.8,2
2019-08-17,Mallorca,Eibar,2,1,H,SP1 (6).csv,1.6,1.4,0.20000000000000018,0
2019-08-17,Arsenal,Burnley,2,1,H,E0_19_20.csv,1.8,1.6,0.19999999999999996,0
2019-08-17,Man City,Tottenham,2,2,D,E0_19_20.csv,2.0,1.8,0.19999999999999996,1
2019-08-17,Everton,Watford,1,0,H,E0_19_20.csv,1.4,1.0,0.3999999999999999,0
2019-08-17,Norwich,Newcastle,3,1,H,E0_19_20.csv,2.0,1.0,1.0,0
2019-08-17,Aston Villa,Bournemouth,1,2,A,E0_19_20.csv,1.8,1.2,0.6000000000000001,2
2019-08-17,Southampton,Liverpool,1,2,A,E0_19_20.csv,1.6,1.4,0.20000000000000018,2
2019-08-17,Celta,Real Madrid,1,3,A,SP1 (6).csv,1.4,1.6,-0.20000000000000018,2
2019-08-17,Brighton,West Ham,1,1,D,E0_19_20.csv,1.4,1.8,-0.40000000000000013,1
2019-08-18,Alaves,Levante,1,0,H,SP1 (6).csv,1.0,1.6,-0.6000000000000001,0
2019-08-18,Ath Madrid,Getafe,1,0,H,SP1 (6).csv,1.0,1.2,-0.19999999999999996,0
2019-08-18,Chelsea,Leicester,1,1,D,E0_19_20.csv,1.0,1.0,0.0,1
2019-08-18,Betis,Valladolid,1,2,A,SP1 (6).csv,1.0,0.8,0.19999999999999996,2
2019-08-18,Espanol,Sevilla,0,2,A,SP1 (6).csv,0.8,1.0,-0.19999999999999996,2
2019-08-18,Sheffield United,Crystal Palace,1,0,H,E0_19_20.csv,0.8,1.0,-0.19999999999999996,0
2019-08-19,Wolves,Man United,1,1,D,E0_19_20.csv,0.8,1.2,-0.3999999999999999,1
2019-08-23,Aston Villa,Everton,2,0,H,E0_19_20.csv,1.0,1.0,0.0,0
2019-08-23,Levante,Villarreal,2,1,H,SP1 (6).csv,1.2,0.8,0.3999999999999999,0
2019-08-23,Granada,Sevilla,0,1,A,SP1 (6).csv,1.2,0.6,0.6,2
2019-08-24,Man United,Crystal Palace,1,2,A,E0_19_20.csv,1.2,1.0,0.19999999999999996,2
2019-08-24,Sheffield United,Leicester,1,2,A,E0_19_20.csv,1.2,1.2,0.0,2
2019-08-24,Brighton,Southampton,0,2,A,E0_19_20.csv,0.8,1.6,-0.8,2
2019-08-24,Watford,West Ham,1,3,A,E0_19_20.csv,0.6,2.0,-1.4,2
2019-08-24,Norwich,Chelsea,2,3,A,E0_19_20.csv,1.0,2.4,-1.4,2
2019-08-24,Osasuna,Eibar,0,0,D,SP1 (6).csv,0.8,2.0,-1.2,1
2019-08-24,Real Madrid,Valladolid,1,1,D,SP1 (6).csv,0.8,1.8,-1.0,1
2019-08-24,Celta,Valencia,1,0,H,SP1 (6).csv,1.0,1.4,-0.3999999999999999,0
2019-08-24,Getafe,Ath Bilbao,1,1,D,SP1 (6).csv,1.0,1.0,0.0,1
2019-08-24,Liverpool,Arsenal,3,1,H,E0_19_20.csv,1.2,0.6,0.6,0
2019-08-25,Leganes,Ath Madrid,0,1,A,SP1 (6).csv,1.2,0.8,0.3999999999999999,2
2019-08-25,Wolves,Burnley,1,1,D,E0_19_20.csv,1.2,0.8,0.3999999999999999,1
2019-08-25,Mallorca,Sociedad,0,1,A,SP1 (6).csv,1.0,1.0,0.0,2
2019-08-25,Alaves,Espanol,0,0,D,SP1 (6).csv,0.8,0.8,0.0,1
2019-08-25,Tottenham,Newcastle,0,1,A,E0_19_20.csv,0.2,0.8,-0.6000000000000001,2
2019-08-25,Barcelona,Betis,5,2,H,SP1 (6).csv,1.2,1.0,0.19999999999999996,0
2019-08-25,Bournemouth,Man City,1,3,A,E0_19_20.csv,1.2,1.4,-0.19999999999999996,2
2019-08-30,Sevilla,Celta,1,1,D,SP1 (6).csv,1.4,1.4,0.0,1
2019-08-30,Ath Bilbao,Sociedad,2,0,H,SP1 (6).csv,1.8,1.4,0.40000000000000013,0
2019-08-31,Newcastle,Watford,1,1,D,E0_19_20.csv,2.0,1.4,0.6000000000000001,1
2019-08-31,Getafe,Alaves,1,1,D,SP1 (6).csv,1.2,1.2,0.0,1
2019-08-31,Leicester,Bournemouth,3,1,H,E0_19_20.csv,1.6,0.8,0.8,0
2019-08-31,Burnley,Liverpool,0,3,A,E0_19_20.csv,1.4,1.2,0.19999999999999996,2
2019-08-31,West Ham,Norwich,2,0,H,E0_19_20.csv,1.4,1.2,0.19999999999999996,0
2019-08-31,Man City,Brighton,4,0,H,E0_19_20.csv,2.0,1.0,1.0,0
2019-08-31,Betis,Leganes,2,1,H,SP1 (6).csv,2.2,1.0,1.2000000000000002,0
2019-08-31,Chelsea,Sheffield United,2,2,D,E0_19_20.csv,2.0,1.2,0.8,1
2019-08-31,Osasuna,Barcelona,2,2,D,SP1 (6).csv,2.4,1.0,1.4,1
2019-08-31,Southampton,Man United,1,1,D,E0_19_20.csv,2.2,1.2,1.0000000000000002,1
2019-08-31,Levante,Valladolid,2,0,H,SP1 (6).csv,1.8,1.2,0.6000000000000001,0
2019-08-31,Crystal Palace,Aston Villa,1,0,H,E0_19_20.csv,1.6,1.0,0.6000000000000001,0
2019-09-01,Espanol,Granada,0,3,A,SP1 (6).csv,1.2,1.2,0.0,2
2019-09-01,Ath Madrid,Eibar,3,2,H,SP1 (6).csv,1.4,1.2,0.19999999999999996,0
2019-09-01,Arsenal,Tottenham,2,2,D,E0_19_20.csv,1.6,1.4,0.20000000000000018,1
2019-09-01,Villarreal,Real Madrid,2,2,D,SP1 (6).csv,1.6,1.8,-0.19999999999999996,1
2019-09-01,Valencia,Mallorca,2,0,H,SP1 (6).csv,1.8,1.8,0.0,0
2019-09-01,Everton,Wolves,3,2,H,E0_19_20.csv,2.4,1.6,0.7999999999999998,0
2019-09-13,Mallorca,Ath Bilbao,0,0,D,SP1 (6).csv,1.8,1.2,0.6000000000000001,1
2019-09-14,Man United,Leicester,1,0,H,E0_19_20.csv,1.6,0.8,0.8,0
2019-09-14,Liverpool,Newcastle,3,1,H,E0_19_20.csv,1.8,0.6,1.2000000000000002,0
2019-09-14,Leganes,Villarreal,0,3,A,SP1 (6).csv,1.4,1.2,0.19999999999999996,2
2019-09-14,Sociedad,Ath Madrid,2,0,H,SP1 (6).csv,1.2,0.8,0.3999999999999999,0
2019-09-14,Barcelona,Valencia,5,2,H,SP1 (6).csv,2.2,1.2,1.0000000000000002,0
2019-09-14,Real Madrid,Levante,3,2,H,SP1 (6).csv,2.6,1.6,1.0,0
2019-09-14,Norwich,Man City,3,2,H,E0_19_20.csv,2.6,1.8,0.8,0
2019-09-14,Wolves,Chelsea,2,5,A,E0_19_20.csv,3.0,2.2,0.7999999999999998,2
2019-09-14,Tottenham,Crystal Palace,4,0,H,E0_19_20.csv,3.4,2.2,1.1999999999999997,0
2019-09-14,Sheffield United,Southampton,0,1,A,E0_19_20.csv,2.4,2.0,0.3999999999999999,2
2019-09-14,Brighton,Burnley,1,1,D,E0_19_20.csv,2.0,1.8,0.19999999999999996,1
2019-09-15,Celta,Granada,0,2,A,SP1 (6).csv,1.4,1.8,-0.40000000000000013,2
2019-09-15,Alaves,Sevilla,0,1,A,SP1 (6).csv,1.0,1.0,0.0,2
2019-09-15,Valladolid,Osasuna,1,1,D,SP1 (6).csv,0.4,1.2,-0.7999999999999999,1
2019-09-15,Bournemouth,Everton,3,1,H,E0_19_20.csv,1.0,1.2,-0.19999999999999996,0
2019-09-15,Eibar,Espanol,1,2,A,SP1 (6).csv,1.0,1.4,-0.3999999999999999,2
2019-09-15,Betis,Getafe,1,1,D,SP1 (6).csv,1.2,1.2,0.0,1
2019-09-15,Watford,Arsenal,2,2,D,E0_19_20.csv,1.6,1.4,0.20000000000000018,1
2019-09-16,Aston Villa,West Ham,0,0,D,E0_19_20.csv,1.4,1.2,0.19999999999999996,1
2019-09-20,Osasuna,Betis,0,0,D,SP1 (6).csv,0.8,1.0,-0.19999999999999996,1
2019-09-20,Southampton,Bournemouth,1,3,A,E0_19_20.csv,0.8,1.2,-0.3999999999999999,2
2019-09-21,Leicester,Tottenham,2,1,H,E0_19_20.csv,1.0,1.2,-0.19999999999999996,0
2019-09-21,Burnley,Norwich,2,0,H,E0_19_20.csv,1.0,0.8,0.19999999999999996,0
2019-09-21,Everton,Sheffield United,0,2,A,E0_19_20.csv,1.0,1.2,-0.19999999999999996,2
2019-09-21,Man City,Watford,8,0,H,E0_19_20.csv,2.6,1.2,1.4000000000000001,0
2019-09-21,Newcastle,Brighton,0,0,D,E0_19_20.csv,2.4,0.6,1.7999999999999998,1
2019-09-21,Granada,Barcelona,2,0,H,SP1 (6).csv,2.4,0.4,2.0,0
2019-09-21,Ath Madrid,Celta,0,0,D,SP1 (6).csv,2.0,0.4,1.6,1
2019-09-21,Levante,Eibar,0,0,D,SP1 (6).csv,2.0,0.0,2.0,1
2019-09-21,Villarreal,Valladolid,2,0,H,SP1 (6).csv,0.8,0.0,0.8,0
2019-09-22,Ath Bilbao,Alaves,2,0,H,SP1 (6).csv,1.2,0.0,1.2,0
2019-09-22,Sevilla,Real Madrid,0,1,A,SP1 (6).csv,0.8,0.2,0.6000000000000001,2
2019-09-22,Crystal Palace,Wolves,1,1,D,E0_19_20.csv,1.0,0.4,0.6,1
2019-09-22,West Ham,Man United,2,0,H,E0_19_20.csv,1.4,0.4,0.9999999999999999,0
2019-09-22,Chelsea,Liverpool,1,2,A,E0_19_20.csv,1.2,0.8,0.3999999999999999,2
2019-09-22,Valencia,Leganes,1,1,D,SP1 (6).csv,1.0,1.0,0.0,1
2019-09-22,Getafe,Mallorca,4,2,H,SP1 (6).csv,1.8,1.2,0.6000000000000001,0
2019-09-22,Espanol,Sociedad,1,3,A,SP1 (6).csv,1.8,1.6,0.19999999999999996,2
2019-09-22,Arsenal,Aston Villa,3,2,H,E0_19_20.csv,2.0,2.0,0.0,0
2019-09-24,Betis,Levante,3,1,H,SP1 (6).csv,2.4,1.8,0.5999999999999999,0
2019-09-24,Valladolid,Granada,1,1,D,SP1 (6).csv,2.4,1.8,0.5999999999999999,1
2019-09-24,Barcelona,Villarreal,2,1,H,SP1 (6).csv,2.0,1.6,0.3999999999999999,0
2019-09-25,Real Madrid,Osasuna,2,0,H,SP1 (6).csv,2.2,1.0,1.2000000000000002,0
2019-09-25,Valencia,Getafe,3,3,D,SP1 (6).csv,2.2,1.2,1.0000000000000002,1
2019-09-25,Leganes,Ath Bilbao,1,1,D,SP1 (6).csv,1.8,1.2,0.6000000000000001,1
2019-09-25,Mallorca,Ath Madrid,0,2,A,SP1 (6).csv,1.6,1.4,0.20000000000000018,2
2019-09-26,Eibar,Sevilla,3,2,H,SP1 (6).csv,1.8,1.6,0.19999999999999996,0
2019-09-26,Celta,Espanol,1,1,D,SP1 (6).csv,1.6,1.8,-0.19999999999999996,1
2019-09-26,Sociedad,Alaves,3,0,H,SP1 (6).csv,1.6,1.2,0.40000000000000013,0
2019-09-27,Villarreal,Betis,5,1,H,SP1 (6).csv,2.4,1.2,1.2,0
2019-09-28,Crystal Palace,Norwich,2,0,H,E0_19_20.csv,2.8,0.8,1.9999999999999998,0
2019-09-28,Ath Bilbao,Valencia,0,1,A,SP1 (6).csv,2.2,0.6,1.6,2
2019-09-28,Sheffield United,Liverpool,0,1,A,E0_19_20.csv,2.0,0.6,1.4,2
2019-09-28,Aston Villa,Burnley,2,2,D,E0_19_20.csv,1.8,1.0,0.8,1
2019-09-28,Bournemouth,West Ham,2,2,D,E0_19_20.csv,1.2,1.2,0.0,1
2019-09-28,Tottenham,Southampton,2,1,H,E0_19_20.csv,1.2,1.4,-0.19999999999999996,0
2019-09-28,Ath Madrid,Real Madrid,0,0,D,SP1 (6).csv,1.2,1.2,0.0,1
2019-09-28,Wolves,Watford,2,0,H,E0_19_20.csv,1.6,1.0,0.6000000000000001,0
2019-09-28,Everton,Man City,1,3,A,E0_19_20.csv,1.4,1.2,0.19999999999999996,2
2019-09-28,Chelsea,Brighton,2,0,H,E0_19_20.csv,1.4,0.8,0.5999999999999999,0
2019-09-28,Getafe,Barcelona,0,2,A,SP1 (6).csv,1.0,1.0,0.0,2
2019-09-28,Granada,Leganes,1,0,H,SP1 (6).csv,1.2,1.0,0.19999999999999996,0
2019-09-29,Eibar,Celta,2,0,H,SP1 (6).csv,1.2,1.0,0.19999999999999996,0
2019-09-29,Alaves,Mallorca,2,0,H,SP1 (6).csv,1.4,0.4,0.9999999999999999,0
2019-09-29,Espanol,Valladolid,0,2,A,SP1 (6).csv,1.0,0.8,0.19999999999999996,2
2019-09-29,Leicester,Newcastle,5,0,H,E0_19_20.csv,2.0,0.4,1.6,0
2019-09-29,Sevilla,Sociedad,3,2,H,SP1 (6).csv,2.4,0.8,1.5999999999999999,0
2019-09-29,Levante,Osasuna,1,1,D,SP1 (6).csv,2.2,1.0,1.2000000000000002,1
2019-09-30,Man United,Arsenal,1,1,D,E0_19_20.csv,2.0,1.2,0.8,1
2019-10-04,Betis,Eibar,1,1,D,SP1 (6).csv,2.2,1.0,1.2000000000000002,1
2019-10-05,West Ham,Crystal Palace,1,2,A,E0_19_20.csv,1.4,1.4,0.0,2
2019-10-05,Norwich,Aston Villa,1,5,A,E0_19_20.csv,1.0,2.0,-1.0,2
2019-10-05,Liverpool,Leicester,2,1,H,E0_19_20.csv,1.2,2.0,-0.8,0
2019-10-05,Brighton,Tottenham,3,0,H,E0_19_20.csv,1.6,1.8,-0.19999999999999996,0
2019-10-05,Burnley,Everton,1,0,H,E0_19_20.csv,1.6,1.6,0.0,0
2019-10-05,Leganes,Levante,1,2,A,SP1 (6).csv,1.6,1.6,0.0,2
2019-10-05,Watford,Sheffield United,0,0,D,E0_19_20.csv,1.4,0.6,0.7999999999999999,1
2019-10-05,Valencia,Alaves,2,1,H,SP1 (6).csv,1.4,0.6,0.7999999999999999,0
2019-10-05,Real Madrid,Granada,4,2,H,SP1 (6).csv,1.6,1.0,0.6000000000000001,0
2019-10-05,Osasuna,Villarreal,2,1,H,SP1 (6).csv,1.8,1.2,0.6000000000000001,0
2019-10-06,Celta,Ath Bilbao,1,0,H,SP1 (6).csv,1.8,0.8,1.0,0
2019-10-06,Arsenal,Bournemouth,1,0,H,E0_19_20.csv,2.0,0.8,1.2,0
2019-10-06,Man City,Wolves,0,2,A,E0_19_20.csv,1.6,1.0,0.6000000000000001,2
2019-10-06,Mallorca,Espanol,2,0,H,SP1 (6).csv,1.2,0.6,0.6,0
2019-10-06,Barcelona,Sevilla,4,0,H,SP1 (6).csv,1.6,0.4,1.2000000000000002,0
2019-10-06,Sociedad,Getafe,1,2,A,SP1 (6).csv,1.6,0.8,0.8,2
2019-10-06,Valladolid,Ath Madrid,0,0,D,SP1 (6).csv,1.4,0.8,0.5999999999999999,1
2019-10-06,Southampton,Chelsea,1,4,A,E0_19_20.csv,1.6,1.2,0.40000000000000013,2
2019-10-06,Newcastle,Man United,1,0,H,E0_19_20.csv,1.4,1.2,0.19999999999999996,0
2019-10-18,Granada,Osasuna,1,0,H,SP1 (6).csv,0.8,1.2,-0.3999999999999999,0
2019-10-19,Ath Madrid,Valencia,1,1,D,SP1 (6).csv,0.8,1.0,-0.19999999999999996,1
2019-10-19,Eibar,Barcelona,0,3,A,SP1 (6).csv,0.8,1.6,-0.8,2
2019-10-19,Getafe,Leganes,2,0,H,SP1 (6).csv,1.0,0.8,0.19999999999999996,0
2019-10-19,Mallorca,Real Madrid,1,0,H,SP1 (6).csv,1.0,0.8,0.19999999999999996,0
2019-10-19,Crystal Palace,Man City,0,2,A,E0_19_20.csv,0.8,1.2,-0.3999999999999999,2
2019-10-19,Wolves,Southampton,1,1,D,E0_19_20.csv,0.8,1.2,-0.3999999999999999,1
2019-10-19,Tottenham,Watford,1,1,D,E0_19_20.csv,1.0,0.8,0.19999999999999996,1
2019-10-19,Leicester,Burnley,2,1,H,E0_19_20.csv,1.0,1.0,0.0,0
2019-10-19,Chelsea,Newcastle,1,0,H,E0_19_20.csv,1.0,1.0,0.0,0
2019-10-19,Aston Villa,Brighton,2,1,H,E0_19_20.csv,1.4,0.8,0.5999999999999999,0
2019-10-19,Everton,West Ham,2,0,H,E0_19_20.csv,1.6,0.6,1.0,0
2019-10-19,Bournemouth,Norwich,0,0,D,E0_19_20.csv,1.4,0.4,0.9999999999999999,1
2019-10-20,Espanol,Villarreal,0,1,A,SP1 (6).csv,1.0,0.4,0.6,2
2019-10-20,Sevilla,Levante,1,0,H,SP1 (6).csv,1.0,0.4,0.6,0
2019-10-20,Man United,Liverpool,1,1,D,E0_19_20.csv,0.8,0.4,0.4,1
2019-10-20,Sociedad,Betis,3,1,H,SP1 (6).csv,1.0,0.6,0.4,0
2019-10-20,Alaves,Celta,2,0,H,SP1 (6).csv,1.4,0.6,0.7999999999999999,0
2019-10-20,Ath Bilbao,Valladolid,1,1,D,SP1 (6).csv,1.6,0.6,1.0,1
2019-10-21,Sheffield United,Arsenal,1,0,H,E0_19_20.csv,1.6,0.6,1.0,0
2019-10-25,Villarreal,Alaves,4,1,H,SP1 (6).csv,2.2,0.6,1.6,0
2019-10-25,Southampton,Leicester,0,9,A,E0_19_20.csv,1.6,2.2,-0.6000000000000001,2
2019-10-26,Watford,Bournemouth,0,0,D,E0_19_20.csv,1.2,2.2,-1.0000000000000002,1
2019-10-26,West Ham,Sheffield United,1,1,D,E0_19_20.csv,1.2,2.2,-1.0000000000000002,1
2019-10-26,Burnley,Chelsea,2,4,A,E0_19_20.csv,1.4,3.0,-1.6,2
2019-10-26,Brighton,Everton,3,2,H,E0_19_20.csv,1.2,3.2,-2.0,0
2019-10-26,Valladolid,Eibar,2,0,H,SP1 (6).csv,1.6,1.4,0.20000000000000018,0
2019-10-26,Ath Madrid,Ath Bilbao,2,0,H,SP1 (6).csv,2.0,1.4,0.6000000000000001,0
2019-10-26,Man City,Aston Villa,3,0,H,E0_19_20.csv,2.4,1.2,1.2,0
2019-10-26,Leganes,Mallorca,1,0,H,SP1 (6).csv,2.2,0.4,1.8000000000000003,0
2019-10-27,Osasuna,Valencia,3,1,H,SP1 (6).csv,2.2,0.2,2.0,0
2019-10-27,Sevilla,Getafe,2,0,H,SP1 (6).csv,2.2,0.2,2.0,0
2019-10-27,Granada,Betis,1,0,H,SP1 (6).csv,2.0,0.2,1.8,0
2019-10-27,Newcastle,Wolves,1,1,D,E0_19_20.csv,1.6,0.4,1.2000000000000002,1
2019-10-27,Levante,Espanol,0,1,A,SP1 (6).csv,1.4,0.6,0.7999999999999999,2
2019-10-27,Liverpool,Tottenham,2,1,H,E0_19_20.csv,1.2,0.6,0.6,0
2019-10-27,Celta,Sociedad,0,1,A,SP1 (6).csv,0.8,0.8,0.0,2
2019-10-27,Norwich,Man United,1,3,A,E0_19_20.csv,0.8,1.4,-0.5999999999999999,2
2019-10-27,Arsenal,Crystal Palace,2,2,D,E0_19_20.csv,1.0,1.6,-0.6000000000000001,1
2019-10-29,Barcelona,Valladolid,5,1,H,SP1 (6).csv,2.0,1.6,0.3999999999999999,0
2019-10-29,Alaves,Ath Madrid,1,1,D,SP1 (6).csv,1.8,1.6,0.19999999999999996,1
2019-10-30,Ath Bilbao,Espanol,3,0,H,SP1 (6).csv,2.4,1.4,1.0,0
2019-10-30,Valencia,Sevilla,1,1,D,SP1 (6).csv,2.4,1.0,1.4,1
2019-10-30,Sociedad,Levante,1,2,A,SP1 (6).csv,2.2,1.0,1.2000000000000002,2
2019-10-30,Real Madrid,Leganes,5,0,H,SP1 (6).csv,2.2,0.8,1.4000000000000001,0
2019-10-30,Betis,Celta,2,1,H,SP1 (6).csv,2.4,0.8,1.5999999999999999,0
2019-10-31,Getafe,Granada,3,1,H,SP1 (6).csv,2.4,1.0,1.4,0
2019-10-31,Mallorca,Osasuna,2,2,D,SP1 (6).csv,2.6,1.2,1.4000000000000001,1
2019-10-31,Eibar,Villarreal,2,1,H,SP1 (6).csv,2.8,1.0,1.7999999999999998,0
2019-11-02,Arsenal,Wolves,1,1,D,E0_19_20.csv,2.0,1.2,0.8,1
2019-11-02,Espanol,Valencia,1,2,A,SP1 (6).csv,1.8,1.4,0.40000000000000013,2
2019-11-02,Sevilla,Ath Madrid,1,1,D,SP1 (6).csv,1.4,1.4,0.0,1
2019-11-02,Bournemouth,Man United,1,0,H,E0_19_20.csv,1.2,1.0,0.19999999999999996,0
2019-11-02,Levante,Barcelona,3,1,H,SP1 (6).csv,1.4,1.0,0.3999999999999999,0
2019-11-02,Real Madrid,Betis,0,0,D,SP1 (6).csv,1.2,0.8,0.3999999999999999,1
2019-11-02,Man City,Southampton,2,1,H,E0_19_20.csv,1.4,0.6,0.7999999999999999,0
2019-11-02,West Ham,Newcastle,2,3,A,E0_19_20.csv,1.6,1.0,0.6000000000000001,2
2019-11-02,Watford,Chelsea,1,2,A,E0_19_20.csv,1.6,1.4,0.20000000000000018,2
2019-11-02,Sheffield United,Burnley,3,0,H,E0_19_20.csv,1.6,1.2,0.40000000000000013,0
2019-11-02,Brighton,Norwich,2,0,H,E0_19_20.csv,2.0,1.2,0.8,0
2019-11-02,Aston Villa,Liverpool,1,2,A,E0_19_20.csv,1.8,1.4,0.40000000000000013,2
2019-11-03,Celta,Getafe,0,1,A,SP1 (6).csv,1.4,1.0,0.3999999999999999,2
2019-11-03,Crystal Palace,Leicester,0,2,A,E0_19_20.csv,1.2,1.0,0.19999999999999996,2
2019-11-03,Everton,Tottenham,1,1,D,E0_19_20.csv,0.8,1.2,-0.3999999999999999,1
2019-11-03,Villarreal,Ath Bilbao,0,0,D,SP1 (6).csv,0.4,1.2,-0.7999999999999999,1
2019-11-03,Leganes,Eibar,1,2,A,SP1 (6).csv,0.4,1.2,-0.7999999999999999,2
2019-11-03,Osasuna,Alaves,4,2,H,SP1 (6).csv,1.2,1.4,-0.19999999999999996,0
2019-11-03,Valladolid,Mallorca,3,0,H,SP1 (6).csv,1.8,1.0,0.8,0
2019-11-03,Granada,Sociedad,1,2,A,SP1 (6).csv,1.8,1.2,0.6000000000000001,2
2019-11-08,Sociedad,Leganes,1,1,D,SP1 (6).csv,2.0,1.4,0.6000000000000001,1
2019-11-08,Norwich,Watford,0,2,A,E0_19_20.csv,1.8,1.4,0.40000000000000013,2
2019-11-09,Burnley,West Ham,3,0,H,E0_19_20.csv,1.6,1.0,0.6000000000000001,0
2019-11-09,Chelsea,Crystal Palace,2,0,H,E0_19_20.csv,1.4,1.0,0.3999999999999999,0
2019-11-09,Eibar,Real Madrid,0,4,A,SP1 (6).csv,1.2,1.4,-0.19999999999999996,2
2019-11-09,Valencia,Granada,2,0,H,SP1 (6).csv,1.4,1.2,0.19999999999999996,0
2019-11-09,Barcelona,Celta,4,1,H,SP1 (6).csv,2.2,1.0,1.2000000000000002,0
2019-11-09,Newcastle,Bournemouth,2,1,H,E0_19_20.csv,2.0,1.2,0.8,0
2019-11-09,Leicester,Arsenal,2,0,H,E0_19_20.csv,2.0,1.2,0.8,0
2019-11-09,Tottenham,Sheffield United,1,1,D,E0_19_20.csv,2.2,0.6,1.6,1
2019-11-09,Southampton,Everton,1,2,A,E0_19_20.csv,2.0,1.0,1.0,2
2019-11-09,Alaves,Valladolid,3,0,H,SP1 (6).csv,1.8,0.8,1.0,0
2019-11-10,Man United,Brighton,3,1,H,E0_19_20.csv,2.0,0.8,1.2,0
2019-11-10,Liverpool,Man City,3,1,H,E0_19_20.csv,2.2,1.0,1.2000000000000002,0
2019-11-10,Mallorca,Villarreal,3,1,H,SP1 (6).csv,2.6,1.0,1.6,0
2019-11-10,Ath Bilbao,Levante,2,1,H,SP1 (6).csv,2.8,0.8,1.9999999999999998,0
2019-11-10,Ath Madrid,Espanol,3,1,H,SP1 (6).csv,2.8,1.0,1.7999999999999998,0
2019-11-10,Getafe,Osasuna,0,0,D,SP1 (6).csv,2.2,0.8,1.4000000000000001,1
2019-11-10,Betis,Sevilla,1,2,A,SP1 (6).csv,1.8,1.0,0.8,2
2019-11-10,Wolves,Aston Villa,2,1,H,E0_19_20.csv,1.6,1.0,0.6000000000000001,0
2019-11-22,Levante,Mallorca,2,1,H,SP1 (6).csv,1.6,1.0,0.6000000000000001,0
2019-11-23,Crystal Palace,Liverpool,1,2,A,E0_19_20.csv,1.2,1.2,0.0,2
2019-11-23,Betis,Valencia,2,1,H,SP1 (6).csv,1.6,1.4,0.20000000000000018,0
2019-11-23,West Ham,Tottenham,2,3,A,E0_19_20.csv,1.8,1.6,0.19999999999999996,2
2019-11-23,Granada,Ath Madrid,1,1,D,SP1 (6).csv,1.6,1.6,0.0,1
2019-11-23,Everton,Norwich,0,2,A,E0_19_20.csv,1.2,1.8,-0.6000000000000001,2
2019-11-23,Real Madrid,Sociedad,3,1,H,SP1 (6).csv,1.6,1.6,0.0,0
2019-11-23,Leganes,Barcelona,1,2,A,SP1 (6).csv,1.4,1.8,-0.40000000000000013,2
2019-11-23,Watford,Burnley,0,3,A,E0_19_20.csv,1.0,1.8,-0.8,2
2019-11-23,Bournemouth,Wolves,1,2,A,E0_19_20.csv,1.0,2.0,-1.0,2
2019-11-23,Brighton,Leicester,0,2,A,E0_19_20.csv,1.0,2.0,-1.0,2
2019-11-23,Arsenal,Southampton,2,2,D,E0_19_20.csv,0.8,2.2,-1.4000000000000001,1
2019-11-23,Man City,Chelsea,2,1,H,E0_19_20.csv,1.0,2.0,-1.0,0
2019-11-24,Osasuna,Ath Bilbao,1,2,A,SP1 (6).csv,1.2,1.8,-0.6000000000000001,2
2019-11-24,Valladolid,Sevilla,0,1,A,SP1 (6).csv,1.0,1.6,-0.6000000000000001,2
2019-11-24,Villarreal,Celta,1,3,A,SP1 (6).csv,1.2,1.8,-0.6000000000000001,2
2019-11-24,Eibar,Alaves,0,2,A,SP1 (6).csv,0.8,1.8,-1.0,2
2019-11-24,Espanol,Getafe,1,1,D,SP1 (6).csv,0.6,1.8,-1.2000000000000002,1
2019-11-24,Sheffield United,Man United,3,3,D,E0_19_20.csv,1.0,2.0,-1.0,1
2019-11-25,Aston Villa,Newcastle,2,0,H,E0_19_20.csv,1.4,1.8,-0.40000000000000013,0
2019-11-29,Celta,Valladolid,0,0,D,SP1 (6).csv,1.2,1.2,0.0,1
2019-11-30,Mallorca,Betis,1,2,A,SP1 (6).csv,1.4,1.2,0.19999999999999996,2
2019-11-30,Valencia,Villarreal,2,1,H,SP1 (6).csv,1.6,1.2,0.40000000000000013,0
2019-11-30,Sociedad,Eibar,4,1,H,SP1 (6).csv,1.8,0.8,1.0,0
2019-11-30,Southampton,Watford,2,1,H,E0_19_20.csv,1.8,1.0,0.8,0
2019-11-30,Alaves,Real Madrid,1,2,A,SP1 (6).csv,2.0,1.4,0.6000000000000001,2
2019-11-30,Liverpool,Brighton,2,1,H,E0_19_20.csv,2.2,1.2,1.0000000000000002,0
2019-11-30,Chelsea,West Ham,0,1,A,E0_19_20.csv,1.8,1.2,0.6000000000000001,2
2019-11-30,Burnley,Crystal Palace,0,2,A,E0_19_20.csv,1.0,1.4,-0.3999999999999999,2
2019-11-30,Newcastle,Man City,2,2,D,E0_19_20.csv,1.0,1.6,-0.6000000000000001,1
2019-11-30,Tottenham,Bournemouth,3,2,H,E0_19_20.csv,1.4,1.6,-0.20000000000000018,0
2019-12-01,Norwich,Arsenal,2,2,D,E0_19_20.csv,1.4,1.8,-0.40000000000000013,1
2019-12-01,Wolves,Sheffield United,1,1,D,E0_19_20.csv,1.6,1.8,-0.19999999999999996,1
2019-12-01,Man United,Aston Villa,2,2,D,E0_19_20.csv,2.0,1.8,0.19999999999999996,1
2019-12-01,Getafe,Levante,4,0,H,SP1 (6).csv,2.4,1.4,1.0,0
2019-12-01,Leicester,Everton,2,1,H,E0_19_20.csv,2.2,1.2,1.0000000000000002,0
2019-12-01,Sevilla,Leganes,1,0,H,SP1 (6).csv,2.0,0.8,1.2,0
2019-12-01,Ath Bilbao,Granada,2,0,H,SP1 (6).csv,2.2,0.6,1.6,0
2019-12-01,Ath Madrid,Barcelona,0,1,A,SP1 (6).csv,1.8,0.4,1.4,2
2019-12-01,Espanol,Osasuna,2,4,A,SP1 (6).csv,1.4,1.2,0.19999999999999996,2
2019-12-03,Burnley,Man City,1,4,A,E0_19_20.csv,1.2,1.8,-0.6000000000000001,2
2019-12-03,Crystal Palace,Bournemouth,1,0,H,E0_19_20.csv,1.2,1.8,-0.6000000000000001,0
2019-12-04,Southampton,Norwich,2,1,H,E0_19_20.csv,1.2,2.0,-0.8,0
2019-12-04,Wolves,West Ham,2,0,H,E0_19_20.csv,1.6,1.8,-0.19999999999999996,0
2019-12-04,Liverpool,Everton,5,2,H,E0_19_20.csv,2.2,1.4,0.8000000000000003,0
2019-12-04,Leicester,Watford,2,0,H,E0_19_20.csv,2.4,0.6,1.7999999999999998,0
2019-12-04,Man United,Tottenham,2,1,H,E0_19_20.csv,2.6,0.8,1.8,0
2019-12-04,Chelsea,Aston Villa,2,1,H,E0_19_20.csv,2.6,0.8,1.8,0
2019-12-05,Sheffield United,Newcastle,0,2,A,E0_19_20.csv,2.2,1.2,1.0000000000000002,2
2019-12-05,Arsenal,Brighton,1,2,A,E0_19_20.csv,1.4,1.2,0.19999999999999996,2
2019-12-06,Villarreal,Ath Madrid,0,0,D,SP1 (6).csv,1.0,1.2,-0.19999999999999996,1
2019-12-07,Real Madrid,Espanol,2,0,H,SP1 (6).csv,1.0,1.0,0.0,0
2019-12-07,Granada,Alaves,3,0,H,SP1 (6).csv,1.2,0.8,0.3999999999999999,0
2019-12-07,Levante,Valencia,2,4,A,SP1 (6).csv,1.6,1.2,0.40000000000000013,2
2019-12-07,Barcelona,Mallorca,5,2,H,SP1 (6).csv,2.4,1.2,1.2,0
2019-12-07,Man City,Man United,1,2,A,E0_19_20.csv,2.6,1.6,1.0,2
2019-12-07,Everton,Chelsea,3,1,H,E0_19_20.csv,2.8,1.8,0.9999999999999998,0
2019-12-07,Bournemouth,Liverpool,0,3,A,E0_19_20.csv,2.2,2.4,-0.19999999999999973,2
2019-12-07,Tottenham,Burnley,5,0,H,E0_19_20.csv,2.8,1.6,1.1999999999999997,0
2019-12-07,Watford,Crystal Palace,0,0,D,E0_19_20.csv,1.8,1.2,0.6000000000000001,1
2019-12-08,Eibar,Getafe,0,1,A,SP1 (6).csv,1.6,1.0,0.6000000000000001,2
2019-12-08,Brighton,Wolves,2,2,D,E0_19_20.csv,1.4,1.2,0.19999999999999996,1
2019-12-08,Norwich,Sheffield United,1,2,A,E0_19_20.csv,1.6,1.0,0.6000000000000001,2
2019-12-08,Aston Villa,Leicester,1,4,A,E0_19_20.csv,0.8,1.8,-1.0,2
2019-12-08,Leganes,Celta,3,2,H,SP1 (6).csv,1.4,2.2,-0.8000000000000003,0
2019-12-08,Valladolid,Sociedad,0,0,D,SP1 (6).csv,1.4,2.0,-0.6000000000000001,1
2019-12-08,Betis,Ath Bilbao,3,2,H,SP1 (6).csv,1.6,2.0,-0.3999999999999999,0
2019-12-08,Newcastle,Southampton,2,1,H,E0_19_20.csv,1.8,1.8,0.0,0
2019-12-08,Osasuna,Sevilla,1,1,D,SP1 (6).csv,1.8,1.2,0.6000000000000001,1
2019-12-09,West Ham,Arsenal,1,3,A,E0_19_20.csv,1.4,1.4,0.0,2
2019-12-13,Alaves,Leganes,1,1,D,SP1 (6).csv,1.6,1.6,0.0,1
2019-12-14,Leicester,Norwich,1,1,D,E0_19_20.csv,1.2,1.4,-0.19999999999999996,1
2019-12-14,Chelsea,Bournemouth,0,1,A,E0_19_20.csv,0.8,1.4,-0.5999999999999999,2
2019-12-14,Granada,Levante,1,2,A,SP1 (6).csv,0.8,1.6,-0.8,2
2019-12-14,Sociedad,Barcelona,2,2,D,SP1 (6).csv,1.0,1.4,-0.3999999999999999,1
2019-12-14,Ath Bilbao,Eibar,0,0,D,SP1 (6).csv,0.8,1.2,-0.3999999999999999,1
2019-12-14,Sheffield United,Aston Villa,2,0,H,E0_19_20.csv,1.0,1.0,0.0,0
2019-12-14,Southampton,West Ham,0,1,A,E0_19_20.csv,1.0,1.0,0.0,2
2019-12-14,Burnley,Newcastle,1,0,H,E0_19_20.csv,1.0,0.6,0.4,0
2019-12-14,Liverpool,Watford,2,0,H,E0_19_20.csv,1.0,0.2,0.8,0
2019-12-14,Ath Madrid,Osasuna,2,0,H,SP1 (6).csv,1.4,0.2,1.2,0
2019-12-15,Espanol,Betis,2,2,D,SP1 (6).csv,1.4,0.6,0.7999999999999999,1
2019-12-15,Getafe,Valladolid,2,0,H,SP1 (6).csv,1.8,0.4,1.4,0
2019-12-15,Sevilla,Villarreal,1,2,A,SP1 (6).csv,1.8,0.8,1.0,2
2019-12-15,Celta,Mallorca,2,2,D,SP1 (6).csv,1.8,1.2,0.6000000000000001,1
2019-12-15,Man United,Everton,1,1,D,E0_19_20.csv,1.6,1.4,0.20000000000000018,1
2019-12-15,Wolves,Tottenham,1,2,A,E0_19_20.csv,1.4,1.4,0.0,2
2019-12-15,Arsenal,Man City,0,3,A,E0_19_20.csv,1.0,2.0,-1.0,2
2019-12-15,Valencia,Real Madrid,1,1,D,SP1 (6).csv,1.0,1.8,-0.8,1
2019-12-16,Crystal Palace,Brighton,1,1,D,E0_19_20.csv,0.8,1.6,-0.8,1
2019-12-18,Barcelona,Real Madrid,0,0,D,SP1 (6).csv,0.6,1.4,-0.7999999999999999,1
2019-12-20,Eibar,Granada,3,0,H,SP1 (6).csv,1.0,1.0,0.0,0
2019-12-21,Bournemouth,Burnley,0,1,A,E0_19_20.csv,1.0,0.6,0.4,2
2019-12-21,Aston Villa,Southampton,1,3,A,E0_19_20.csv,1.0,1.0,0.0,2
2019-12-21,Man City,Leicester,3,1,H,E0_19_20.csv,1.4,1.0,0.3999999999999999,0
2019-12-21,Mallorca,Sevilla,0,2,A,SP1 (6).csv,1.4,1.4,0.0,2
2019-12-21,Barcelona,Alaves,4,1,H,SP1 (6).csv,1.6,1.6,0.0,0
2019-12-21,Brighton,Sheffield United,0,1,A,E0_19_20.csv,1.6,1.6,0.0,2
2019-12-21,Everton,Arsenal,0,0,D,E0_19_20.csv,1.4,1.0,0.3999999999999999,1
2019-12-21,Newcastle,Crystal Palace,1,0,H,E0_19_20.csv,1.0,0.8,0.19999999999999996,0
2019-12-21,Valladolid,Valencia,1,1,D,SP1 (6).csv,1.2,0.6,0.6,1
2019-12-21,Villarreal,Getafe,1,0,H,SP1 (6).csv,0.6,0.4,0.19999999999999996,0
2019-12-21,Norwich,Wolves,1,2,A,E0_19_20.csv,0.8,0.6,0.20000000000000007,2
2019-12-22,Tottenham,Chelsea,0,2,A,E0_19_20.csv,0.8,1.0,-0.19999999999999996,2
2019-12-22,Real Madrid,Ath Bilbao,0,0,D,SP1 (6).csv,0.6,1.0,-0.4,1
2019-12-22,Levante,Celta,3,1,H,SP1 (6).csv,1.0,1.0,0.0,0
2019-12-22,Betis,Ath Madrid,1,2,A,SP1 (6).csv,1.0,1.4,-0.3999999999999999,2
2019-12-22,Osasuna,Sociedad,3,4,A,SP1 (6).csv,1.4,1.8,-0.40000000000000013,2
2019-12-22,Leganes,Espanol,2,0,H,SP1 (6).csv,1.8,1.4,0.40000000000000013,0
2019-12-22,Watford,Man United,2,0,H,E0_19_20.csv,2.2,1.4,0.8000000000000003,0
2019-12-26,Everton,Burnley,1,0,H,E0_19_20.csv,1.8,1.2,0.6000000000000001,0
2019-12-26,Man United,Newcastle,4,1,H,E0_19_20.csv,2.4,1.0,1.4,0
2019-12-26,Tottenham,Brighton,2,1,H,E0_19_20.csv,2.2,0.4,1.8000000000000003,0
2019-12-26,Aston Villa,Norwich,1,0,H,E0_19_20.csv,2.0,0.4,1.6,0
2019-12-26,Leicester,Liverpool,0,4,A,E0_19_20.csv,1.6,1.2,0.40000000000000013,2
2019-12-26,Chelsea,Southampton,0,2,A,E0_19_20.csv,1.4,1.6,-0.20000000000000018,2
2019-12-26,Crystal Palace,West Ham,2,1,H,E0_19_20.csv,1.0,1.6,-0.6000000000000001,0
2019-12-26,Sheffield United,Watford,1,1,D,E0_19_20.csv,0.8,1.6,-0.8,1
2019-12-26,Bournemouth,Arsenal,1,1,D,E0_19_20.csv,0.8,1.8,-1.0,1
2019-12-27,Wolves,Man City,3,2,H,E0_19_20.csv,1.4,1.4,0.0,0
2019-12-28,Newcastle,Everton,1,2,A,E0_19_20.csv,1.6,1.4,0.20000000000000018,2
2019-12-28,Brighton,Bournemouth,2,0,H,E0_19_20.csv,1.6,1.2,0.40000000000000013,0
2019-12-28,Burnley,Man United,0,2,A,E0_19_20.csv,1.4,1.4,0.0,2
2019-12-28,Southampton,Crystal Palace,1,1,D,E0_19_20.csv,1.4,1.4,0.0,1
2019-12-28,Norwich,Tottenham,2,2,D,E0_19_20.csv,1.2,1.4,-0.19999999999999996,1
2019-12-28,Watford,Aston Villa,3,0,H,E0_19_20.csv,1.6,1.0,0.6000000000000001,0
2019-12-28,West Ham,Leicester,1,2,A,E0_19_20.csv,1.4,1.4,0.0,2
2019-12-29,Arsenal,Chelsea,1,2,A,E0_19_20.csv,1.6,1.4,0.20000000000000018,2
2019-12-29,Liverpool,Wolves,1,0,H,E0_19_20.csv,1.6,1.2,0.40000000000000013,0
2019-12-29,Man City,Sheffield United,2,0,H,E0_19_20.csv,1.6,0.8,0.8,0
2020-01-01,Brighton,Chelsea,1,1,D,E0_19_20.csv,1.2,1.0,0.19999999999999996,1
2020-01-01,Newcastle,Leicester,0,3,A,E0_19_20.csv,1.0,1.2,-0.19999999999999996,2
2020-01-01,Arsenal,Man United,2,0,H,E0_19_20.csv,1.2,0.8,0.3999999999999999,0
2020-01-01,West Ham,Bournemouth,4,0,H,E0_19_20.csv,1.8,0.8,1.0,0
2020-01-01,Man City,Everton,2,1,H,E0_19_20.csv,1.8,1.0,0.8,0
2020-01-01,Watford,Wolves,2,1,H,E0_19_20.csv,2.0,1.0,1.0,0
2020-01-01,Southampton,Tottenham,1,0,H,E0_19_20.csv,2.2,0.4,1.8000000000000003,0
2020-01-01,Burnley,Aston Villa,1,2,A,E0_19_20.csv,2.0,0.8,1.2,2
2020-01-01,Norwich,Crystal Palace,1,1,D,E0_19_20.csv,1.4,1.0,0.3999999999999999,1
2020-01-02,Liverpool,Sheffield United,2,0,H,E0_19_20.csv,1.4,0.8,0.5999999999999999,0
2020-01-03,Valladolid,Leganes,2,2,D,SP1 (6).csv,1.4,1.0,0.3999999999999999,1
2020-01-03,Sevilla,Ath Bilbao,1,1,D,SP1 (6).csv,1.4,1.2,0.19999999999999996,1
2020-01-04,Espanol,Barcelona,2,2,D,SP1 (6).csv,1.6,1.2,0.40000000000000013,1
2020-01-04,Valencia,Eibar,1,0,H,SP1 (6).csv,1.6,1.0,0.6000000000000001,0
2020-01-04,Ath Madrid,Levante,2,1,H,SP1 (6).csv,1.6,1.2,0.40000000000000013,0
2020-01-04,Getafe,Real Madrid,0,3,A,SP1 (6).csv,1.2,1.4,-0.19999999999999996,2
2020-01-05,Celta,Osasuna,1,1,D,SP1 (6).csv,1.2,1.4,-0.19999999999999996,1
2020-01-05,Alaves,Betis,1,1,D,SP1 (6).csv,1.0,1.2,-0.19999999999999996,1
2020-01-05,Sociedad,Villarreal,1,2,A,SP1 (6).csv,1.0,1.6,-0.6000000000000001,2
2020-01-05,Granada,Mallorca,1,0,H,SP1 (6).csv,0.8,1.4,-0.5999999999999999,0
2020-01-10,Sheffield United,West Ham,1,0,H,E0_19_20.csv,1.0,0.8,0.19999999999999996,0
2020-01-11,Everton,Brighton,1,0,H,E0_19_20.csv,1.0,0.6,0.4,0
2020-01-11,Wolves,Newcastle,1,1,D,E0_19_20.csv,1.0,0.6,0.4,1
2020-01-11,Man United,Norwich,4,0,H,E0_19_20.csv,1.6,0.2,1.4000000000000001,0
2020-01-11,Leicester,Southampton,1,2,A,E0_19_20.csv,1.6,0.6,1.0,2
2020-01-11,Crystal Palace,Arsenal,1,1,D,E0_19_20.csv,1.6,0.8,0.8,1
2020-01-11,Tottenham,Liverpool,0,1,A,E0_19_20.csv,1.4,1.0,0.3999999999999999,2
2020-01-11,Chelsea,Burnley,3,0,H,E0_19_20.csv,1.8,0.8,1.0,0
2020-01-12,Bournemouth,Watford,0,3,A,E0_19_20.csv,1.0,1.4,-0.3999999999999999,2
2020-01-12,Aston Villa,Man City,1,6,A,E0_19_20.csv,1.0,2.2,-1.2000000000000002,2
2020-01-17,Leganes,Getafe,0,3,A,SP1 (6).csv,0.8,2.6,-1.8,2
2020-01-18,Watford,Tottenham,0,0,D,E0_19_20.csv,0.8,2.4,-1.5999999999999999,1
2020-01-18,Arsenal,Sheffield United,1,1,D,E0_19_20.csv,0.4,2.6,-2.2,1
2020-01-18,Real Madrid,Sevilla,2,1,H,SP1 (6).csv,0.8,2.2,-1.4000000000000001,0
2020-01-18,Levante,Alaves,0,1,A,SP1 (6).csv,0.6,1.2,-0.6,2
2020-01-18,Brighton,Aston Villa,1,1,D,E0_19_20.csv,0.8,0.8,0.0,1
2020-01-18,Osasuna,Valladolid,0,0,D,SP1 (6).csv,0.8,0.8,0.0,1
2020-01-18,Eibar,Ath Madrid,2,0,H,SP1 (6).csv,1.0,0.6,0.4,0
2020-01-18,Norwich,Bournemouth,1,0,H,E0_19_20.csv,0.8,0.4,0.4,0
2020-01-18,Southampton,Wolves,2,3,A,E0_19_20.csv,1.2,0.8,0.3999999999999999,2
2020-01-18,Man City,Crystal Palace,2,2,D,E0_19_20.csv,1.4,1.0,0.3999999999999999,1
2020-01-18,West Ham,Everton,1,1,D,E0_19_20.csv,1.6,1.2,0.40000000000000013,1
2020-01-18,Newcastle,Chelsea,1,0,H,E0_19_20.csv,1.4,1.2,0.19999999999999996,0
2020-01-19,Burnley,Leicester,2,1,H,E0_19_20.csv,1.6,1.4,0.20000000000000018,0
2020-01-19,Mallorca,Valencia,4,1,H,SP1 (6).csv,2.0,1.0,1.0,0
2020-01-19,Betis,Sociedad,3,0,H,SP1 (6).csv,2.2,0.6,1.6,0
2020-01-19,Liverpool,Man United,2,0,H,E0_19_20.csv,2.4,0.4,2.0,0
2020-01-19,Ath Bilbao,Celta,1,1,D,SP1 (6).csv,2.4,0.6,1.7999999999999998,1
2020-01-19,Barcelona,Granada,1,0,H,SP1 (6).csv,2.2,0.4,1.8000000000000003,0
2020-01-19,Villarreal,Espanol,1,2,A,SP1 (6).csv,1.6,0.6,1.0,2
2020-01-21,Aston Villa,Watford,2,1,H,E0_19_20.csv,1.4,0.8,0.5999999999999999,0
2020-01-21,Bournemouth,Brighton,3,1,H,E0_19_20.csv,1.6,1.0,0.6000000000000001,0
2020-01-21,Crystal Palace,Southampton,0,2,A,E0_19_20.csv,1.4,1.2,0.19999999999999996,2
2020-01-21,Everton,Newcastle,2,2,D,E0_19_20.csv,1.6,1.6,0.0,1
2020-01-21,Chelsea,Arsenal,2,2,D,E0_19_20.csv,1.8,1.6,0.19999999999999996,1
2020-01-21,Sheffield United,Man City,0,1,A,E0_19_20.csv,1.4,1.6,-0.20000000000000018,2
2020-01-22,Tottenham,Norwich,2,1,H,E0_19_20.csv,1.2,1.6,-0.40000000000000013,0
2020-01-22,Leicester,West Ham,4,1,H,E0_19_20.csv,2.0,1.4,0.6000000000000001,0
2020-01-22,Man United,Burnley,0,2,A,E0_19_20.csv,1.6,1.4,0.20000000000000018,2
2020-01-23,Wolves,Liverpool,1,2,A,E0_19_20.csv,1.4,1.4,0.0,2
2020-01-24,Osasuna,Levante,2,0,H,SP1 (6).csv,1.8,1.2,0.6000000000000001,0
2020-01-25,Espanol,Ath Bilbao,1,1,D,SP1 (6).csv,1.6,1.2,0.40000000000000013,1
2020-01-25,Valencia,Barcelona,2,0,H,SP1 (6).csv,1.2,1.0,0.19999999999999996,0
2020-01-25,Sevilla,Granada,2,0,H,SP1 (6).csv,1.6,0.6,1.0,0
2020-01-25,Alaves,Villarreal,1,2,A,SP1 (6).csv,1.6,0.6,1.0,2
2020-01-26,Ath Madrid,Leganes,0,0,D,SP1 (6).csv,1.2,0.6,0.6,1
2020-01-26,Sociedad,Mallorca,3,0,H,SP1 (6).csv,1.6,0.4,1.2000000000000002,0
2020-01-26,Getafe,Betis,1,0,H,SP1 (6).csv,1.4,0.4,0.9999999999999999,0
2020-01-26,Valladolid,Real Madrid,0,1,A,SP1 (6).csv,1.0,0.6,0.4,2
2020-01-26,Celta,Eibar,0,0,D,SP1 (6).csv,0.8,0.2,0.6000000000000001,1
2020-01-29,West Ham,Liverpool,0,2,A,E0_19_20.csv,0.8,0.6,0.20000000000000007,2
2020-02-01,Leicester,Chelsea,2,2,D,E0_19_20.csv,0.6,1.0,-0.4,1
2020-02-01,Valencia,Celta,1,0,H,SP1 (6).csv,0.6,1.0,-0.4,0
2020-02-01,Mallorca,Valladolid,0,1,A,SP1 (6).csv,0.6,1.0,-0.4,2
2020-02-01,Real Madrid,Ath Madrid,1,0,H,SP1 (6).csv,0.8,1.0,-0.19999999999999996,0
2020-02-01,Granada,Espanol,2,1,H,SP1 (6).csv,1.2,0.8,0.3999999999999999,0
2020-02-01,Bournemouth,Aston Villa,2,1,H,E0_19_20.csv,1.2,0.6,0.6,0
2020-02-01,Man United,Wolves,0,0,D,E0_19_20.csv,1.0,0.6,0.4,1
2020-02-01,Newcastle,Norwich,0,0,D,E0_19_20.csv,1.0,0.4,0.6,1
2020-02-01,Liverpool,Southampton,4,0,H,E0_19_20.csv,1.6,0.4,1.2000000000000002,0
2020-02-01,West Ham,Brighton,3,3,D,E0_19_20.csv,1.8,0.8,1.0,1
2020-02-01,Watford,Everton,2,3,A,E0_19_20.csv,1.8,1.2,0.6000000000000001,2
2020-02-01,Crystal Palace,Sheffield United,0,1,A,E0_19_20.csv,1.8,1.4,0.40000000000000013,2
2020-02-02,Barcelona,Levante,2,1,H,SP1 (6).csv,2.2,1.6,0.6000000000000001,0
2020-02-02,Villarreal,Osasuna,3,1,H,SP1 (6).csv,2.0,1.8,0.19999999999999996,0
2020-02-02,Burnley,Arsenal,0,0,D,E0_19_20.csv,1.4,1.2,0.19999999999999996,1
2020-02-02,Sevilla,Alaves,1,1,D,SP1 (6).csv,1.2,0.8,0.3999999999999999,1
2020-02-02,Ath Bilbao,Getafe,0,2,A,SP1 (6).csv,1.2,1.0,0.19999999999999996,2
2020-02-02,Eibar,Betis,1,1,D,SP1 (6).csv,1.0,1.0,0.0,1
2020-02-02,Leganes,Sociedad,2,1,H,SP1 (6).csv,0.8,1.0,-0.19999999999999996,0
2020-02-02,Tottenham,Man City,2,0,H,E0_19_20.csv,1.2,1.0,0.19999999999999996,0
2020-02-07,Alaves,Eibar,2,1,H,SP1 (6).csv,1.4,1.0,0.3999999999999999,0
2020-02-08,Everton,Crystal Palace,3,1,H,E0_19_20.csv,2.0,0.8,1.2,0
2020-02-08,Ath Madrid,Granada,1,0,H,SP1 (6).csv,2.0,0.6,1.4,0
2020-02-08,Levante,Leganes,2,0,H,SP1 (6).csv,2.0,0.4,1.6,0
2020-02-08,Getafe,Valencia,3,0,H,SP1 (6).csv,2.2,0.4,1.8000000000000003,0
2020-02-08,Brighton,Watford,1,1,D,E0_19_20.csv,2.0,0.4,1.6,1
2020-02-08,Valladolid,Villarreal,1,1,D,SP1 (6).csv,1.6,0.4,1.2000000000000002,1
2020-02-09,Espanol,Mallorca,1,0,H,SP1 (6).csv,1.6,0.4,1.2000000000000002,0
2020-02-09,Sociedad,Ath Bilbao,2,1,H,SP1 (6).csv,1.6,0.6,1.0,0
2020-02-09,Osasuna,Real Madrid,1,4,A,SP1 (6).csv,1.2,1.4,-0.19999999999999996,2
2020-02-09,Celta,Sevilla,2,1,H,SP1 (6).csv,1.4,1.4,0.0,0
2020-02-09,Betis,Barcelona,2,3,A,SP1 (6).csv,1.6,1.8,-0.19999999999999996,2
2020-02-09,Sheffield United,Bournemouth,2,1,H,E0_19_20.csv,1.8,2.0,-0.19999999999999996,0
2020-02-14,Valencia,Ath Madrid,2,2,D,SP1 (6).csv,1.8,2.2,-0.40000000000000013,1
2020-02-14,Wolves,Leicester,0,0,D,E0_19_20.csv,1.6,1.4,0.20000000000000018,1
2020-02-15,Southampton,Burnley,1,2,A,E0_19_20.csv,1.4,1.6,-0.20000000000000018,2
2020-02-15,Mallorca,Alaves,1,0,H,SP1 (6).csv,1.2,1.0,0.19999999999999996,0
2020-02-15,Norwich,Liverpool,0,1,A,E0_19_20.csv,0.8,1.0,-0.19999999999999996,2
2020-02-15,Granada,Valladolid,2,1,H,SP1 (6).csv,0.8,0.8,0.0,0
2020-02-15,Barcelona,Getafe,2,1,H,SP1 (6).csv,1.2,1.0,0.19999999999999996,0
2020-02-15,Villarreal,Levante,2,1,H,SP1 (6).csv,1.4,0.8,0.5999999999999999,0
2020-02-16,Arsenal,Newcastle,4,0,H,E0_19_20.csv,2.0,0.8,1.2,0
2020-02-16,Aston Villa,Tottenham,2,3,A,E0_19_20.csv,2.4,1.2,1.2,2
2020-02-16,Ath Bilbao,Osasuna,0,1,A,SP1 (6).csv,2.0,1.2,0.8,2
2020-02-16,Real Madrid,Celta,2,2,D,SP1 (6).csv,2.0,1.4,0.6000000000000001,1
2020-02-16,Sevilla,Espanol,2,2,D,SP1 (6).csv,2.0,1.6,0.3999999999999999,1
2020-02-16,Leganes,Betis,0,0,D,SP1 (6).csv,1.2,1.6,-0.40000000000000013,1
2020-02-17,Chelsea,Man United,0,2,A,E0_19_20.csv,0.8,1.4,-0.5999999999999999,2
2020-02-19,Man City,West Ham,2,0,H,E0_19_20.csv,1.2,1.2,0.0,0
2020-02-21,Betis,Mallorca,3,3,D,SP1 (6).csv,1.4,1.4,0.0,1
2020-02-22,Burnley,Bournemouth,3,0,H,E0_19_20.csv,1.6,1.0,0.6000000000000001,0
2020-02-22,Southampton,Aston Villa,2,0,H,E0_19_20.csv,2.0,1.0,1.0,0
2020-02-22,Sheffield United,Brighton,1,1,D,E0_19_20.csv,2.2,0.8,1.4000000000000001,1
2020-02-22,Crystal Palace,Newcastle,1,0,H,E0_19_20.csv,2.0,0.8,1.2,0
2020-02-22,Chelsea,Tottenham,2,1,H,E0_19_20.csv,1.8,0.4,1.4,0
2020-02-22,Celta,Leganes,1,0,H,SP1 (6).csv,1.4,0.4,0.9999999999999999,0
2020-02-22,Levante,Real Madrid,1,0,H,SP1 (6).csv,1.2,0.4,0.7999999999999999,0
2020-02-22,Sociedad,Valencia,3,0,H,SP1 (6).csv,1.6,0.2,1.4000000000000001,0
2020-02-22,Barcelona,Eibar,5,0,H,SP1 (6).csv,2.4,0.2,2.1999999999999997,0
2020-02-22,Leicester,Man City,0,1,A,E0_19_20.csv,2.0,0.2,1.8,2
2020-02-23,Arsenal,Everton,3,2,H,E0_19_20.csv,2.4,0.6,1.7999999999999998,0
2020-02-23,Man United,Watford,3,0,H,E0_19_20.csv,2.8,0.6,2.1999999999999997,0
2020-02-23,Wolves,Norwich,3,0,H,E0_19_20.csv,2.8,0.6,2.1999999999999997,0
2020-02-23,Ath Madrid,Villarreal,3,1,H,SP1 (6).csv,2.4,0.8,1.5999999999999999,0
2020-02-23,Valladolid,Espanol,2,1,H,SP1 (6).csv,2.8,0.8,1.9999999999999998,0
2020-02-23,Alaves,Ath Bilbao,2,1,H,SP1 (6).csv,2.6,0.6,2.0,0
2020-02-23,Osasuna,Granada,0,3,A,SP1 (6).csv,2.0,1.2,0.8,2
2020-02-23,Getafe,Sevilla,0,3,A,SP1 (6).csv,1.4,1.8,-0.40000000000000013,2
2020-02-24,Liverpool,West Ham,3,2,H,E0_19_20.csv,1.4,2.0,-0.6000000000000001,0
2020-02-28,Sociedad,Valladolid,1,0,H,SP1 (6).csv,1.2,1.8,-0.6000000000000001,0
2020-02-28,Norwich,Leicester,1,0,H,E0_19_20.csv,1.0,1.6,-0.6000000000000001,0
2020-02-29,Newcastle,Burnley,0,0,D,E0_19_20.csv,1.0,1.0,0.0,1
2020-02-29,Watford,Liverpool,3,0,H,E0_19_20.csv,1.6,0.4,1.2000000000000002,0
2020-02-29,West Ham,Southampton,3,1,H,E0_19_20.csv,1.6,0.2,1.4000000000000001,0
2020-02-29,Bournemouth,Chelsea,2,2,D,E0_19_20.csv,1.8,0.6,1.2000000000000002,1
2020-02-29,Brighton,Crystal Palace,0,1,A,E0_19_20.csv,1.6,0.8,0.8,2
2020-02-29,Granada,Celta,0,0,D,SP1 (6).csv,1.6,0.8,0.8,1
2020-02-29,Leganes,Alaves,1,1,D,SP1 (6).csv,1.2,1.0,0.19999999999999996,1
2020-02-29,Valencia,Betis,2,1,H,SP1 (6).csv,1.0,1.0,0.0,0
2020-02-29,Eibar,Levante,3,0,H,SP1 (6).csv,1.2,0.6,0.6,0
2020-03-01,Real Madrid,Barcelona,2,0,H,SP1 (6).csv,1.6,0.4,1.2000000000000002,0
2020-03-01,Everton,Man United,1,1,D,E0_19_20.csv,1.8,0.6,1.2000000000000002,1
2020-03-01,Sevilla,Osasuna,3,2,H,SP1 (6).csv,2.2,0.8,1.4000000000000001,0
2020-03-01,Tottenham,Wolves,2,3,A,E0_19_20.csv,2.2,1.2,1.0000000000000002,2
2020-03-01,Espanol,Ath Madrid,1,1,D,SP1 (6).csv,1.8,1.4,0.40000000000000013,1
2020-03-01,Mallorca,Getafe,0,1,A,SP1 (6).csv,1.4,1.6,-0.20000000000000018,2
2020-03-01,Ath Bilbao,Villarreal,1,0,H,SP1 (6).csv,1.4,1.4,0.0,0
2020-03-06,Alaves,Valencia,1,1,D,SP1 (6).csv,1.0,1.2,-0.19999999999999996,1
2020-03-07,Southampton,Newcastle,0,1,A,E0_19_20.csv,0.6,0.8,-0.20000000000000007,2
2020-03-07,Getafe,Celta,0,0,D,SP1 (6).csv,0.4,0.6,-0.19999999999999996,1
2020-03-07,Liverpool,Bournemouth,2,1,H,E0_19_20.csv,0.8,0.6,0.20000000000000007,0
2020-03-07,Wolves,Brighton,0,0,D,E0_19_20.csv,0.6,0.6,0.0,1
2020-03-07,Crystal Palace,Watford,1,0,H,E0_19_20.csv,0.6,0.4,0.19999999999999996,0
2020-03-07,Arsenal,West Ham,1,0,H,E0_19_20.csv,0.8,0.2,0.6000000000000001,0
2020-03-07,Sheffield United,Norwich,1,0,H,E0_19_20.csv,1.0,0.2,0.8,0
2020-03-07,Burnley,Tottenham,1,1,D,E0_19_20.csv,0.8,0.2,0.6000000000000001,1
2020-03-07,Barcelona,Sociedad,1,0,H,SP1 (6).csv,1.0,0.2,0.8,0
2020-03-07,Eibar,Mallorca,1,2,A,SP1 (6).csv,1.0,0.6,0.4,2
2020-03-07,Ath Madrid,Sevilla,2,2,D,SP1 (6).csv,1.2,1.0,0.19999999999999996,1
2020-03-08,Man United,Man City,2,0,H,E0_19_20.csv,1.4,1.0,0.3999999999999999,0
2020-03-08,Betis,Real Madrid,2,1,H,SP1 (6).csv,1.6,1.0,0.6000000000000001,0
2020-03-08,Villarreal,Leganes,1,2,A,SP1 (6).csv,1.6,1.4,0.20000000000000018,2
2020-03-08,Levante,Granada,1,1,D,SP1 (6).csv,1.6,1.2,0.40000000000000013,1
2020-03-08,Valladolid,Ath Bilbao,1,4,A,SP1 (6).csv,1.4,1.6,-0.20000000000000018,2
2020-03-08,Osasuna,Espanol,1,0,H,SP1 (6).csv,1.2,1.6,-0.40000000000000013,0
2020-03-08,Chelsea,Everton,4,0,H,E0_19_20.csv,1.6,1.4,0.20000000000000018,0
2020-03-09,Leicester,Aston Villa,4,0,H,E0_19_20.csv,2.2,1.0,1.2000000000000002,0
2020-03-10,Eibar,Sociedad,1,2,A,SP1 (6).csv,2.2,1.2,1.0000000000000002,2
2020-06-11,Sevilla,Betis,2,0,H,SP1 (6).csv,2.4,0.4,2.0,0
2020-06-12,Granada,Getafe,2,1,H,SP1 (6).csv,2.6,0.6,2.0,0
2020-06-12,Valencia,Levante,1,1,D,SP1 (6).csv,2.0,0.8,1.2,1
2020-06-13,Celta,Villarreal,0,1,A,SP1 (6).csv,1.2,1.0,0.19999999999999996,2
2020-06-13,Espanol,Alaves,2,0,H,SP1 (6).csv,1.4,0.6,0.7999999999999999,0
2020-06-13,Mallorca,Barcelona,0,4,A,SP1 (6).csv,1.0,1.4,-0.3999999999999999,2
2020-06-13,Leganes,Valladolid,1,2,A,SP1 (6).csv,0.8,1.6,-0.8,2
2020-06-14,Real Madrid,Eibar,3,1,H,SP1 (6).csv,1.2,1.6,-0.40000000000000013,0
2020-06-14,Sociedad,Osasuna,1,1,D,SP1 (6).csv,1.4,1.6,-0.20000000000000018,1
2020-06-14,Ath Bilbao,Ath Madrid,1,1,D,SP1 (6).csv,1.2,1.8,-0.6000000000000001,1
2020-06-15,Levante,Sevilla,1,1,D,SP1 (6).csv,1.4,1.2,0.19999999999999996,1
2020-06-15,Betis,Granada,2,2,D,SP1 (6).csv,1.6,1.2,0.40000000000000013,1
2020-06-16,Barcelona,Leganes,2,0,H,SP1 (6).csv,1.4,1.0,0.3999999999999999,0
2020-06-16,Getafe,Espanol,0,0,D,SP1 (6).csv,1.2,0.8,0.3999999999999999,1
2020-06-16,Villarreal,Mallorca,1,0,H,SP1 (6).csv,1.2,0.6,0.6,0
2020-06-17,Eibar,Ath Bilbao,2,2,D,SP1 (6).csv,1.4,0.8,0.5999999999999999,1
2020-06-17,Valladolid,Celta,0,0,D,SP1 (6).csv,1.0,0.4,0.6,1
2020-06-17,Osasuna,Ath Madrid,0,5,A,SP1 (6).csv,0.6,1.4,-0.7999999999999999,2
2020-06-17,Man City,Arsenal,3,0,H,E0_19_20.csv,1.2,1.4,-0.19999999999999996,0
2020-06-17,Aston Villa,Sheffield United,0,0,D,E0_19_20.csv,1.0,1.4,-0.3999999999999999,1
2020-06-18,Alaves,Sociedad,2,0,H,SP1 (6).csv,1.0,1.0,0.0,0
2020-06-18,Real Madrid,Valencia,3,0,H,SP1 (6).csv,1.6,1.0,0.6000000000000001,0
2020-06-19,Granada,Villarreal,0,1,A,SP1 (6).csv,1.6,0.2,1.4000000000000001,2
2020-06-19,Mallorca,Leganes,1,1,D,SP1 (6).csv,1.2,0.4,0.7999999999999999,1
2020-06-19,Norwich,Southampton,0,3,A,E0_19_20.csv,1.2,1.0,0.19999999999999996,2
2020-06-19,Tottenham,Man United,1,1,D,E0_19_20.csv,1.0,1.2,-0.19999999999999996,1
2020-06-19,Sevilla,Barcelona,0,0,D,SP1 (6).csv,0.4,1.2,-0.7999999999999999,1
2020-06-20,Espanol,Levante,1,3,A,SP1 (6).csv,0.6,1.6,-1.0,2
2020-06-20,Brighton,Arsenal,2,1,H,E0_19_20.csv,0.8,1.6,-0.8,0
2020-06-20,West Ham,Wolves,0,2,A,E0_19_20.csv,0.8,1.4,-0.5999999999999999,2
2020-06-20,Bournemouth,Crystal Palace,0,2,A,E0_19_20.csv,0.6,1.6,-1.0,2
2020-06-20,Watford,Leicester,1,1,D,E0_19_20.csv,0.8,1.8,-1.0,1
2020-06-20,Ath Madrid,Valladolid,1,0,H,SP1 (6).csv,0.8,1.2,-0.3999999999999999,0
2020-06-20,Getafe,Eibar,1,1,D,SP1 (6).csv,0.6,1.2,-0.6,1
2020-06-20,Ath Bilbao,Betis,1,0,H,SP1 (6).csv,0.8,0.8,0.0,0
2020-06-21,Newcastle,Sheffield United,3,0,H,E0_19_20.csv,1.4,0.4,0.9999999999999999,0
2020-06-21,Everton,Liverpool,0,0,D,E0_19_20.csv,1.2,0.2,1.0,1
2020-06-21,Aston Villa,Chelsea,1,2,A,E0_19_20.csv,1.2,0.6,0.6,2
2020-06-21,Sociedad,Real Madrid,1,2,A,SP1 (6).csv,1.2,0.8,0.3999999999999999,2
2020-06-21,Valencia,Osasuna,2,0,H,SP1 (6).csv,1.4,0.8,0.5999999999999999,0
2020-06-21,Celta,Alaves,6,0,H,SP1 (6).csv,2.0,0.8,1.2,0
2020-06-22,Leganes,Granada,0,0,D,SP1 (6).csv,2.0,0.8,1.2,1
2020-06-22,Villarreal,Sevilla,2,2,D,SP1 (6).csv,2.2,0.8,1.4000000000000001,1
2020-06-22,Man City,Burnley,5,0,H,E0_19_20.csv,3.0,0.4,2.6,0
2020-06-23,Leicester,Brighton,0,0,D,E0_19_20.csv,2.6,0.4,2.2,1
2020-06-23,Levante,Ath Madrid,0,1,A,SP1 (6).csv,1.4,0.6,0.7999999999999999,2
2020-06-23,Tottenham,West Ham,2,0,H,E0_19_20.csv,1.8,0.6,1.2000000000000002,0
2020-06-23,Barcelona,Ath Bilbao,1,0,H,SP1 (6).csv,1.6,0.2,1.4000000000000001,0
2020-06-23,Valladolid,Getafe,1,1,D,SP1 (6).csv,0.8,0.4,0.4,1
2020-06-24,Sociedad,Celta,0,1,A,SP1 (6).csv,0.8,0.6,0.20000000000000007,2
2020-06-24,Real Madrid,Mallorca,2,0,H,SP1 (6).csv,1.2,0.4,0.7999999999999999,0
2020-06-24,Liverpool,Crystal Palace,4,0,H,E0_19_20.csv,1.6,0.4,1.2000000000000002,0
2020-06-24,Wolves,Bournemouth,1,0,H,E0_19_20.csv,1.6,0.4,1.2000000000000002,0
2020-06-24,Norwich,Everton,0,1,A,E0_19_20.csv,1.4,0.4,0.9999999999999999,2
2020-06-24,Newcastle,Aston Villa,1,1,D,E0_19_20.csv,1.6,0.4,1.2000000000000002,1
2020-06-24,Man United,Sheffield United,3,0,H,E0_19_20.csv,1.8,0.4,1.4,0
2020-06-24,Alaves,Osasuna,0,1,A,SP1 (6).csv,1.0,0.6,0.4,2
2020-06-25,Chelsea,Man City,2,1,H,E0_19_20.csv,1.2,0.8,0.3999999999999999,0
2020-06-25,Betis,Espanol,1,0,H,SP1 (6).csv,1.4,0.6,0.7999999999999999,0
2020-06-25,Southampton,Arsenal,0,2,A,E0_19_20.csv,1.2,0.8,0.3999999999999999,2
2020-06-25,Burnley,Watford,1,0,H,E0_19_20.csv,0.8,0.8,0.0,0
2020-06-25,Eibar,Valencia,1,0,H,SP1 (6).csv,1.0,0.6,0.4,0
2020-06-26,Sevilla,Valladolid,1,1,D,SP1 (6).csv,0.8,0.6,0.20000000000000007,1
2020-06-27,Ath Madrid,Alaves,2,1,H,SP1 (6).csv,1.0,0.8,0.19999999999999996,0
2020-06-27,Aston Villa,Wolves,0,1,A,E0_19_20.csv,1.0,0.6,0.4,2
2020-06-27,Celta,Barcelona,2,2,D,SP1 (6).csv,1.2,1.0,0.19999999999999996,1
2020-06-27,Ath Bilbao,Mallorca,3,1,H,SP1 (6).csv,1.6,1.2,0.40000000000000013,0
2020-06-27,Osasuna,Leganes,2,1,H,SP1 (6).csv,1.8,1.2,0.6000000000000001,0
2020-06-28,Espanol,Real Madrid,0,1,A,SP1 (6).csv,1.4,1.2,0.19999999999999996,2
2020-06-28,Villarreal,Valencia,2,0,H,SP1 (6).csv,1.8,1.0,0.8,0
2020-06-28,Granada,Eibar,1,2,A,SP1 (6).csv,1.6,1.0,0.6000000000000001,2
2020-06-28,Watford,Southampton,1,3,A,E0_19_20.csv,1.2,1.4,-0.19999999999999996,2
2020-06-28,Levante,Betis,4,2,H,SP1 (6).csv,1.6,1.6,0.0,0
2020-06-29,Crystal Palace,Burnley,0,1,A,E0_19_20.csv,1.6,1.6,0.0,2
2020-06-29,Getafe,Sociedad,2,1,H,SP1 (6).csv,1.6,1.8,-0.19999999999999996,0
2020-06-30,Brighton,Man United,0,3,A,E0_19_20.csv,1.4,2.0,-0.6000000000000001,2
2020-06-30,Leganes,Sevilla,0,3,A,SP1 (6).csv,1.2,2.0,-0.8,2
2020-06-30,Mallorca,Celta,5,1,H,SP1 (6).csv,1.4,1.8,-0.40000000000000013,0
2020-06-30,Barcelona,Ath Madrid,2,2,D,SP1 (6).csv,1.8,2.0,-0.19999999999999996,1
2020-07-01,Alaves,Granada,0,2,A,SP1 (6).csv,1.4,2.2,-0.8000000000000003,2
2020-07-01,West Ham,Chelsea,3,2,H,E0_19_20.csv,2.0,2.0,0.0,0
2020-07-01,Everton,Leicester,2,1,H,E0_19_20.csv,2.4,1.6,0.7999999999999998,0
2020-07-01,Bournemouth,Newcastle,1,4,A,E0_19_20.csv,1.6,2.2,-0.6000000000000001,2
2020-07-01,Valladolid,Levante,0,0,D,SP1 (6).csv,1.2,1.8,-0.6000000000000001,1
2020-07-01,Valencia,Ath Bilbao,0,2,A,SP1 (6).csv,1.2,1.8,-0.6000000000000001,2
2020-07-01,Betis,Villarreal,0,2,A,SP1 (6).csv,0.6,1.8,-1.2000000000000002,2
2020-07-01,Arsenal,Norwich,4,0,H,E0_19_20.csv,1.0,1.6,-0.6000000000000001,0
2020-07-02,Eibar,Osasuna,0,2,A,SP1 (6).csv,0.8,1.2,-0.3999999999999999,2
2020-07-02,Sociedad,Espanol,2,1,H,SP1 (6).csv,1.2,1.4,-0.19999999999999996,0
2020-07-02,Real Madrid,Getafe,1,0,H,SP1 (6).csv,1.4,1.0,0.3999999999999999,0
2020-07-02,Sheffield United,Tottenham,3,1,H,E0_19_20.csv,2.0,0.8,1.2,0
2020-07-02,Man City,Liverpool,4,0,H,E0_19_20.csv,2.0,0.8,1.2,0
2020-07-03,Ath Madrid,Mallorca,3,0,H,SP1 (6).csv,2.6,0.4,2.2,0
2020-07-04,Wolves,Arsenal,0,2,A,E0_19_20.csv,2.2,0.6,1.6,2
2020-07-04,Celta,Betis,1,1,D,SP1 (6).csv,2.2,0.8,1.4000000000000001,1
2020-07-04,Chelsea,Watford,3,0,H,E0_19_20.csv,2.2,0.6,1.6,0
2020-07-04,Man United,Bournemouth,5,2,H,E0_19_20.csv,2.4,1.0,1.4,0
2020-07-04,Granada,Valencia,2,2,D,SP1 (6).csv,2.2,1.4,0.8000000000000003,1
2020-07-04,Norwich,Brighton,0,1,A,E0_19_20.csv,2.2,1.2,1.0000000000000002,2
2020-07-04,Valladolid,Alaves,1,0,H,SP1 (6).csv,2.2,1.0,1.2000000000000002,0
2020-07-04,Leicester,Crystal Palace,3,0,H,E0_19_20.csv,2.2,1.0,1.2000000000000002,0
2020-07-05,Southampton,Man City,1,0,H,E0_19_20.csv,1.4,0.6,0.7999999999999999,0
2020-07-05,Ath Bilbao,Real Madrid,0,1,A,SP1 (6).csv,1.0,0.4,0.6,2
2020-07-05,Osasuna,Getafe,0,0,D,SP1 (6).csv,1.0,0.2,0.8,1
2020-07-05,Espanol,Leganes,0,1,A,SP1 (6).csv,0.8,0.4,0.4,2
2020-07-05,Liverpool,Aston Villa,2,0,H,E0_19_20.csv,0.6,0.4,0.19999999999999996,0
2020-07-05,Newcastle,West Ham,2,2,D,E0_19_20.csv,0.8,0.8,0.0,1
2020-07-05,Burnley,Sheffield United,1,1,D,E0_19_20.csv,1.0,0.8,0.19999999999999996,1
2020-07-05,Villarreal,Barcelona,1,4,A,SP1 (6).csv,1.2,1.6,-0.40000000000000013,2
2020-07-06,Tottenham,Everton,1,0,H,E0_19_20.csv,1.4,1.4,0.0,0
2020-07-06,Sevilla,Eibar,1,0,H,SP1 (6).csv,1.2,1.4,-0.19999999999999996,0
2020-07-06,Levante,Sociedad,1,1,D,SP1 (6).csv,1.0,1.2,-0.19999999999999996,1
2020-07-07,Crystal Palace,Chelsea,2,3,A,E0_19_20.csv,1.2,1.6,-0.40000000000000013,2
2020-07-07,Arsenal,Leicester,1,1,D,E0_19_20.csv,1.2,1.0,0.19999999999999996,1
2020-07-07,Celta,Ath Madrid,1,1,D,SP1 (6).csv,1.2,1.2,0.0,1
2020-07-07,Watford,Norwich,2,1,H,E0_19_20.csv,1.4,1.4,0.0,0
2020-07-07,Valencia,Valladolid,2,1,H,SP1 (6).csv,1.6,1.4,0.20000000000000018,0
2020-07-08,West Ham,Burnley,0,1,A,E0_19_20.csv,1.2,1.0,0.19999999999999996,2
2020-07-08,Brighton,Liverpool,1,3,A,E0_19_20.csv,1.2,1.4,-0.19999999999999996,2
2020-07-08,Sheffield United,Wolves,1,0,H,E0_19_20.csv,1.2,1.2,0.0,0
2020-07-08,Betis,Osasuna,3,0,H,SP1 (6).csv,1.4,1.0,0.3999999999999999,0
2020-07-08,Getafe,Villarreal,1,3,A,SP1 (6).csv,1.2,1.4,-0.19999999999999996,2
2020-07-08,Barcelona,Espanol,1,0,H,SP1 (6).csv,1.4,1.2,0.19999999999999996,0
2020-07-08,Man City,Newcastle,5,0,H,E0_19_20.csv,2.2,0.6,1.6,0
2020-07-09,Eibar,Leganes,0,0,D,SP1 (6).csv,2.0,0.6,1.4,1
2020-07-09,Aston Villa,Man United,0,3,A,E0_19_20.csv,1.4,1.2,0.19999999999999996,2
2020-07-09,Everton,Southampton,1,1,D,E0_19_20.csv,1.4,0.8,0.5999999999999999,1
2020-07-09,Bournemouth,Tottenham,0,0,D,E0_19_20.csv,1.2,0.8,0.3999999999999999,1
2020-07-09,Mallorca,Levante,2,0,H,SP1 (6).csv,0.6,0.8,-0.20000000000000007,0
2020-07-09,Ath Bilbao,Sevilla,1,2,A,SP1 (6).csv,0.8,1.2,-0.3999999999999999,2
2020-07-10,Real Madrid,Alaves,2,0,H,SP1 (6).csv,1.2,0.6,0.6,0
2020-07-10,Sociedad,Granada,2,3,A,SP1 (6).csv,1.4,1.0,0.3999999999999999,2
2020-07-11,Ath Madrid,Betis,1,0,H,SP1 (6).csv,1.6,1.0,0.6000000000000001,0
2020-07-11,Watford,Newcastle,2,1,H,E0_19_20.csv,1.6,1.2,0.40000000000000013,0
2020-07-11,Sheffield United,Chelsea,3,0,H,E0_19_20.csv,2.0,0.8,1.2,0
2020-07-11,Brighton,Man City,0,5,A,E0_19_20.csv,1.6,1.8,-0.19999999999999996,2
2020-07-11,Osasuna,Celta,2,1,H,SP1 (6).csv,1.6,1.4,0.20000000000000018,0
2020-07-11,Valladolid,Barcelona,0,1,A,SP1 (6).csv,1.4,1.6,-0.20000000000000018,2
2020-07-11,Liverpool,Burnley,1,1,D,E0_19_20.csv,1.2,1.6,-0.40000000000000013,1
2020-07-11,Norwich,West Ham,0,4,A,E0_19_20.csv,0.6,2.4,-1.7999999999999998,2
2020-07-12,Aston Villa,Crystal Palace,2,0,H,E0_19_20.csv,1.0,1.4,-0.3999999999999999,0
2020-07-12,Wolves,Everton,3,0,H,E0_19_20.csv,1.2,1.2,0.0,0
2020-07-12,Espanol,Eibar,0,2,A,SP1 (6).csv,1.2,1.4,-0.19999999999999996,2
2020-07-12,Tottenham,Arsenal,2,1,H,E0_19_20.csv,1.4,1.4,0.0,0
2020-07-12,Levante,Ath Bilbao,1,2,A,SP1 (6).csv,1.6,1.0,0.6000000000000001,2
2020-07-12,Sevilla,Mallorca,2,0,H,SP1 (6).csv,1.6,1.0,0.6000000000000001,0
2020-07-12,Leganes,Valencia,1,0,H,SP1 (6).csv,1.2,1.0,0.19999999999999996,0
2020-07-12,Bournemouth,Leicester,4,1,H,E0_19_20.csv,2.0,0.8,1.2,0
2020-07-13,Alaves,Getafe,0,0,D,SP1 (6).csv,1.6,0.6,1.0,1
2020-07-13,Granada,Real Madrid,1,2,A,SP1 (6).csv,1.6,0.6,1.0,2
2020-07-13,Man United,Southampton,2,2,D,E0_19_20.csv,1.6,1.0,0.6000000000000001,1
2020-07-13,Villarreal,Sociedad,1,2,A,SP1 (6).csv,1.6,1.4,0.20000000000000018,2
2020-07-14,Chelsea,Norwich,1,0,H,E0_19_20.csv,1.0,1.2,-0.19999999999999996,0
2020-07-15,Arsenal,Liverpool,2,1,H,E0_19_20.csv,1.4,1.4,0.0,0
2020-07-15,Man City,Bournemouth,2,1,H,E0_19_20.csv,1.6,1.2,0.40000000000000013,0
2020-07-15,Burnley,Wolves,1,1,D,E0_19_20.csv,1.4,1.0,0.3999999999999999,1
2020-07-15,Newcastle,Tottenham,1,3,A,E0_19_20.csv,1.4,1.2,0.19999999999999996,2
2020-07-16,Mallorca,Granada,1,2,A,SP1 (6).csv,1.4,1.6,-0.20000000000000018,2
2020-07-16,Valencia,Espanol,1,0,H,SP1 (6).csv,1.2,1.4,-0.19999999999999996,0
2020-07-16,Leicester,Sheffield United,2,0,H,E0_19_20.csv,1.2,1.2,0.0,0
2020-07-16,Crystal Palace,Man United,0,2,A,E0_19_20.csv,1.0,1.4,-0.3999999999999999,2
2020-07-16,Southampton,Brighton,1,1,D,E0_19_20.csv,1.0,1.0,0.0,1
2020-07-16,Real Madrid,Villarreal,2,1,H,SP1 (6).csv,1.2,0.8,0.3999999999999999,0
2020-07-16,Sociedad,Sevilla,0,0,D,SP1 (6).csv,1.0,0.8,0.19999999999999996,1
2020-07-16,Celta,Levante,2,3,A,SP1 (6).csv,1.0,1.4,-0.3999999999999999,2
2020-07-16,Betis,Alaves,1,2,A,SP1 (6).csv,1.2,1.4,-0.19999999999999996,2
2020-07-16,Barcelona,Osasuna,1,2,A,SP1 (6).csv,1.2,1.6,-0.40000000000000013,2
2020-07-16,Ath Bilbao,Leganes,0,2,A,SP1 (6).csv,0.8,1.8,-1.0,2
2020-07-16,Eibar,Valladolid,3,1,H,SP1 (6).csv,1.4,2.0,-0.6000000000000001,0
2020-07-16,Everton,Aston Villa,1,1,D,E0_19_20.csv,1.2,1.6,-0.40000000000000013,1
2020-07-16,Getafe,Ath Madrid,0,2,A,SP1 (6).csv,1.0,1.6,-0.6000000000000001,2
2020-07-17,West Ham,Watford,3,1,H,E0_19_20.csv,1.4,1.4,0.0,0
2020-07-18,Norwich,Burnley,0,2,A,E0_19_20.csv,1.4,1.4,0.0,2
2020-07-19,Granada,Ath Bilbao,4,0,H,SP1 (6).csv,1.6,1.2,0.40000000000000013,0
2020-07-19,Espanol,Celta,0,0,D,SP1 (6).csv,1.4,1.0,0.3999999999999999,1
2020-07-19,Osasuna,Mallorca,2,2,D,SP1 (6).csv,1.8,1.0,0.8,1
2020-07-19,Villarreal,Eibar,4,0,H,SP1 (6).csv,2.0,0.8,1.2,0
2020-07-19,Valladolid,Betis,2,0,H,SP1 (6).csv,2.4,0.4,2.0,0
2020-07-19,Bournemouth,Southampton,0,2,A,E0_19_20.csv,1.6,0.8,0.8,2
2020-07-19,Sevilla,Valencia,1,0,H,SP1 (6).csv,1.8,0.8,1.0,0
2020-07-19,Levante,Getafe,1,0,H,SP1 (6).csv,1.6,0.4,1.2000000000000002,0
2020-07-19,Leganes,Real Madrid,2,2,D,SP1 (6).csv,1.2,0.8,0.3999999999999999,1
2020-07-19,Tottenham,Leicester,3,0,H,E0_19_20.csv,1.4,0.8,0.5999999999999999,0
2020-07-19,Ath Madrid,Sociedad,1,1,D,SP1 (6).csv,1.6,0.6,1.0,1
2020-07-19,Alaves,Barcelona,0,5,A,SP1 (6).csv,1.4,1.6,-0.20000000000000018,2
2020-07-20,Wolves,Crystal Palace,2,0,H,E0_19_20.csv,1.6,1.6,0.0,0
2020-07-20,Brighton,Newcastle,0,0,D,E0_19_20.csv,1.2,1.2,0.0,1
2020-07-20,Sheffield United,Everton,0,1,A,E0_19_20.csv,0.6,1.4,-0.7999999999999999,2
2020-07-21,Watford,Man City,0,4,A,E0_19_20.csv,0.4,2.0,-1.6,2
2020-07-21,Aston Villa,Arsenal,1,0,H,E0_19_20.csv,0.6,1.0,-0.4,0
2020-07-22,Man United,West Ham,1,1,D,E0_19_20.csv,0.4,1.2,-0.7999999999999999,1
2020-07-22,Liverpool,Chelsea,5,3,H,E0_19_20.csv,1.4,1.8,-0.40000000000000013,0
2020-07-26,West Ham,Aston Villa,1,1,D,E0_19_20.csv,1.6,1.8,-0.19999999999999996,1
2020-07-26,Southampton,Sheffield United,3,1,H,E0_19_20.csv,2.2,1.2,1.0000000000000002,0
2020-07-26,Man City,Norwich,5,0,H,E0_19_20.csv,3.0,1.2,1.8,0
2020-07-26,Leicester,Man United,0,2,A,E0_19_20.csv,2.8,1.4,1.4,2
2020-07-26,Everton,Bournemouth,1,3,A,E0_19_20.csv,2.0,1.4,0.6000000000000001,2
2020-07-26,Chelsea,Wolves,2,0,H,E0_19_20.csv,2.2,1.2,1.0000000000000002,0
2020-07-26,Burnley,Brighton,1,2,A,E0_19_20.csv,1.8,1.4,0.40000000000000013,2
2020-07-26,Arsenal,Watford,3,2,H,E0_19_20.csv,1.4,1.8,-0.40000000000000013,0
2020-07-26,Newcastle,Liverpool,1,3,A,E0_19_20.csv,1.6,2.0,-0.3999999999999999,2
2020-07-26,Crystal Palace,Tottenham,1,1,D,E0_19_20.csv,1.6,1.6,0.0,1
2020-09-12,West Ham,Newcastle,0,2,A,E0_20_21.csv,1.2,2.0,-0.8,2
2020-09-12,Crystal Palace,Southampton,1,0,H,E0_20_21.csv,1.2,1.6,-0.40000000000000013,0
2020-09-12,Fulham,Arsenal,0,3,A,E0_20_21.csv,0.6,1.8,-1.2000000000000002,2
2020-09-12,Liverpool,Leeds,4,3,H,E0_20_21.csv,1.2,1.8,-0.6000000000000001,0
2020-09-12,Granada,Ath Bilbao,2,0,H,SP1 (5).csv,1.4,1.6,-0.20000000000000018,0
2020-09-12,Cadiz,Osasuna,0,2,A,SP1 (5).csv,1.4,1.6,-0.20000000000000018,2
2020-09-12,Eibar,Celta,0,0,D,SP1 (5).csv,1.2,1.6,-0.40000000000000013,1
2020-09-13,Tottenham,Everton,0,1,A,E0_20_21.csv,1.2,1.2,0.0,2
2020-09-13,West Brom,Leicester,0,3,A,E0_20_21.csv,0.4,1.2,-0.7999999999999999,2
2020-09-13,Valencia,Levante,4,2,H,SP1 (5).csv,0.8,1.6,-0.8,0
2020-09-13,Villarreal,Huesca,1,1,D,SP1 (5).csv,1.0,1.4,-0.3999999999999999,1
2020-09-13,Valladolid,Sociedad,1,1,D,SP1 (5).csv,1.2,1.6,-0.40000000000000013,1
2020-09-13,Alaves,Betis,0,1,A,SP1 (5).csv,1.2,1.6,-0.40000000000000013,2
2020-09-14,Sheffield United,Wolves,0,2,A,E0_20_21.csv,1.2,1.4,-0.19999999999999996,2
2020-09-14,Brighton,Chelsea,1,3,A,E0_20_21.csv,0.6,1.6,-1.0,2
2020-09-19,Arsenal,West Ham,2,1,H,E0_20_21.csv,0.8,1.6,-0.8,0
2020-09-19,Celta,Valencia,2,1,H,SP1 (5).csv,1.0,1.6,-0.6000000000000001,0
2020-09-19,Villarreal,Eibar,2,1,H,SP1 (5).csv,1.4,1.6,-0.20000000000000018,0
2020-09-19,Getafe,Osasuna,1,0,H,SP1 (5).csv,1.6,1.2,0.40000000000000013,0
2020-09-19,Leeds,Fulham,4,3,H,E0_20_21.csv,2.2,1.2,1.0000000000000002,0
2020-09-19,Man United,Crystal Palace,1,3,A,E0_20_21.csv,2.0,1.6,0.3999999999999999,2
2020-09-19,Everton,West Brom,5,2,H,E0_20_21.csv,2.6,1.8,0.8,0
2020-09-20,Southampton,Tottenham,2,5,A,E0_20_21.csv,2.6,2.6,0.0,2
2020-09-20,Chelsea,Liverpool,0,2,A,E0_20_21.csv,2.4,3.0,-0.6000000000000001,2
2020-09-20,Huesca,Cadiz,0,2,A,SP1 (5).csv,1.6,2.8,-1.1999999999999997,2
2020-09-20,Leicester,Burnley,4,2,H,E0_20_21.csv,2.2,2.6,-0.3999999999999999,0
2020-09-20,Granada,Alaves,2,1,H,SP1 (5).csv,1.6,2.4,-0.7999999999999998,0
2020-09-20,Betis,Valladolid,2,0,H,SP1 (5).csv,1.6,1.4,0.20000000000000018,0
2020-09-20,Newcastle,Brighton,0,3,A,E0_20_21.csv,1.6,1.6,0.0,2
2020-09-20,Sociedad,Real Madrid,0,0,D,SP1 (5).csv,1.6,1.2,0.40000000000000013,1
2020-09-21,Aston Villa,Sheffield United,1,0,H,E0_20_21.csv,1.0,0.8,0.19999999999999996,0
2020-09-21,Wolves,Man City,1,3,A,E0_20_21.csv,0.8,1.2,-0.3999999999999999,2
2020-09-26,Valencia,Huesca,1,1,D,SP1 (5).csv,0.6,1.4,-0.7999999999999999,1
2020-09-26,Alaves,Getafe,0,0,D,SP1 (5).csv,0.6,0.8,-0.20000000000000007,1
2020-09-26,Burnley,Southampton,0,1,A,E0_20_21.csv,0.6,1.0,-0.4,2
2020-09-26,Elche,Sociedad,0,3,A,SP1 (5).csv,0.4,1.6,-1.2000000000000002,2
2020-09-26,West Brom,Chelsea,3,3,D,E0_20_21.csv,0.8,1.6,-0.8,1
2020-09-26,Crystal Palace,Everton,1,2,A,E0_20_21.csv,0.8,1.8,-1.0,2
2020-09-26,Brighton,Man United,2,3,A,E0_20_21.csv,1.2,2.4,-1.2,2
2020-09-26,Betis,Real Madrid,2,3,A,SP1 (5).csv,1.6,2.8,-1.1999999999999997,2
2020-09-27,Man City,Leicester,2,5,A,E0_20_21.csv,2.0,3.2,-1.2000000000000002,2
2020-09-27,Osasuna,Levante,1,3,A,SP1 (5).csv,1.6,3.2,-1.6,2
2020-09-27,Valladolid,Celta,1,1,D,SP1 (5).csv,1.6,3.0,-1.4,1
2020-09-27,Sheffield United,Leeds,0,1,A,E0_20_21.csv,1.2,2.6,-1.4000000000000001,2
2020-09-27,Barcelona,Villarreal,4,0,H,SP1 (5).csv,1.6,2.0,-0.3999999999999999,0
2020-09-27,West Ham,Wolves,4,0,H,E0_20_21.csv,2.0,1.0,1.0,0
2020-09-27,Cadiz,Sevilla,1,3,A,SP1 (5).csv,2.0,1.0,1.0,2
2020-09-27,Ath Madrid,Granada,6,1,H,SP1 (5).csv,3.0,1.0,2.0,0
2020-09-27,Tottenham,Newcastle,1,1,D,E0_20_21.csv,3.2,1.0,2.2,1
2020-09-27,Eibar,Ath Bilbao,1,2,A,SP1 (5).csv,2.6,1.4,1.2000000000000002,2
2020-09-28,Fulham,Aston Villa,0,3,A,E0_20_21.csv,1.8,2.0,-0.19999999999999996,2
2020-09-28,Liverpool,Arsenal,3,1,H,E0_20_21.csv,2.2,1.6,0.6000000000000001,0
2020-09-29,Sociedad,Valencia,0,1,A,SP1 (5).csv,1.0,1.6,-0.6000000000000001,2
2020-09-29,Getafe,Betis,3,0,H,SP1 (5).csv,1.4,1.4,0.0,0
2020-09-30,Eibar,Elche,0,1,A,SP1 (5).csv,1.2,1.2,0.0,2
2020-09-30,Real Madrid,Valladolid,1,0,H,SP1 (5).csv,1.4,0.6,0.7999999999999999,0
2020-09-30,Huesca,Ath Madrid,0,0,D,SP1 (5).csv,0.8,0.4,0.4,1
2020-09-30,Villarreal,Alaves,3,1,H,SP1 (5).csv,1.4,0.4,0.9999999999999999,0
2020-10-01,Ath Bilbao,Cadiz,0,1,A,SP1 (5).csv,0.8,0.6,0.20000000000000007,2
2020-10-01,Celta,Barcelona,0,3,A,SP1 (5).csv,0.8,1.0,-0.19999999999999996,2
2020-10-01,Sevilla,Levante,1,0,H,SP1 (5).csv,0.8,1.0,-0.19999999999999996,0
2020-10-03,Chelsea,Crystal Palace,4,0,H,E0_20_21.csv,1.6,1.0,0.6000000000000001,0
2020-10-03,Valencia,Betis,0,2,A,SP1 (5).csv,1.0,1.2,-0.19999999999999996,2
2020-10-03,Sociedad,Getafe,3,0,H,SP1 (5).csv,1.6,1.0,0.6000000000000001,0
2020-10-03,Elche,Huesca,0,0,D,SP1 (5).csv,1.6,0.4,1.2000000000000002,1
2020-10-03,Ath Madrid,Villarreal,0,0,D,SP1 (5).csv,1.4,0.4,0.9999999999999999,1
2020-10-03,Valladolid,Eibar,1,2,A,SP1 (5).csv,0.8,0.8,0.0,2
2020-10-03,Newcastle,Burnley,3,1,H,E0_20_21.csv,1.4,0.6,0.7999999999999999,0
2020-10-03,Leeds,Man City,1,1,D,E0_20_21.csv,1.0,0.8,0.19999999999999996,1
2020-10-03,Everton,Brighton,4,2,H,E0_20_21.csv,1.8,1.2,0.6000000000000001,0
2020-10-04,Barcelona,Sevilla,1,1,D,SP1 (5).csv,2.0,1.4,0.6000000000000001,1
2020-10-04,Cadiz,Granada,1,1,D,SP1 (5).csv,2.0,1.2,0.8,1
2020-10-04,Arsenal,Sheffield United,2,1,H,E0_20_21.csv,1.8,1.2,0.6000000000000001,0
2020-10-04,Southampton,West Brom,2,0,H,E0_20_21.csv,2.0,1.0,1.0,0
2020-10-04,Leicester,West Ham,0,3,A,E0_20_21.csv,1.2,1.2,0.0,2
2020-10-04,Levante,Real Madrid,0,2,A,SP1 (5).csv,1.0,1.4,-0.3999999999999999,2
2020-10-04,Wolves,Fulham,1,0,H,E0_20_21.csv,1.0,1.2,-0.19999999999999996,0
2020-10-04,Osasuna,Celta,2,0,H,SP1 (5).csv,1.0,1.0,0.0,0
2020-10-04,Man United,Tottenham,1,6,A,E0_20_21.csv,0.8,2.2,-1.4000000000000001,2
2020-10-04,Aston Villa,Liverpool,7,2,H,E0_20_21.csv,2.2,2.0,0.20000000000000018,0
2020-10-04,Alaves,Ath Bilbao,1,0,H,SP1 (5).csv,2.4,1.6,0.7999999999999998,0
2020-10-17,Getafe,Barcelona,1,0,H,SP1 (5).csv,2.4,1.6,0.7999999999999998,0
2020-10-17,Granada,Sevilla,1,0,H,SP1 (5).csv,2.2,1.6,0.6000000000000001,0
2020-10-17,Celta,Ath Madrid,0,2,A,SP1 (5).csv,2.0,0.8,1.2,2
2020-10-17,Newcastle,Man United,1,4,A,E0_20_21.csv,0.8,1.2,-0.3999999999999999,2
2020-10-17,Man City,Arsenal,1,0,H,E0_20_21.csv,0.8,1.2,-0.3999999999999999,0
2020-10-17,Chelsea,Southampton,3,3,D,E0_20_21.csv,1.2,1.8,-0.6000000000000001,1
2020-10-17,Everton,Liverpool,2,2,D,E0_20_21.csv,1.4,2.2,-0.8000000000000003,1
2020-10-17,Real Madrid,Cadiz,0,1,A,SP1 (5).csv,1.4,2.0,-0.6000000000000001,2
2020-10-18,Eibar,Osasuna,0,0,D,SP1 (5).csv,1.2,1.2,0.0,1
2020-10-18,Ath Bilbao,Levante,2,0,H,SP1 (5).csv,1.4,1.2,0.19999999999999996,0
2020-10-18,Villarreal,Valencia,2,1,H,SP1 (5).csv,1.2,0.8,0.3999999999999999,0
2020-10-18,Sheffield United,Fulham,1,1,D,E0_20_21.csv,1.0,0.6,0.4,1
2020-10-18,Huesca,Valladolid,2,2,D,SP1 (5).csv,1.4,0.8,0.5999999999999999,1
2020-10-18,Tottenham,West Ham,3,3,D,E0_20_21.csv,2.0,1.4,0.6000000000000001,1
2020-10-18,Alaves,Elche,0,2,A,SP1 (5).csv,1.6,1.8,-0.19999999999999996,2
2020-10-18,Leicester,Aston Villa,0,1,A,E0_20_21.csv,1.2,1.8,-0.6000000000000001,2
2020-10-18,Betis,Sociedad,0,3,A,SP1 (5).csv,1.0,2.2,-1.2000000000000002,2
2020-10-18,Crystal Palace,Brighton,1,1,D,E0_20_21.csv,0.8,2.0,-1.2,1
2020-10-19,Leeds,Wolves,0,1,A,E0_20_21.csv,0.2,1.6,-1.4000000000000001,2
2020-10-19,West Brom,Burnley,0,0,D,E0_20_21.csv,0.2,1.2,-1.0,1
2020-10-23,Elche,Valencia,2,1,H,SP1 (5).csv,0.6,1.2,-0.6,0
2020-10-23,Aston Villa,Leeds,0,3,A,E0_20_21.csv,0.6,1.2,-0.6,2
2020-10-24,Ath Madrid,Betis,2,0,H,SP1 (5).csv,0.8,1.0,-0.19999999999999996,0
2020-10-24,Sevilla,Eibar,0,1,A,SP1 (5).csv,0.8,1.0,-0.19999999999999996,2
2020-10-24,Osasuna,Ath Bilbao,1,0,H,SP1 (5).csv,1.0,1.0,0.0,0
2020-10-24,Barcelona,Real Madrid,1,3,A,SP1 (5).csv,0.8,1.4,-0.5999999999999999,2
2020-10-24,Fulham,Crystal Palace,1,2,A,E0_20_21.csv,1.0,1.2,-0.19999999999999996,2
2020-10-24,Man United,Chelsea,0,0,D,E0_20_21.csv,0.6,1.2,-0.6,1
2020-10-24,Liverpool,Sheffield United,2,1,H,E0_20_21.csv,1.0,1.2,-0.19999999999999996,0
2020-10-24,West Ham,Man City,1,1,D,E0_20_21.csv,1.0,1.4,-0.3999999999999999,1
2020-10-25,Valladolid,Alaves,0,2,A,SP1 (5).csv,0.8,1.2,-0.3999999999999999,2
2020-10-25,Cadiz,Villarreal,0,0,D,SP1 (5).csv,0.6,0.8,-0.20000000000000007,1
2020-10-25,Getafe,Granada,0,1,A,SP1 (5).csv,0.6,1.0,-0.4,2
2020-10-25,Sociedad,Huesca,4,1,H,SP1 (5).csv,1.0,1.0,0.0,0
2020-10-25,Southampton,Everton,2,0,H,E0_20_21.csv,1.2,0.8,0.3999999999999999,0
2020-10-25,Wolves,Newcastle,1,1,D,E0_20_21.csv,1.4,0.6,0.7999999999999999,1
2020-10-25,Arsenal,Leicester,0,1,A,E0_20_21.csv,1.4,0.8,0.5999999999999999,2
2020-10-26,Brighton,West Brom,1,1,D,E0_20_21.csv,1.6,0.8,0.8,1
2020-10-26,Levante,Celta,1,1,D,SP1 (5).csv,1.0,0.8,0.19999999999999996,1
2020-10-26,Burnley,Tottenham,0,1,A,E0_20_21.csv,0.6,1.0,-0.4,2
2020-10-30,Eibar,Cadiz,0,2,A,SP1 (5).csv,0.4,1.2,-0.7999999999999999,2
2020-10-30,Wolves,Crystal Palace,2,0,H,E0_20_21.csv,0.8,1.0,-0.19999999999999996,0
2020-10-31,Sheffield United,Man City,0,1,A,E0_20_21.csv,0.6,1.0,-0.4,2
2020-10-31,Burnley,Chelsea,0,3,A,E0_20_21.csv,0.4,1.4,-0.9999999999999999,2
2020-10-31,Liverpool,West Ham,2,1,H,E0_20_21.csv,0.8,1.4,-0.5999999999999999,0
2020-10-31,Alaves,Barcelona,1,1,D,SP1 (5).csv,1.0,1.2,-0.19999999999999996,1
2020-10-31,Osasuna,Ath Madrid,1,3,A,SP1 (5).csv,0.8,1.8,-1.0,2
2020-10-31,Real Madrid,Huesca,4,1,H,SP1 (5).csv,1.6,1.8,-0.19999999999999996,0
2020-10-31,Ath Bilbao,Sevilla,2,1,H,SP1 (5).csv,2.0,1.4,0.6000000000000001,0
2020-11-01,Aston Villa,Southampton,3,4,A,E0_20_21.csv,2.2,2.0,0.20000000000000018,2
2020-11-01,Betis,Elche,3,1,H,SP1 (5).csv,2.6,2.0,0.6000000000000001,0
2020-11-01,Celta,Sociedad,1,4,A,SP1 (5).csv,2.6,2.2,0.3999999999999999,2
2020-11-01,Granada,Levante,1,1,D,SP1 (5).csv,2.0,2.2,-0.20000000000000018,1
2020-11-01,Tottenham,Brighton,2,1,H,E0_20_21.csv,2.0,2.2,-0.20000000000000018,0
2020-11-01,Man United,Arsenal,0,1,A,E0_20_21.csv,1.4,1.6,-0.20000000000000018,2
2020-11-01,Valencia,Getafe,2,2,D,SP1 (5).csv,1.2,1.8,-0.6000000000000001,1
2020-11-01,Newcastle,Everton,2,1,H,E0_20_21.csv,1.4,1.2,0.19999999999999996,0
2020-11-02,Fulham,West Brom,2,0,H,E0_20_21.csv,1.6,1.0,0.6000000000000001,0
2020-11-02,Leeds,Leicester,1,4,A,E0_20_21.csv,1.4,1.6,-0.20000000000000018,2
2020-11-02,Villarreal,Valladolid,2,0,H,SP1 (5).csv,1.8,1.4,0.40000000000000013,0
2020-11-06,Southampton,Newcastle,2,0,H,E0_20_21.csv,1.8,1.0,0.8,0
2020-11-06,Brighton,Burnley,0,0,D,E0_20_21.csv,1.4,0.8,0.5999999999999999,1
2020-11-06,Elche,Celta,1,1,D,SP1 (5).csv,1.2,1.0,0.19999999999999996,1
2020-11-07,Ath Madrid,Cadiz,4,0,H,SP1 (5).csv,1.8,0.2,1.6,0
2020-11-07,West Ham,Fulham,1,0,H,E0_20_21.csv,1.6,0.2,1.4000000000000001,0
2020-11-07,Everton,Man United,1,3,A,E0_20_21.csv,1.4,0.8,0.5999999999999999,2
2020-11-07,Crystal Palace,Leeds,4,1,H,E0_20_21.csv,2.2,1.0,1.2000000000000002,0
2020-11-07,Chelsea,Sheffield United,4,1,H,E0_20_21.csv,2.8,1.0,1.7999999999999998,0
2020-11-07,Barcelona,Betis,5,2,H,SP1 (5).csv,3.0,1.4,1.6,0
2020-11-07,Huesca,Eibar,1,1,D,SP1 (5).csv,3.0,1.6,1.4,1
2020-11-07,Sevilla,Osasuna,1,0,H,SP1 (5).csv,3.0,1.0,2.0,0
2020-11-08,Getafe,Villarreal,1,3,A,SP1 (5).csv,2.4,1.4,1.0,2
2020-11-08,Sociedad,Granada,2,0,H,SP1 (5).csv,2.0,1.2,0.8,0
2020-11-08,West Brom,Tottenham,0,1,A,E0_20_21.csv,1.0,1.0,0.0,2
2020-11-08,Valladolid,Ath Bilbao,2,1,H,SP1 (5).csv,1.2,1.0,0.19999999999999996,0
2020-11-08,Valencia,Real Madrid,4,1,H,SP1 (5).csv,1.8,1.2,0.6000000000000001,0
2020-11-08,Arsenal,Aston Villa,0,3,A,E0_20_21.csv,1.6,1.2,0.40000000000000013,2
2020-11-08,Man City,Liverpool,1,1,D,E0_20_21.csv,1.4,1.4,0.0,1
2020-11-08,Leicester,Wolves,1,0,H,E0_20_21.csv,1.6,1.2,0.40000000000000013,0
2020-11-08,Levante,Alaves,1,1,D,SP1 (5).csv,1.4,1.2,0.19999999999999996,1
2020-11-20,Osasuna,Huesca,1,1,D,SP1 (5).csv,0.8,1.2,-0.3999999999999999,1
2020-11-21,Aston Villa,Brighton,1,2,A,E0_20_21.csv,1.0,1.0,0.0,2
2020-11-21,Newcastle,Chelsea,0,2,A,E0_20_21.csv,0.8,1.2,-0.3999999999999999,2
2020-11-21,Tottenham,Man City,2,0,H,E0_20_21.csv,1.0,1.2,-0.19999999999999996,0
2020-11-21,Villarreal,Real Madrid,1,1,D,SP1 (5).csv,1.0,1.2,-0.19999999999999996,1
2020-11-21,Man United,West Brom,1,0,H,E0_20_21.csv,1.0,1.0,0.0,0
2020-11-21,Sevilla,Celta,4,2,H,SP1 (5).csv,1.6,1.0,0.6000000000000001,0
2020-11-21,Ath Madrid,Barcelona,1,0,H,SP1 (5).csv,1.8,0.6,1.2000000000000002,0
2020-11-21,Levante,Elche,1,1,D,SP1 (5).csv,1.6,0.8,0.8,1
2020-11-22,Leeds,Arsenal,0,0,D,E0_20_21.csv,1.4,0.6,0.7999999999999999,1
2020-11-22,Eibar,Getafe,0,0,D,SP1 (5).csv,1.2,0.6,0.6,1
2020-11-22,Liverpool,Leicester,3,0,H,E0_20_21.csv,1.0,0.2,0.8,0
2020-11-22,Cadiz,Sociedad,0,1,A,SP1 (5).csv,0.8,0.4,0.4,2
2020-11-22,Fulham,Everton,2,3,A,E0_20_21.csv,1.0,0.8,0.19999999999999996,2
2020-11-22,Alaves,Valencia,2,2,D,SP1 (5).csv,1.4,1.2,0.19999999999999996,1
2020-11-22,Granada,Valladolid,1,3,A,SP1 (5).csv,1.6,1.8,-0.19999999999999996,2
2020-11-22,Sheffield United,West Ham,0,1,A,E0_20_21.csv,1.0,2.0,-1.0,2
2020-11-23,Wolves,Southampton,1,1,D,E0_20_21.csv,1.2,2.0,-0.8,1
2020-11-23,Burnley,Crystal Palace,1,0,H,E0_20_21.csv,1.0,1.4,-0.3999999999999999,0
2020-11-23,Ath Bilbao,Betis,4,0,H,SP1 (5).csv,1.4,1.0,0.3999999999999999,0
2020-11-27,Crystal Palace,Newcastle,0,2,A,E0_20_21.csv,1.2,0.8,0.3999999999999999,2
2020-11-27,Valladolid,Levante,1,1,D,SP1 (5).csv,1.4,0.8,0.5999999999999999,1
2020-11-28,Valencia,Ath Madrid,0,1,A,SP1 (5).csv,1.2,0.8,0.3999999999999999,2
2020-11-28,Brighton,Liverpool,1,1,D,E0_20_21.csv,1.2,1.0,0.19999999999999996,1
2020-11-28,Real Madrid,Alaves,1,2,A,SP1 (5).csv,0.6,1.4,-0.7999999999999999,2
2020-11-28,Elche,Cadiz,1,1,D,SP1 (5).csv,0.8,1.2,-0.3999999999999999,1
2020-11-28,West Brom,Sheffield United,1,0,H,E0_20_21.csv,0.8,1.0,-0.19999999999999996,0
2020-11-28,Everton,Leeds,0,1,A,E0_20_21.csv,0.8,1.0,-0.19999999999999996,2
2020-11-28,Man City,Burnley,5,0,H,E0_20_21.csv,1.6,0.8,0.8,0
2020-11-28,Huesca,Sevilla,0,1,A,SP1 (5).csv,1.4,0.6,0.7999999999999999,2
2020-11-29,Barcelona,Osasuna,4,0,H,SP1 (5).csv,2.0,0.4,1.6,0
2020-11-29,Celta,Granada,3,1,H,SP1 (5).csv,2.4,0.6,1.7999999999999998,0
2020-11-29,Sociedad,Villarreal,1,1,D,SP1 (5).csv,2.6,0.6,2.0,1
2020-11-29,Arsenal,Wolves,1,2,A,E0_20_21.csv,1.8,1.0,0.8,2
2020-11-29,Chelsea,Tottenham,0,0,D,E0_20_21.csv,1.8,0.8,1.0,1
2020-11-29,Southampton,Man United,2,3,A,E0_20_21.csv,1.4,1.4,0.0,2
2020-11-29,Getafe,Ath Bilbao,1,1,D,SP1 (5).csv,1.0,1.4,-0.3999999999999999,1
2020-11-30,West Ham,Aston Villa,2,1,H,E0_20_21.csv,1.2,1.4,-0.19999999999999996,0
2020-11-30,Betis,Eibar,0,2,A,SP1 (5).csv,1.0,1.4,-0.3999999999999999,2
2020-11-30,Leicester,Fulham,1,2,A,E0_20_21.csv,1.2,1.8,-0.6000000000000001,2
2020-12-04,Ath Bilbao,Celta,0,2,A,SP1 (5).csv,0.8,1.6,-0.8,2
2020-12-05,Chelsea,Leeds,3,1,H,E0_20_21.csv,1.2,1.6,-0.40000000000000013,0
2020-12-05,Burnley,Everton,1,1,D,E0_20_21.csv,1.0,1.6,-0.6000000000000001,1
2020-12-05,Cadiz,Barcelona,2,1,H,SP1 (5).csv,1.4,1.4,0.0,0
2020-12-05,Man City,Fulham,2,0,H,E0_20_21.csv,1.6,1.0,0.6000000000000001,0
2020-12-05,Levante,Getafe,3,0,H,SP1 (5).csv,2.2,0.6,1.6,0
2020-12-05,Sevilla,Real Madrid,0,1,A,SP1 (5).csv,1.6,0.6,1.0,2
2020-12-05,Ath Madrid,Valladolid,2,0,H,SP1 (5).csv,1.8,0.4,1.4,0
2020-12-05,West Ham,Man United,1,3,A,E0_20_21.csv,1.6,0.8,0.8,2
2020-12-06,Liverpool,Wolves,4,0,H,E0_20_21.csv,2.0,0.8,1.2,0
2020-12-06,Sheffield United,Leicester,1,2,A,E0_20_21.csv,1.6,1.2,0.40000000000000013,2
2020-12-06,Tottenham,Arsenal,2,0,H,E0_20_21.csv,2.0,1.0,1.0,0
2020-12-06,Osasuna,Betis,0,2,A,SP1 (5).csv,1.6,1.4,0.20000000000000018,2
2020-12-06,Granada,Huesca,3,3,D,SP1 (5).csv,2.0,1.4,0.6000000000000001,1
2020-12-06,Villarreal,Elche,0,0,D,SP1 (5).csv,1.2,1.4,-0.19999999999999996,1
2020-12-06,Alaves,Sociedad,0,0,D,SP1 (5).csv,1.0,1.0,0.0,1
2020-12-06,West Brom,Crystal Palace,1,5,A,E0_20_21.csv,0.8,2.0,-1.2,2
2020-12-07,Brighton,Southampton,1,2,A,E0_20_21.csv,1.0,2.0,-1.0,2
2020-12-07,Eibar,Valencia,0,0,D,SP1 (5).csv,0.4,1.4,-0.9999999999999999,1
2020-12-11,Valladolid,Osasuna,3,2,H,SP1 (5).csv,1.0,1.8,-0.8,0
2020-12-11,Leeds,West Ham,1,2,A,E0_20_21.csv,1.2,2.2,-1.0000000000000002,2
2020-12-12,Huesca,Alaves,1,0,H,SP1 (5).csv,1.2,1.2,0.0,0
2020-12-12,Getafe,Sevilla,0,1,A,SP1 (5).csv,1.0,1.0,0.0,2
2020-12-12,Valencia,Ath Bilbao,2,2,D,SP1 (5).csv,1.4,1.4,0.0,1
2020-12-12,Everton,Chelsea,1,0,H,E0_20_21.csv,1.0,1.0,0.0,0
2020-12-12,Wolves,Aston Villa,0,1,A,E0_20_21.csv,0.8,0.8,0.0,2
2020-12-12,Newcastle,West Brom,2,1,H,E0_20_21.csv,1.0,1.0,0.0,0
2020-12-12,Man United,Man City,0,0,D,E0_20_21.csv,1.0,0.8,0.19999999999999996,1
2020-12-12,Real Madrid,Ath Madrid,2,0,H,SP1 (5).csv,1.0,0.4,0.6,0
2020-12-13,Betis,Villarreal,1,1,D,SP1 (5).csv,1.0,0.6,0.4,1
2020-12-13,Sociedad,Eibar,1,1,D,SP1 (5).csv,1.2,0.6,0.6,1
2020-12-13,Southampton,Sheffield United,3,0,H,E0_20_21.csv,1.4,0.4,0.9999999999999999,0
2020-12-13,Leicester,Brighton,3,0,H,E0_20_21.csv,2.0,0.4,1.6,0
2020-12-13,Elche,Granada,0,1,A,SP1 (5).csv,1.6,0.6,1.0,2
2020-12-13,Crystal Palace,Tottenham,1,1,D,E0_20_21.csv,1.6,0.6,1.0,1
2020-12-13,Arsenal,Burnley,0,1,A,E0_20_21.csv,1.4,0.6,0.7999999999999999,2
2020-12-13,Fulham,Liverpool,1,1,D,E0_20_21.csv,1.0,0.8,0.19999999999999996,1
2020-12-13,Barcelona,Levante,1,0,H,SP1 (5).csv,0.6,0.8,-0.20000000000000007,0
2020-12-14,Celta,Cadiz,4,0,H,SP1 (5).csv,1.4,0.6,0.7999999999999999,0
2020-12-15,Real Madrid,Ath Bilbao,3,1,H,SP1 (5).csv,1.8,0.6,1.2000000000000002,0
2020-12-15,Man City,West Brom,1,1,D,E0_20_21.csv,2.0,0.6,1.4,1
2020-12-15,Wolves,Chelsea,2,1,H,E0_20_21.csv,2.2,0.6,1.6,0
2020-12-16,Fulham,Brighton,0,0,D,E0_20_21.csv,2.0,0.6,1.4,1
2020-12-16,Liverpool,Tottenham,2,1,H,E0_20_21.csv,1.6,0.8,0.8,0
2020-12-16,Leicester,Everton,0,2,A,E0_20_21.csv,1.0,1.0,0.0,2
2020-12-16,West Ham,Crystal Palace,1,1,D,E0_20_21.csv,1.0,1.0,0.0,1
2020-12-16,Arsenal,Southampton,1,1,D,E0_20_21.csv,0.8,1.0,-0.19999999999999996,1
2020-12-16,Barcelona,Sociedad,2,1,H,SP1 (5).csv,1.2,1.2,0.0,0
2020-12-16,Leeds,Newcastle,5,2,H,E0_20_21.csv,1.8,1.4,0.40000000000000013,0
2020-12-17,Sheffield United,Man United,2,3,A,E0_20_21.csv,2.2,1.6,0.6000000000000001,2
2020-12-17,Aston Villa,Burnley,0,0,D,E0_20_21.csv,2.0,1.4,0.6000000000000001,1
2020-12-18,Ath Bilbao,Huesca,2,0,H,SP1 (5).csv,2.2,1.2,1.0000000000000002,0
2020-12-19,Barcelona,Valencia,2,2,D,SP1 (5).csv,2.2,1.4,0.8000000000000003,1
2020-12-19,Ath Madrid,Elche,3,1,H,SP1 (5).csv,1.8,1.2,0.6000000000000001,0
2020-12-19,Levante,Sociedad,2,1,H,SP1 (5).csv,1.8,0.8,1.0,0
2020-12-19,Newcastle,Fulham,1,1,D,E0_20_21.csv,2.0,1.0,1.0,1
2020-12-19,Southampton,Man City,0,1,A,E0_20_21.csv,1.6,1.2,0.40000000000000013,2
2020-12-19,Crystal Palace,Liverpool,0,7,A,E0_20_21.csv,1.2,2.2,-1.0000000000000002,2
2020-12-19,Osasuna,Villarreal,1,3,A,SP1 (5).csv,0.8,2.6,-1.8,2
2020-12-19,Sevilla,Valladolid,1,1,D,SP1 (5).csv,0.6,2.6,-2.0,1
2020-12-19,Everton,Arsenal,2,1,H,E0_20_21.csv,0.8,2.6,-1.8,0
2020-12-20,Granada,Betis,2,0,H,SP1 (5).csv,1.2,2.4,-1.2,0
2020-12-20,Eibar,Real Madrid,1,3,A,SP1 (5).csv,1.4,1.6,-0.20000000000000018,2
2020-12-20,Cadiz,Getafe,0,2,A,SP1 (5).csv,1.2,1.4,-0.19999999999999996,2
2020-12-20,Brighton,Sheffield United,1,1,D,E0_20_21.csv,1.2,1.4,-0.19999999999999996,1
2020-12-20,Celta,Alaves,2,0,H,SP1 (5).csv,1.2,1.2,0.0,0
2020-12-20,West Brom,Aston Villa,0,3,A,E0_20_21.csv,0.8,1.8,-1.0,2
2020-12-20,Man United,Leeds,6,2,H,E0_20_21.csv,1.8,1.6,0.19999999999999996,0
2020-12-20,Tottenham,Leicester,0,2,A,E0_20_21.csv,1.8,1.6,0.19999999999999996,2
2020-12-21,Burnley,Wolves,2,1,H,E0_20_21.csv,2.0,1.6,0.3999999999999999,0
2020-12-21,Chelsea,West Ham,3,0,H,E0_20_21.csv,2.2,1.6,0.6000000000000001,0
2020-12-22,Elche,Osasuna,2,2,D,SP1 (5).csv,2.6,1.4,1.2000000000000002,1
2020-12-22,Valencia,Sevilla,0,1,A,SP1 (5).csv,1.4,1.2,0.19999999999999996,2
2020-12-22,Huesca,Levante,1,1,D,SP1 (5).csv,1.6,1.0,0.6000000000000001,1
2020-12-22,Sociedad,Ath Madrid,0,2,A,SP1 (5).csv,1.2,1.2,0.0,2
2020-12-22,Villarreal,Ath Bilbao,1,1,D,SP1 (5).csv,0.8,1.4,-0.5999999999999999,1
2020-12-22,Valladolid,Barcelona,0,3,A,SP1 (5).csv,0.4,1.6,-1.2000000000000002,2
2020-12-23,Betis,Cadiz,1,0,H,SP1 (5).csv,0.6,1.4,-0.7999999999999999,0
2020-12-23,Alaves,Eibar,2,1,H,SP1 (5).csv,0.8,1.4,-0.5999999999999999,0
2020-12-23,Getafe,Celta,1,1,D,SP1 (5).csv,1.0,1.2,-0.19999999999999996,1
2020-12-23,Real Madrid,Granada,2,0,H,SP1 (5).csv,1.2,1.0,0.19999999999999996,0
2020-12-26,Sheffield United,Everton,0,1,A,E0_20_21.csv,1.2,0.6,0.6,2
2020-12-26,Man City,Newcastle,2,0,H,E0_20_21.csv,1.4,0.6,0.7999999999999999,0
2020-12-26,Arsenal,Chelsea,3,1,H,E0_20_21.csv,1.6,0.6,1.0,0
2020-12-26,Fulham,Southampton,0,0,D,E0_20_21.csv,1.4,0.4,0.9999999999999999,1
2020-12-26,Leicester,Man United,2,2,D,E0_20_21.csv,1.4,0.8,0.5999999999999999,1
2020-12-26,Aston Villa,Crystal Palace,3,0,H,E0_20_21.csv,2.0,0.6,1.4,0
2020-12-27,Wolves,Tottenham,1,1,D,E0_20_21.csv,1.8,0.8,1.0,1
2020-12-27,West Ham,Brighton,2,2,D,E0_20_21.csv,1.6,1.0,0.6000000000000001,1
2020-12-27,Liverpool,West Brom,1,1,D,E0_20_21.csv,1.8,1.2,0.6000000000000001,1
2020-12-27,Leeds,Burnley,1,0,H,E0_20_21.csv,1.6,0.8,0.8,0
2020-12-28,Chelsea,Aston Villa,1,1,D,E0_20_21.csv,1.2,1.0,0.19999999999999996,1
2020-12-28,Crystal Palace,Leicester,1,1,D,E0_20_21.csv,1.2,1.0,0.19999999999999996,1
2020-12-29,Cadiz,Valladolid,0,0,D,SP1 (5).csv,0.8,0.6,0.20000000000000007,1
2020-12-29,Sevilla,Villarreal,2,0,H,SP1 (5).csv,1.0,0.4,0.6,0
2020-12-29,West Brom,Leeds,0,5,A,E0_20_21.csv,0.8,1.4,-0.5999999999999999,2
2020-12-29,Man United,Wolves,1,0,H,E0_20_21.csv,0.8,1.2,-0.3999999999999999,0
2020-12-29,Levante,Betis,4,3,H,SP1 (5).csv,1.4,1.6,-0.20000000000000018,0
2020-12-29,Brighton,Arsenal,0,1,A,E0_20_21.csv,1.4,1.8,-0.40000000000000013,2
2020-12-29,Burnley,Sheffield United,1,0,H,E0_20_21.csv,1.2,1.8,-0.6000000000000001,0
2020-12-29,Southampton,West Ham,0,0,D,E0_20_21.csv,1.2,0.8,0.3999999999999999,1
2020-12-29,Barcelona,Eibar,1,1,D,SP1 (5).csv,1.2,1.0,0.19999999999999996,1
2020-12-30,Granada,Valencia,2,1,H,SP1 (5).csv,0.8,0.6,0.20000000000000007,0
2020-12-30,Newcastle,Liverpool,0,0,D,E0_20_21.csv,0.8,0.4,0.4,1
2020-12-30,Elche,Real Madrid,1,1,D,SP1 (5).csv,0.8,0.6,0.20000000000000007,1
2020-12-30,Ath Madrid,Getafe,1,0,H,SP1 (5).csv,1.0,0.6,0.4,0
2020-12-30,Celta,Huesca,2,1,H,SP1 (5).csv,1.2,0.6,0.6,0
2020-12-31,Ath Bilbao,Sociedad,0,1,A,SP1 (5).csv,0.8,0.6,0.20000000000000007,2
2020-12-31,Osasuna,Alaves,1,1,D,SP1 (5).csv,1.0,0.8,0.19999999999999996,1
2021-01-01,Everton,West Ham,0,1,A,E0_20_21.csv,0.8,0.8,0.0,2
2021-01-01,Man United,Aston Villa,2,1,H,E0_20_21.csv,1.0,1.0,0.0,0
2021-01-02,Tottenham,Leeds,3,0,H,E0_20_21.csv,1.2,0.8,0.3999999999999999,0
2021-01-02,Crystal Palace,Sheffield United,2,0,H,E0_20_21.csv,1.6,0.6,1.0,0
2021-01-02,Brighton,Wolves,3,3,D,E0_20_21.csv,2.0,1.0,1.0,1
2021-01-02,West Brom,Arsenal,0,4,A,E0_20_21.csv,2.0,1.6,0.3999999999999999,2
2021-01-02,Betis,Sevilla,1,1,D,SP1 (5).csv,1.8,1.6,0.19999999999999996,1
2021-01-02,Getafe,Valladolid,0,1,A,SP1 (5).csv,1.2,1.8,-0.6000000000000001,2
2021-01-02,Real Madrid,Celta,2,0,H,SP1 (5).csv,1.2,1.8,-0.6000000000000001,0
2021-01-02,Villarreal,Levante,2,1,H,SP1 (5).csv,1.0,1.4,-0.3999999999999999,0
2021-01-03,Alaves,Ath Madrid,1,2,A,SP1 (5).csv,1.2,1.0,0.19999999999999996,2
2021-01-03,Chelsea,Man City,1,3,A,E0_20_21.csv,1.2,1.4,-0.19999999999999996,2
2021-01-03,Newcastle,Leicester,1,2,A,E0_20_21.csv,1.4,1.6,-0.20000000000000018,2
2021-01-03,Eibar,Granada,2,0,H,SP1 (5).csv,1.4,1.6,-0.20000000000000018,0
2021-01-03,Sociedad,Osasuna,1,1,D,SP1 (5).csv,1.2,1.6,-0.40000000000000013,1
2021-01-03,Ath Bilbao,Elche,1,0,H,SP1 (5).csv,1.2,1.2,0.0,0
2021-01-03,Huesca,Barcelona,0,1,A,SP1 (5).csv,1.0,0.8,0.19999999999999996,2
2021-01-04,Valencia,Cadiz,1,1,D,SP1 (5).csv,1.0,0.6,0.4,1
2021-01-04,Southampton,Liverpool,1,0,H,E0_20_21.csv,0.8,0.6,0.20000000000000007,0
2021-01-06,Ath Bilbao,Barcelona,2,3,A,SP1 (5).csv,1.0,1.0,0.0,2
2021-01-08,Celta,Villarreal,0,4,A,SP1 (5).csv,0.8,1.8,-1.0,2
2021-01-09,Sevilla,Sociedad,3,2,H,SP1 (5).csv,1.4,2.0,-0.6000000000000001,0
2021-01-09,Osasuna,Real Madrid,0,0,D,SP1 (5).csv,1.2,1.8,-0.6000000000000001,1
2021-01-09,Granada,Barcelona,0,4,A,SP1 (5).csv,1.0,2.6,-1.6,2
2021-01-10,Levante,Eibar,2,1,H,SP1 (5).csv,1.0,2.2,-1.2000000000000002,0
2021-01-10,Cadiz,Alaves,3,1,H,SP1 (5).csv,1.6,1.6,0.0,0
2021-01-10,Valladolid,Valencia,0,1,A,SP1 (5).csv,1.0,1.4,-0.3999999999999999,2
2021-01-11,Elche,Getafe,1,3,A,SP1 (5).csv,1.2,2.0,-0.8,2
2021-01-11,Huesca,Betis,0,2,A,SP1 (5).csv,1.2,1.6,-0.40000000000000013,2
2021-01-12,Granada,Osasuna,2,0,H,SP1 (5).csv,1.2,1.4,-0.19999999999999996,0
2021-01-12,Wolves,Everton,1,2,A,E0_20_21.csv,0.8,1.6,-0.8,2
2021-01-12,Sheffield United,Newcastle,1,0,H,E0_20_21.csv,1.0,1.4,-0.3999999999999999,0
2021-01-12,Burnley,Man United,0,1,A,E0_20_21.csv,0.8,1.0,-0.19999999999999996,2
2021-01-12,Ath Madrid,Sevilla,2,0,H,SP1 (5).csv,1.2,0.6,0.6,0
2021-01-13,Man City,Brighton,1,0,H,E0_20_21.csv,1.0,0.6,0.4,0
2021-01-13,Tottenham,Fulham,1,1,D,E0_20_21.csv,1.0,0.4,0.6,1
2021-01-14,Arsenal,Crystal Palace,0,0,D,E0_20_21.csv,0.8,0.4,0.4,1
2021-01-16,Fulham,Chelsea,0,1,A,E0_20_21.csv,0.8,0.4,0.4,2
2021-01-16,West Ham,Burnley,1,0,H,E0_20_21.csv,0.6,0.4,0.19999999999999996,0
2021-01-16,Leicester,Southampton,2,0,H,E0_20_21.csv,0.8,0.4,0.4,0
2021-01-16,Wolves,West Brom,2,3,A,E0_20_21.csv,1.0,0.8,0.19999999999999996,2
2021-01-16,Leeds,Brighton,0,1,A,E0_20_21.csv,1.0,1.0,0.0,2
2021-01-17,Liverpool,Man United,0,0,D,E0_20_21.csv,1.0,0.8,0.19999999999999996,1
2021-01-17,Man City,Crystal Palace,4,0,H,E0_20_21.csv,1.6,0.8,0.8,0
2021-01-17,Sheffield United,Tottenham,1,3,A,E0_20_21.csv,1.4,1.4,0.0,2
2021-01-18,Arsenal,Newcastle,3,0,H,E0_20_21.csv,1.6,0.8,0.8,0
2021-01-19,West Ham,West Brom,2,1,H,E0_20_21.csv,2.0,0.8,1.2,0
2021-01-19,Leicester,Chelsea,2,0,H,E0_20_21.csv,2.4,0.8,1.5999999999999999,0
2021-01-19,Valladolid,Elche,2,2,D,SP1 (5).csv,2.0,1.2,0.8,1
2021-01-19,Cadiz,Levante,2,2,D,SP1 (5).csv,2.2,1.0,1.2000000000000002,1
2021-01-19,Alaves,Sevilla,1,2,A,SP1 (5).csv,1.8,1.4,0.40000000000000013,2
2021-01-20,Villarreal,Granada,2,2,D,SP1 (5).csv,1.8,1.6,0.19999999999999996,1
2021-01-20,Betis,Celta,2,1,H,SP1 (5).csv,1.8,1.8,0.0,0
2021-01-20,Getafe,Huesca,1,0,H,SP1 (5).csv,1.6,1.4,0.20000000000000018,0
2021-01-20,Fulham,Man United,1,2,A,E0_20_21.csv,1.4,1.4,0.0,2
2021-01-20,Man City,Aston Villa,2,0,H,E0_20_21.csv,1.6,1.0,0.6000000000000001,0
2021-01-21,Liverpool,Burnley,0,1,A,E0_20_21.csv,1.2,0.8,0.3999999999999999,2
2021-01-21,Eibar,Ath Madrid,1,2,A,SP1 (5).csv,1.0,1.0,0.0,2
2021-01-21,Valencia,Osasuna,1,1,D,SP1 (5).csv,1.0,1.2,-0.19999999999999996,1
2021-01-22,Levante,Valladolid,2,2,D,SP1 (5).csv,1.2,1.2,0.0,1
2021-01-23,Sociedad,Betis,2,2,D,SP1 (5).csv,1.2,1.6,-0.40000000000000013,1
2021-01-23,Aston Villa,Newcastle,2,0,H,E0_20_21.csv,1.6,1.4,0.20000000000000018,0
2021-01-23,Sevilla,Cadiz,3,0,H,SP1 (5).csv,2.0,1.0,1.0,0
2021-01-23,Alaves,Real Madrid,1,4,A,SP1 (5).csv,2.0,1.6,0.3999999999999999,2
2021-01-23,Huesca,Villarreal,0,0,D,SP1 (5).csv,1.6,1.2,0.40000000000000013,1
2021-01-24,Osasuna,Granada,3,1,H,SP1 (5).csv,1.8,1.0,0.8,0
2021-01-24,Elche,Barcelona,0,2,A,SP1 (5).csv,1.4,1.4,0.0,2
2021-01-24,Celta,Eibar,1,1,D,SP1 (5).csv,1.0,1.6,-0.6000000000000001,1
2021-01-24,Ath Madrid,Valencia,3,1,H,SP1 (5).csv,1.4,1.0,0.3999999999999999,0
2021-01-25,Ath Bilbao,Getafe,5,1,H,SP1 (5).csv,2.4,1.2,1.2,0
2021-01-26,Newcastle,Leeds,1,2,A,E0_20_21.csv,2.0,1.4,0.6000000000000001,2
2021-01-26,Southampton,Arsenal,1,3,A,E0_20_21.csv,2.2,1.6,0.6000000000000001,2
2021-01-26,West Brom,Man City,0,5,A,E0_20_21.csv,2.0,2.4,-0.3999999999999999,2
2021-01-26,Crystal Palace,West Ham,2,3,A,E0_20_21.csv,1.8,2.8,-0.9999999999999998,2
2021-01-27,Everton,Leicester,1,1,D,E0_20_21.csv,1.0,2.8,-1.7999999999999998,1
2021-01-27,Brighton,Fulham,0,0,D,E0_20_21.csv,0.8,2.4,-1.5999999999999999,1
2021-01-27,Chelsea,Wolves,0,0,D,E0_20_21.csv,0.6,1.8,-1.2000000000000002,1
2021-01-27,Burnley,Aston Villa,3,2,H,E0_20_21.csv,1.2,1.2,0.0,0
2021-01-27,Man United,Sheffield United,1,2,A,E0_20_21.csv,1.0,1.0,0.0,2
2021-01-28,Tottenham,Liverpool,1,3,A,E0_20_21.csv,1.0,1.4,-0.3999999999999999,2
2021-01-29,Valladolid,Huesca,1,3,A,SP1 (5).csv,1.2,2.0,-0.8,2
2021-01-30,Villarreal,Sociedad,1,1,D,SP1 (5).csv,1.4,2.2,-0.8000000000000003,1
2021-01-30,Valencia,Elche,1,0,H,SP1 (5).csv,1.0,1.8,-0.8,0
2021-01-30,Real Madrid,Levante,1,2,A,SP1 (5).csv,1.0,1.8,-0.8,2
2021-01-30,Crystal Palace,Wolves,1,0,H,E0_20_21.csv,1.0,1.2,-0.19999999999999996,0
2021-01-30,Eibar,Sevilla,0,2,A,SP1 (5).csv,0.8,1.0,-0.19999999999999996,2
2021-01-30,Arsenal,Man United,0,0,D,E0_20_21.csv,0.6,0.8,-0.20000000000000007,1
2021-01-30,West Brom,Fulham,2,2,D,E0_20_21.csv,0.8,1.2,-0.3999999999999999,1
2021-01-30,Southampton,Aston Villa,0,1,A,E0_20_21.csv,0.6,1.0,-0.4,2
2021-01-30,Everton,Newcastle,0,2,A,E0_20_21.csv,0.4,1.4,-0.9999999999999999,2
2021-01-30,Man City,Sheffield United,1,0,H,E0_20_21.csv,0.6,1.0,-0.4,0
2021-01-31,Chelsea,Burnley,2,0,H,E0_20_21.csv,1.0,1.0,0.0,0
2021-01-31,Cadiz,Ath Madrid,2,4,A,SP1 (5).csv,1.0,1.4,-0.3999999999999999,2
2021-01-31,Leicester,Leeds,1,3,A,E0_20_21.csv,1.2,1.8,-0.6000000000000001,2
2021-01-31,Getafe,Alaves,0,0,D,SP1 (5).csv,1.2,1.4,-0.19999999999999996,1
2021-01-31,West Ham,Liverpool,1,3,A,E0_20_21.csv,1.2,2.0,-0.8,2
2021-01-31,Barcelona,Ath Bilbao,2,1,H,SP1 (5).csv,1.2,2.2,-1.0000000000000002,0
2021-01-31,Granada,Celta,0,0,D,SP1 (5).csv,0.8,1.4,-0.5999999999999999,1
2021-01-31,Brighton,Tottenham,1,0,H,E0_20_21.csv,0.8,0.8,0.0,0
2021-02-01,Betis,Osasuna,1,0,H,SP1 (5).csv,1.0,0.8,0.19999999999999996,0
2021-02-02,Wolves,Arsenal,2,1,H,E0_20_21.csv,1.2,0.4,0.7999999999999999,0
2021-02-02,Newcastle,Crystal Palace,1,2,A,E0_20_21.csv,1.0,0.6,0.4,2
2021-02-02,Man United,Southampton,9,0,H,E0_20_21.csv,2.8,0.6,2.1999999999999997,0
2021-02-02,Sheffield United,West Brom,2,1,H,E0_20_21.csv,3.0,0.8,2.2,0
2021-02-03,Leeds,Everton,1,2,A,E0_20_21.csv,3.0,1.2,1.8,2
2021-02-03,Burnley,Man City,0,2,A,E0_20_21.csv,2.6,1.4,1.2000000000000002,2
2021-02-03,Fulham,Leicester,0,2,A,E0_20_21.csv,2.4,1.4,1.0,2
2021-02-03,Aston Villa,West Ham,1,3,A,E0_20_21.csv,0.8,2.0,-1.2,2
2021-02-03,Liverpool,Brighton,0,1,A,E0_20_21.csv,0.4,2.0,-1.6,2
2021-02-04,Tottenham,Chelsea,0,1,A,E0_20_21.csv,0.2,1.8,-1.6,2
2021-02-05,Alaves,Valladolid,1,0,H,SP1 (5).csv,0.4,1.4,-0.9999999999999999,0
2021-02-06,Burnley,Brighton,1,1,D,E0_20_21.csv,0.6,1.2,-0.6,1
2021-02-06,Aston Villa,Arsenal,1,0,H,E0_20_21.csv,0.6,0.6,0.0,0
2021-02-06,Levante,Granada,2,2,D,SP1 (5).csv,1.0,0.8,0.19999999999999996,1
2021-02-06,Newcastle,Southampton,3,2,H,E0_20_21.csv,1.6,1.0,0.6000000000000001,0
2021-02-06,Huesca,Real Madrid,1,2,A,SP1 (5).csv,1.6,1.4,0.20000000000000018,2
2021-02-06,Sevilla,Getafe,3,0,H,SP1 (5).csv,2.0,1.2,0.8,0
2021-02-06,Fulham,West Ham,0,0,D,E0_20_21.csv,1.8,1.2,0.6000000000000001,1
2021-02-06,Man United,Everton,3,3,D,E0_20_21.csv,2.0,1.4,0.6000000000000001,1
2021-02-06,Elche,Villarreal,2,2,D,SP1 (5).csv,1.8,1.4,0.40000000000000013,1
2021-02-07,Sociedad,Cadiz,4,1,H,SP1 (5).csv,2.4,1.2,1.2,0
2021-02-07,Liverpool,Man City,1,4,A,E0_20_21.csv,2.0,2.0,0.0,2
2021-02-07,Betis,Barcelona,2,3,A,SP1 (5).csv,2.4,2.6,-0.20000000000000018,2
2021-02-07,Sheffield United,Chelsea,1,2,A,E0_20_21.csv,2.0,2.4,-0.3999999999999999,2
2021-02-07,Ath Bilbao,Valencia,1,1,D,SP1 (5).csv,1.8,2.2,-0.40000000000000013,1
2021-02-07,Tottenham,West Brom,2,0,H,E0_20_21.csv,1.4,2.0,-0.6000000000000001,0
2021-02-07,Wolves,Leicester,0,0,D,E0_20_21.csv,1.2,1.2,0.0,1
2021-02-07,Osasuna,Eibar,2,1,H,SP1 (5).csv,1.2,0.8,0.3999999999999999,0
2021-02-08,Leeds,Crystal Palace,2,0,H,E0_20_21.csv,1.4,0.4,0.9999999999999999,0
2021-02-08,Ath Madrid,Celta,2,2,D,SP1 (5).csv,1.6,0.6,1.0,1
2021-02-09,Real Madrid,Getafe,2,0,H,SP1 (5).csv,1.6,0.6,1.0,0
2021-02-12,Celta,Elche,3,1,H,SP1 (5).csv,2.2,0.8,1.4000000000000001,0
2021-02-13,Crystal Palace,Burnley,0,3,A,E0_20_21.csv,1.8,1.2,0.6000000000000001,2
2021-02-13,Leicester,Liverpool,3,1,H,E0_20_21.csv,2.0,1.4,0.6000000000000001,0
2021-02-13,Barcelona,Alaves,5,1,H,SP1 (5).csv,2.6,1.2,1.4000000000000001,0
2021-02-13,Brighton,Aston Villa,0,0,D,E0_20_21.csv,2.2,1.2,1.0000000000000002,1
2021-02-13,Sevilla,Huesca,1,0,H,SP1 (5).csv,1.8,1.0,0.8,0
2021-02-13,Eibar,Valladolid,1,1,D,SP1 (5).csv,2.0,0.6,1.4,1
2021-02-13,Man City,Tottenham,3,0,H,E0_20_21.csv,2.0,0.4,1.6,0
2021-02-13,Granada,Ath Madrid,1,2,A,SP1 (5).csv,1.2,0.6,0.6,2
2021-02-14,Southampton,Wolves,1,2,A,E0_20_21.csv,1.4,1.0,0.3999999999999999,2
2021-02-14,West Brom,Man United,1,1,D,E0_20_21.csv,1.4,1.2,0.19999999999999996,1
2021-02-14,Arsenal,Leeds,4,2,H,E0_20_21.csv,2.0,1.4,0.6000000000000001,0
2021-02-14,Everton,Fulham,0,2,A,E0_20_21.csv,1.4,1.8,-0.40000000000000013,2
2021-02-14,Villarreal,Betis,1,2,A,SP1 (5).csv,1.4,1.8,-0.40000000000000013,2
2021-02-14,Levante,Osasuna,0,1,A,SP1 (5).csv,1.2,1.6,-0.40000000000000013,2
2021-02-14,Real Madrid,Valencia,2,0,H,SP1 (5).csv,1.4,1.4,0.0,0
2021-02-14,Getafe,Sociedad,0,1,A,SP1 (5).csv,0.6,1.2,-0.6,2
2021-02-15,West Ham,Sheffield United,3,0,H,E0_20_21.csv,1.2,0.8,0.3999999999999999,0
2021-02-15,Cadiz,Ath Bilbao,0,4,A,SP1 (5).csv,1.0,1.2,-0.19999999999999996,2
2021-02-15,Chelsea,Newcastle,2,0,H,E0_20_21.csv,1.4,1.0,0.3999999999999999,0
2021-02-17,Burnley,Fulham,1,1,D,E0_20_21.csv,1.2,1.2,0.0,1
2021-02-17,Everton,Man City,1,3,A,E0_20_21.csv,1.4,1.6,-0.20000000000000018,2
2021-02-17,Levante,Ath Madrid,1,1,D,SP1 (5).csv,1.0,1.8,-0.8,1
2021-02-19,Betis,Getafe,1,0,H,SP1 (5).csv,1.2,1.0,0.19999999999999996,0
2021-02-19,Wolves,Leeds,1,0,H,E0_20_21.csv,1.0,1.0,0.0,0
2021-02-20,Valencia,Celta,2,0,H,SP1 (5).csv,1.2,0.8,0.3999999999999999,0
2021-02-20,Valladolid,Real Madrid,0,1,A,SP1 (5).csv,1.0,0.4,0.6,2
2021-02-20,Ath Madrid,Levante,0,2,A,SP1 (5).csv,0.8,0.6,0.20000000000000007,2
2021-02-20,Southampton,Chelsea,1,1,D,E0_20_21.csv,0.8,0.8,0.0,1
2021-02-20,Elche,Eibar,1,0,H,SP1 (5).csv,0.8,0.8,0.0,0
2021-02-20,Burnley,West Brom,0,0,D,E0_20_21.csv,0.4,0.8,-0.4,1
2021-02-20,Fulham,Sheffield United,1,0,H,E0_20_21.csv,0.6,0.6,0.0,0
2021-02-20,Liverpool,Everton,0,2,A,E0_20_21.csv,0.6,0.6,0.0,2
2021-02-21,Ath Bilbao,Villarreal,1,1,D,SP1 (5).csv,0.6,0.6,0.0,1
2021-02-21,Huesca,Granada,3,2,H,SP1 (5).csv,1.0,1.0,0.0,0
2021-02-21,Barcelona,Cadiz,1,1,D,SP1 (5).csv,1.2,1.2,0.0,1
2021-02-21,Sociedad,Alaves,4,0,H,SP1 (5).csv,1.8,1.2,0.6000000000000001,0
2021-02-21,Arsenal,Man City,0,1,A,E0_20_21.csv,1.8,1.0,0.8,2
2021-02-21,Man United,Newcastle,3,1,H,E0_20_21.csv,2.2,1.0,1.2000000000000002,0
2021-02-21,Aston Villa,Leicester,1,2,A,E0_20_21.csv,1.8,1.0,0.8,2
2021-02-21,West Ham,Tottenham,2,1,H,E0_20_21.csv,2.0,1.0,1.0,0
2021-02-22,Brighton,Crystal Palace,1,2,A,E0_20_21.csv,1.4,1.4,0.0,2
2021-02-22,Osasuna,Sevilla,0,2,A,SP1 (5).csv,1.4,1.6,-0.20000000000000018,2
2021-02-23,Leeds,Southampton,3,0,H,E0_20_21.csv,1.4,1.4,0.0,0
2021-02-24,Barcelona,Elche,3,0,H,SP1 (5).csv,1.8,1.0,0.8,0
2021-02-26,Levante,Ath Bilbao,1,1,D,SP1 (5).csv,1.6,1.0,0.6000000000000001,1
2021-02-27,Newcastle,Wolves,1,1,D,E0_20_21.csv,1.6,0.8,0.8,1
2021-02-27,Leeds,Aston Villa,0,1,A,E0_20_21.csv,1.6,0.6,1.0,2
2021-02-27,Sevilla,Barcelona,0,2,A,SP1 (5).csv,1.0,1.0,0.0,2
2021-02-27,Getafe,Valencia,3,0,H,SP1 (5).csv,1.0,1.0,0.0,0
2021-02-27,Eibar,Huesca,1,1,D,SP1 (5).csv,1.0,1.0,0.0,1
2021-02-27,West Brom,Brighton,1,0,H,E0_20_21.csv,1.0,0.8,0.19999999999999996,0
2021-02-27,Alaves,Osasuna,0,1,A,SP1 (5).csv,1.0,0.8,0.19999999999999996,2
2021-02-27,Man City,West Ham,2,1,H,E0_20_21.csv,1.4,0.6,0.7999999999999999,0
2021-02-28,Chelsea,Man United,0,0,D,E0_20_21.csv,0.8,0.6,0.20000000000000007,1
2021-02-28,Tottenham,Burnley,4,0,H,E0_20_21.csv,1.4,0.4,0.9999999999999999,0
2021-02-28,Leicester,Arsenal,1,3,A,E0_20_21.csv,1.4,1.0,0.3999999999999999,2
2021-02-28,Crystal Palace,Fulham,0,0,D,E0_20_21.csv,1.4,0.8,0.5999999999999999,1
2021-02-28,Sheffield United,Liverpool,0,2,A,E0_20_21.csv,1.0,1.0,0.0,2
2021-02-28,Cadiz,Betis,0,1,A,SP1 (5).csv,1.0,1.2,-0.19999999999999996,2
2021-02-28,Celta,Valladolid,1,1,D,SP1 (5).csv,0.4,1.4,-0.9999999999999999,1
2021-02-28,Villarreal,Ath Madrid,0,2,A,SP1 (5).csv,0.2,1.2,-1.0,2
2021-02-28,Granada,Elche,2,1,H,SP1 (5).csv,0.6,1.4,-0.7999999999999999,0
2021-03-01,Real Madrid,Sociedad,1,1,D,SP1 (5).csv,0.8,1.2,-0.3999999999999999,1
2021-03-01,Everton,Southampton,1,0,H,E0_20_21.csv,1.0,1.0,0.0,0
2021-03-02,Man City,Wolves,4,1,H,E0_20_21.csv,1.6,1.0,0.6000000000000001,0
2021-03-03,Crystal Palace,Man United,0,0,D,E0_20_21.csv,1.6,0.6,1.0,1
2021-03-03,Sheffield United,Aston Villa,1,0,H,E0_20_21.csv,1.4,0.4,0.9999999999999999,0
2021-03-03,Burnley,Leicester,1,1,D,E0_20_21.csv,1.4,0.4,0.9999999999999999,1
2021-03-04,West Brom,Everton,0,1,A,E0_20_21.csv,1.2,0.6,0.6,2
2021-03-04,Fulham,Tottenham,0,1,A,E0_20_21.csv,0.4,0.6,-0.19999999999999996,2
2021-03-04,Liverpool,Chelsea,0,1,A,E0_20_21.csv,0.4,0.8,-0.4,2
2021-03-05,Valencia,Villarreal,2,1,H,SP1 (5).csv,0.6,1.0,-0.4,0
2021-03-06,Osasuna,Barcelona,0,2,A,SP1 (5).csv,0.4,1.2,-0.7999999999999999,2
2021-03-06,Cadiz,Eibar,1,0,H,SP1 (5).csv,0.6,1.0,-0.4,0
2021-03-06,Burnley,Arsenal,1,1,D,E0_20_21.csv,0.8,1.0,-0.19999999999999996,1
2021-03-06,Aston Villa,Wolves,0,0,D,E0_20_21.csv,0.8,0.8,0.0,1
2021-03-06,Sheffield United,Southampton,0,2,A,E0_20_21.csv,0.4,1.0,-0.6,2
2021-03-06,Valladolid,Getafe,2,1,H,SP1 (5).csv,0.8,0.8,0.0,0
2021-03-06,Elche,Sevilla,2,1,H,SP1 (5).csv,1.0,1.0,0.0,0
2021-03-06,Brighton,Leicester,1,2,A,E0_20_21.csv,1.0,1.2,-0.19999999999999996,2
2021-03-07,Ath Bilbao,Granada,2,1,H,SP1 (5).csv,1.4,1.4,0.0,0
2021-03-07,Huesca,Celta,3,4,A,SP1 (5).csv,2.0,1.8,0.19999999999999996,2
2021-03-07,West Brom,Newcastle,0,0,D,E0_20_21.csv,1.6,1.6,0.0,1
2021-03-07,Man City,Man United,0,2,A,E0_20_21.csv,1.2,1.8,-0.6000000000000001,2
2021-03-07,Ath Madrid,Real Madrid,1,1,D,SP1 (5).csv,1.2,1.6,-0.40000000000000013,1
2021-03-07,Tottenham,Crystal Palace,4,1,H,E0_20_21.csv,1.6,1.6,0.0,0
2021-03-07,Sociedad,Levante,1,0,H,SP1 (5).csv,1.2,0.8,0.3999999999999999,0
2021-03-07,Liverpool,Fulham,0,1,A,E0_20_21.csv,1.2,1.0,0.19999999999999996,2
2021-03-08,Betis,Alaves,3,2,H,SP1 (5).csv,1.8,1.0,0.8,0
2021-03-08,Chelsea,Everton,2,0,H,E0_20_21.csv,2.0,0.8,1.2,0
2021-03-08,West Ham,Leeds,2,0,H,E0_20_21.csv,1.6,0.6,1.0,0
2021-03-10,Man City,Southampton,5,2,H,E0_20_21.csv,2.4,1.0,1.4,0
2021-03-10,Ath Madrid,Ath Bilbao,2,1,H,SP1 (5).csv,2.8,1.0,1.7999999999999998,0
2021-03-12,Newcastle,Aston Villa,1,1,D,E0_20_21.csv,2.4,0.8,1.5999999999999999,1
2021-03-12,Levante,Valencia,1,0,H,SP1 (5).csv,2.2,0.8,1.4000000000000001,0
2021-03-13,Real Madrid,Elche,2,1,H,SP1 (5).csv,2.2,1.0,1.2000000000000002,0
2021-03-13,Leeds,Chelsea,0,0,D,E0_20_21.csv,1.2,0.6,0.6,1
2021-03-13,Alaves,Cadiz,1,1,D,SP1 (5).csv,1.0,0.6,0.4,1
2021-03-13,Getafe,Ath Madrid,0,0,D,SP1 (5).csv,0.8,0.4,0.4,1
2021-03-13,Osasuna,Valladolid,0,0,D,SP1 (5).csv,0.6,0.4,0.19999999999999996,1
2021-03-13,Crystal Palace,West Brom,1,0,H,E0_20_21.csv,0.4,0.2,0.2,0
2021-03-13,Everton,Burnley,1,2,A,E0_20_21.csv,0.6,0.6,0.0,2
2021-03-13,Fulham,Man City,0,3,A,E0_20_21.csv,0.4,1.0,-0.6,2
2021-03-14,Granada,Sociedad,1,0,H,SP1 (5).csv,0.6,1.0,-0.4,0
2021-03-14,Sevilla,Betis,1,0,H,SP1 (5).csv,0.8,1.0,-0.19999999999999996,0
2021-03-14,Eibar,Villarreal,1,3,A,SP1 (5).csv,0.8,1.6,-0.8,2
2021-03-14,Celta,Ath Bilbao,0,0,D,SP1 (5).csv,0.6,1.2,-0.6,1
2021-03-14,Leicester,Sheffield United,5,0,H,E0_20_21.csv,1.6,0.6,1.0,0
2021-03-14,Southampton,Brighton,1,2,A,E0_20_21.csv,1.6,1.0,0.6000000000000001,2
2021-03-14,Arsenal,Tottenham,2,1,H,E0_20_21.csv,1.8,1.2,0.6000000000000001,0
2021-03-14,Man United,West Ham,1,0,H,E0_20_21.csv,1.8,0.6,1.2000000000000002,0
2021-03-15,Barcelona,Huesca,4,1,H,SP1 (5).csv,2.6,0.8,1.8,0
2021-03-15,Wolves,Liverpool,0,1,A,E0_20_21.csv,1.6,1.0,0.6000000000000001,2
2021-03-17,Sevilla,Elche,2,0,H,SP1 (5).csv,1.8,0.6,1.2000000000000002,0
2021-03-19,Betis,Levante,2,0,H,SP1 (5).csv,1.8,0.4,1.4,0
2021-03-19,Fulham,Leeds,1,2,A,E0_20_21.csv,1.8,0.8,1.0,2
2021-03-20,Celta,Real Madrid,1,3,A,SP1 (5).csv,1.2,1.2,0.0,2
2021-03-20,Valladolid,Sevilla,1,1,D,SP1 (5).csv,1.4,1.2,0.19999999999999996,1
2021-03-20,Huesca,Osasuna,0,0,D,SP1 (5).csv,1.0,1.2,-0.19999999999999996,1
2021-03-20,Brighton,Newcastle,3,0,H,E0_20_21.csv,1.2,1.2,0.0,0
2021-03-20,Ath Bilbao,Eibar,1,1,D,SP1 (5).csv,1.2,1.0,0.19999999999999996,1
2021-03-21,Valencia,Granada,2,1,H,SP1 (5).csv,1.4,0.6,0.7999999999999999,0
2021-03-21,West Ham,Arsenal,3,3,D,E0_20_21.csv,1.8,1.0,0.8,1
2021-03-21,Sociedad,Barcelona,1,6,A,SP1 (5).csv,2.0,2.2,-0.20000000000000018,2
2021-03-21,Ath Madrid,Alaves,1,0,H,SP1 (5).csv,1.6,2.2,-0.6000000000000001,0
2021-03-21,Villarreal,Cadiz,2,1,H,SP1 (5).csv,1.8,2.2,-0.40000000000000013,0
2021-03-21,Aston Villa,Tottenham,0,2,A,E0_20_21.csv,1.4,2.4,-1.0,2
2021-03-21,Getafe,Elche,1,1,D,SP1 (5).csv,1.0,2.0,-1.0,1
2021-04-02,Levante,Huesca,0,2,A,SP1 (5).csv,0.8,1.2,-0.3999999999999999,2
2021-04-03,Granada,Villarreal,0,3,A,SP1 (5).csv,0.6,1.8,-1.2000000000000002,2
2021-04-03,Osasuna,Getafe,0,0,D,SP1 (5).csv,0.2,1.6,-1.4000000000000001,1
2021-04-03,Arsenal,Liverpool,0,3,A,E0_20_21.csv,0.2,1.8,-1.6,2
2021-04-03,Chelsea,West Brom,2,5,A,E0_20_21.csv,0.4,2.6,-2.2,2
2021-04-03,Leicester,Man City,0,2,A,E0_20_21.csv,0.4,2.6,-2.2,2
2021-04-03,Leeds,Sheffield United,2,1,H,E0_20_21.csv,0.8,2.2,-1.4000000000000001,0
2021-04-03,Real Madrid,Eibar,2,0,H,SP1 (5).csv,1.2,2.2,-1.0000000000000002,0
2021-04-04,Cadiz,Valencia,2,1,H,SP1 (5).csv,1.6,1.8,-0.19999999999999996,0
2021-04-04,Sevilla,Ath Madrid,1,0,H,SP1 (5).csv,1.4,0.8,0.5999999999999999,0
2021-04-04,Alaves,Celta,1,3,A,SP1 (5).csv,1.6,1.0,0.6000000000000001,2
2021-04-04,Southampton,Burnley,3,2,H,E0_20_21.csv,1.8,1.2,0.6000000000000001,0
2021-04-04,Man United,Brighton,2,1,H,E0_20_21.csv,1.8,1.4,0.40000000000000013,0
2021-04-04,Aston Villa,Fulham,3,1,H,E0_20_21.csv,2.0,1.4,0.6000000000000001,0
2021-04-04,Newcastle,Tottenham,2,2,D,E0_20_21.csv,2.2,1.8,0.40000000000000013,1
2021-04-04,Elche,Betis,1,1,D,SP1 (5).csv,2.2,1.4,0.8000000000000003,1
2021-04-05,Barcelona,Valladolid,1,0,H,SP1 (5).csv,1.8,1.0,0.8,0
2021-04-05,Wolves,West Ham,2,3,A,E0_20_21.csv,1.8,1.4,0.40000000000000013,2
2021-04-05,Everton,Crystal Palace,1,1,D,E0_20_21.csv,1.4,1.4,0.0,1
2021-04-07,Sociedad,Ath Bilbao,1,1,D,SP1 (5).csv,1.2,1.2,0.0,1
2021-04-09,Fulham,Wolves,0,1,A,E0_20_21.csv,1.0,1.2,-0.19999999999999996,2
2021-04-09,Huesca,Elche,3,1,H,SP1 (5).csv,1.4,1.4,0.0,0
2021-04-10,Crystal Palace,Chelsea,1,4,A,E0_20_21.csv,1.2,1.6,-0.40000000000000013,2
2021-04-10,Liverpool,Aston Villa,2,1,H,E0_20_21.csv,1.4,1.6,-0.20000000000000018,0
2021-04-10,Man City,Leeds,1,2,A,E0_20_21.csv,1.4,1.8,-0.40000000000000013,2
2021-04-10,Getafe,Cadiz,0,1,A,SP1 (5).csv,1.4,1.8,-0.40000000000000013,2
2021-04-10,Real Madrid,Barcelona,2,1,H,SP1 (5).csv,1.2,1.8,-0.6000000000000001,0
2021-04-10,Eibar,Levante,0,1,A,SP1 (5).csv,1.0,1.2,-0.19999999999999996,2
2021-04-10,Ath Bilbao,Alaves,0,0,D,SP1 (5).csv,0.6,1.0,-0.4,1
2021-04-11,Sheffield United,Arsenal,0,3,A,E0_20_21.csv,0.4,1.2,-0.7999999999999999,2
2021-04-11,Tottenham,Man United,1,3,A,E0_20_21.csv,0.6,1.6,-1.0,2
2021-04-11,Burnley,Newcastle,1,2,A,E0_20_21.csv,0.4,1.8,-1.4,2
2021-04-11,West Ham,Leicester,3,2,H,E0_20_21.csv,1.0,2.0,-1.0,0
2021-04-11,Valladolid,Granada,1,2,A,SP1 (5).csv,1.2,2.4,-1.2,2
2021-04-11,Valencia,Sociedad,2,2,D,SP1 (5).csv,1.6,2.2,-0.6000000000000001,1
2021-04-11,Villarreal,Osasuna,1,2,A,SP1 (5).csv,1.6,2.0,-0.3999999999999999,2
2021-04-11,Betis,Ath Madrid,1,1,D,SP1 (5).csv,1.6,1.8,-0.19999999999999996,1
2021-04-12,West Brom,Southampton,3,0,H,E0_20_21.csv,1.6,1.4,0.20000000000000018,0
2021-04-12,Celta,Sevilla,3,4,A,SP1 (5).csv,2.0,1.8,0.19999999999999996,2
2021-04-12,Brighton,Everton,0,0,D,E0_20_21.csv,1.6,1.4,0.20000000000000018,1
2021-04-16,Everton,Tottenham,2,2,D,E0_20_21.csv,1.8,1.4,0.40000000000000013,1
2021-04-17,Newcastle,West Ham,3,2,H,E0_20_21.csv,2.2,1.6,0.6000000000000001,0
2021-04-17,Wolves,Sheffield United,1,0,H,E0_20_21.csv,1.8,1.6,0.19999999999999996,0
2021-04-18,Man United,Burnley,3,1,H,E0_20_21.csv,1.8,1.0,0.8,0
2021-04-18,Arsenal,Fulham,1,1,D,E0_20_21.csv,2.0,1.2,0.8,1
2021-04-18,Levante,Villarreal,1,5,A,SP1 (5).csv,1.8,1.8,0.0,2
2021-04-18,Getafe,Real Madrid,0,0,D,SP1 (5).csv,1.2,1.4,-0.19999999999999996,1
2021-04-18,Alaves,Huesca,1,0,H,SP1 (5).csv,1.2,1.4,-0.19999999999999996,0
2021-04-18,Ath Madrid,Eibar,5,0,H,SP1 (5).csv,1.6,1.2,0.40000000000000013,0
2021-04-18,Osasuna,Elche,2,0,H,SP1 (5).csv,1.8,1.0,0.8,0
2021-04-18,Betis,Valencia,2,2,D,SP1 (5).csv,2.0,0.4,1.6,1
2021-04-18,Cadiz,Celta,0,0,D,SP1 (5).csv,2.0,0.4,1.6,1
2021-04-18,Sociedad,Sevilla,1,2,A,SP1 (5).csv,2.0,0.8,1.2,2
2021-04-19,Leeds,Liverpool,1,1,D,E0_20_21.csv,1.2,1.0,0.19999999999999996,1
2021-04-20,Chelsea,Brighton,0,0,D,E0_20_21.csv,0.8,1.0,-0.19999999999999996,1
2021-04-21,Betis,Ath Bilbao,0,0,D,SP1 (5).csv,0.4,0.6,-0.19999999999999996,1
2021-04-21,Aston Villa,Man City,1,2,A,E0_20_21.csv,0.6,1.0,-0.4,2
2021-04-21,Alaves,Villarreal,2,1,H,SP1 (5).csv,0.8,0.8,0.0,0
2021-04-21,Tottenham,Southampton,2,1,H,E0_20_21.csv,1.0,0.8,0.19999999999999996,0
2021-04-21,Cadiz,Real Madrid,0,3,A,SP1 (5).csv,1.0,1.4,-0.3999999999999999,2
2021-04-21,Elche,Valladolid,1,1,D,SP1 (5).csv,1.2,1.6,-0.40000000000000013,1
2021-04-21,Levante,Sevilla,0,1,A,SP1 (5).csv,1.0,1.4,-0.3999999999999999,2
2021-04-21,Osasuna,Valencia,3,1,H,SP1 (5).csv,1.2,1.4,-0.19999999999999996,0
2021-04-22,Leicester,West Brom,3,0,H,E0_20_21.csv,1.4,1.2,0.19999999999999996,0
2021-04-22,Ath Madrid,Huesca,2,0,H,SP1 (5).csv,1.8,0.6,1.2000000000000002,0
2021-04-22,Granada,Eibar,4,1,H,SP1 (5).csv,2.4,0.6,1.7999999999999998,0
2021-04-22,Sociedad,Celta,2,1,H,SP1 (5).csv,2.8,0.6,2.1999999999999997,0
2021-04-22,Barcelona,Getafe,5,2,H,SP1 (5).csv,3.2,0.8,2.4000000000000004,0
2021-04-23,Arsenal,Everton,0,1,A,E0_20_21.csv,2.6,1.0,1.6,2
2021-04-24,West Ham,Chelsea,0,1,A,E0_20_21.csv,2.2,1.2,1.0000000000000002,2
2021-04-24,Real Madrid,Betis,0,0,D,SP1 (5).csv,1.4,1.0,0.3999999999999999,1
2021-04-24,Valladolid,Cadiz,1,1,D,SP1 (5).csv,1.2,1.0,0.19999999999999996,1
2021-04-24,Valencia,Alaves,1,1,D,SP1 (5).csv,0.4,0.8,-0.4,1
2021-04-24,Liverpool,Newcastle,1,1,D,E0_20_21.csv,0.6,0.8,-0.20000000000000007,1
2021-04-24,Sheffield United,Brighton,1,0,H,E0_20_21.csv,0.8,0.6,0.20000000000000007,0
2021-04-24,Elche,Levante,1,0,H,SP1 (5).csv,1.0,0.6,0.4,0
2021-04-25,Leeds,Man United,0,0,D,E0_20_21.csv,0.8,0.4,0.4,1
2021-04-25,Ath Bilbao,Ath Madrid,2,1,H,SP1 (5).csv,1.0,0.4,0.6,0
2021-04-25,Villarreal,Barcelona,1,2,A,SP1 (5).csv,1.0,0.6,0.4,2
2021-04-25,Wolves,Burnley,0,4,A,E0_20_21.csv,0.8,1.4,-0.5999999999999999,2
2021-04-25,Aston Villa,West Brom,2,2,D,E0_20_21.csv,1.0,1.8,-0.8,1
2021-04-25,Huesca,Getafe,0,2,A,SP1 (5).csv,1.0,2.2,-1.2000000000000002,2
2021-04-25,Sevilla,Granada,2,1,H,SP1 (5).csv,1.0,2.2,-1.2000000000000002,0
2021-04-25,Celta,Osasuna,2,1,H,SP1 (5).csv,1.2,2.0,-0.8,0
2021-04-26,Leicester,Crystal Palace,2,1,H,E0_20_21.csv,1.6,1.4,0.20000000000000018,0
2021-04-26,Eibar,Sociedad,0,1,A,SP1 (5).csv,1.2,1.2,0.0,2
2021-04-28,Ath Bilbao,Valladolid,2,2,D,SP1 (5).csv,1.6,1.2,0.40000000000000013,1
2021-04-29,Barcelona,Granada,1,2,A,SP1 (5).csv,1.4,1.4,0.0,2
2021-04-30,Celta,Levante,2,0,H,SP1 (5).csv,1.4,1.2,0.19999999999999996,0
2021-04-30,Southampton,Leicester,1,1,D,E0_20_21.csv,1.2,1.2,0.0,1
2021-05-01,Huesca,Sociedad,1,0,H,SP1 (5).csv,1.4,1.0,0.3999999999999999,0
2021-05-01,Everton,Aston Villa,1,2,A,E0_20_21.csv,1.2,1.0,0.19999999999999996,2
2021-05-01,Crystal Palace,Man City,0,2,A,E0_20_21.csv,1.0,1.0,0.0,2
2021-05-01,Eibar,Alaves,3,0,H,SP1 (5).csv,1.2,1.0,0.19999999999999996,0
2021-05-01,Real Madrid,Osasuna,2,0,H,SP1 (5).csv,1.4,0.8,0.5999999999999999,0
2021-05-01,Brighton,Leeds,2,0,H,E0_20_21.csv,1.6,0.8,0.8,0
2021-05-01,Chelsea,Fulham,2,0,H,E0_20_21.csv,1.8,0.4,1.4,0
2021-05-01,Elche,Ath Madrid,0,1,A,SP1 (5).csv,1.8,0.2,1.6,2
2021-05-02,Granada,Cadiz,0,1,A,SP1 (5).csv,1.2,0.4,0.7999999999999999,2
2021-05-02,Tottenham,Sheffield United,4,0,H,E0_20_21.csv,1.6,0.4,1.2000000000000002,0
2021-05-02,Newcastle,Arsenal,0,2,A,E0_20_21.csv,1.2,0.8,0.3999999999999999,2
2021-05-02,Villarreal,Getafe,1,0,H,SP1 (5).csv,1.0,0.8,0.19999999999999996,0
2021-05-02,Valencia,Barcelona,2,3,A,SP1 (5).csv,1.4,1.2,0.19999999999999996,2
2021-05-02,Valladolid,Betis,1,1,D,SP1 (5).csv,1.6,1.2,0.40000000000000013,1
2021-05-03,Burnley,West Ham,1,2,A,E0_20_21.csv,1.0,1.6,-0.6000000000000001,2
2021-05-03,West Brom,Wolves,1,1,D,E0_20_21.csv,1.2,1.4,-0.19999999999999996,1
2021-05-03,Sevilla,Ath Bilbao,0,1,A,SP1 (5).csv,1.0,1.6,-0.6000000000000001,2
2021-05-07,Sociedad,Elche,2,0,H,SP1 (5).csv,1.0,1.0,0.0,0
2021-05-07,Leicester,Newcastle,2,4,A,E0_20_21.csv,1.2,1.6,-0.40000000000000013,2
2021-05-08,Sheffield United,Crystal Palace,0,2,A,E0_20_21.csv,1.0,1.6,-0.6000000000000001,2
2021-05-08,Leeds,Tottenham,3,1,H,E0_20_21.csv,1.4,1.6,-0.20000000000000018,0
2021-05-08,Man City,Chelsea,1,2,A,E0_20_21.csv,1.6,1.8,-0.19999999999999996,2
2021-05-08,Barcelona,Ath Madrid,0,0,D,SP1 (5).csv,1.2,1.8,-0.6000000000000001,1
2021-05-08,Cadiz,Huesca,2,1,H,SP1 (5).csv,1.2,1.2,0.0,0
2021-05-08,Ath Bilbao,Osasuna,2,2,D,SP1 (5).csv,1.6,1.2,0.40000000000000013,1
2021-05-08,Alaves,Levante,2,2,D,SP1 (5).csv,1.4,1.4,0.0,1
2021-05-08,Liverpool,Southampton,2,0,H,E0_20_21.csv,1.6,1.0,0.6000000000000001,0
2021-05-09,Real Madrid,Sevilla,2,2,D,SP1 (5).csv,2.0,1.4,0.6000000000000001,1
2021-05-09,Getafe,Eibar,0,1,A,SP1 (5).csv,1.6,1.4,0.20000000000000018,2
2021-05-09,Valencia,Valladolid,3,0,H,SP1 (5).csv,1.8,1.0,0.8,0
2021-05-09,Villarreal,Celta,2,4,A,SP1 (5).csv,1.8,1.4,0.40000000000000013,2
2021-05-09,Wolves,Brighton,2,1,H,E0_20_21.csv,1.8,1.6,0.19999999999999996,0
2021-05-09,West Ham,Everton,0,1,A,E0_20_21.csv,1.4,1.4,0.0,2
2021-05-09,Aston Villa,Man United,1,3,A,E0_20_21.csv,1.6,1.8,-0.19999999999999996,2
2021-05-09,Arsenal,West Brom,3,1,H,E0_20_21.csv,1.6,2.0,-0.3999999999999999,0
2021-05-10,Betis,Granada,2,1,H,SP1 (5).csv,1.6,1.4,0.20000000000000018,0
2021-05-10,Fulham,Burnley,0,2,A,E0_20_21.csv,1.2,1.6,-0.40000000000000013,2
2021-05-11,Osasuna,Cadiz,3,2,H,SP1 (5).csv,1.8,1.8,0.0,0
2021-05-11,Levante,Barcelona,3,3,D,SP1 (5).csv,2.2,1.8,0.40000000000000013,1
2021-05-11,Elche,Alaves,0,2,A,SP1 (5).csv,1.6,2.0,-0.3999999999999999,2
2021-05-11,Southampton,Crystal Palace,3,1,H,E0_20_21.csv,1.8,2.0,-0.19999999999999996,0
2021-05-11,Man United,Leicester,1,2,A,E0_20_21.csv,2.0,2.0,0.0,2
2021-05-12,Ath Madrid,Sociedad,2,1,H,SP1 (5).csv,1.8,1.8,0.0,0
2021-05-12,Huesca,Ath Bilbao,1,0,H,SP1 (5).csv,1.4,1.2,0.19999999999999996,0
2021-05-12,Celta,Getafe,1,0,H,SP1 (5).csv,1.6,0.8,0.8,0
2021-05-12,Chelsea,Arsenal,0,1,A,E0_20_21.csv,1.0,0.8,0.19999999999999996,2
2021-05-12,Sevilla,Valencia,1,0,H,SP1 (5).csv,1.0,0.4,0.6,0
2021-05-13,Man United,Liverpool,2,4,A,E0_20_21.csv,1.0,1.0,0.0,2
2021-05-13,Eibar,Betis,1,1,D,SP1 (5).csv,1.0,1.2,-0.19999999999999996,1
2021-05-13,Granada,Real Madrid,1,4,A,SP1 (5).csv,1.0,2.0,-1.0,2
2021-05-13,Aston Villa,Everton,0,0,D,E0_20_21.csv,1.0,1.8,-0.8,1
2021-05-13,Valladolid,Villarreal,0,2,A,SP1 (5).csv,0.8,2.2,-1.4000000000000001,2
2021-05-14,Newcastle,Man City,3,4,A,E0_20_21.csv,1.0,2.2,-1.2000000000000002,2
2021-05-15,Southampton,Fulham,3,1,H,E0_20_21.csv,1.4,2.2,-0.8000000000000003,0
2021-05-15,Brighton,West Ham,1,1,D,E0_20_21.csv,1.4,1.6,-0.20000000000000018,1
2021-05-15,Burnley,Leeds,0,4,A,E0_20_21.csv,1.4,2.4,-1.0,2
2021-05-16,Villarreal,Sevilla,4,0,H,SP1 (5).csv,2.2,2.0,0.20000000000000018,0
2021-05-16,West Brom,Liverpool,1,2,A,E0_20_21.csv,1.8,1.6,0.19999999999999996,2
2021-05-16,Valencia,Eibar,4,1,H,SP1 (5).csv,2.0,1.6,0.3999999999999999,0
2021-05-16,Everton,Sheffield United,0,1,A,E0_20_21.csv,1.8,1.6,0.19999999999999996,2
2021-05-16,Barcelona,Celta,1,2,A,SP1 (5).csv,2.0,1.2,0.8,2
2021-05-16,Sociedad,Valladolid,4,1,H,SP1 (5).csv,2.0,1.4,0.6000000000000001,0
2021-05-16,Crystal Palace,Aston Villa,3,2,H,E0_20_21.csv,2.4,1.4,1.0,0
2021-05-16,Cadiz,Elche,1,3,A,SP1 (5).csv,1.8,1.8,0.0,2
2021-05-16,Betis,Huesca,1,0,H,SP1 (5).csv,2.0,1.6,0.3999999999999999,0
2021-05-16,Tottenham,Wolves,2,0,H,E0_20_21.csv,2.2,1.2,1.0000000000000002,0
2021-05-16,Ath Madrid,Osasuna,2,1,H,SP1 (5).csv,1.8,1.2,0.6000000000000001,0
2021-05-16,Ath Bilbao,Real Madrid,0,1,A,SP1 (5).csv,1.2,1.0,0.19999999999999996,2
2021-05-16,Alaves,Granada,4,2,H,SP1 (5).csv,1.8,0.8,1.0,0
2021-05-16,Getafe,Levante,2,1,H,SP1 (5).csv,2.0,1.0,1.0,0
2021-05-18,Southampton,Leeds,0,2,A,E0_20_21.csv,1.6,1.4,0.20000000000000018,2
2021-05-18,Brighton,Man City,3,2,H,E0_20_21.csv,1.8,1.6,0.19999999999999996,0
2021-05-18,Man United,Fulham,1,1,D,E0_20_21.csv,2.0,1.6,0.3999999999999999,1
2021-05-18,Chelsea,Leicester,2,1,H,E0_20_21.csv,1.6,1.4,0.20000000000000018,0
2021-05-19,West Brom,West Ham,1,3,A,E0_20_21.csv,1.4,1.8,-0.40000000000000013,2
2021-05-19,Burnley,Liverpool,0,3,A,E0_20_21.csv,1.4,2.0,-0.6000000000000001,2
2021-05-19,Crystal Palace,Arsenal,1,3,A,E0_20_21.csv,1.0,2.2,-1.2000000000000002,2
2021-05-19,Newcastle,Sheffield United,1,0,H,E0_20_21.csv,1.0,2.0,-1.0,0
2021-05-19,Everton,Wolves,1,0,H,E0_20_21.csv,0.8,1.8,-1.0,0
2021-05-19,Tottenham,Aston Villa,1,2,A,E0_20_21.csv,0.8,1.6,-0.8,2
2021-05-21,Levante,Cadiz,2,2,D,SP1 (5).csv,1.2,1.4,-0.19999999999999996,1
2021-05-22,Valladolid,Ath Madrid,1,2,A,SP1 (5).csv,1.2,1.2,0.0,2
2021-05-22,Celta,Betis,2,3,A,SP1 (5).csv,1.4,1.8,-0.40000000000000013,2
2021-05-22,Eibar,Barcelona,0,1,A,SP1 (5).csv,1.2,2.0,-0.8,2
2021-05-22,Elche,Ath Bilbao,2,0,H,SP1 (5).csv,1.4,1.6,-0.20000000000000018,0
2021-05-22,Huesca,Valencia,0,0,D,SP1 (5).csv,1.0,1.2,-0.19999999999999996,1
2021-05-22,Real Madrid,Villarreal,2,1,H,SP1 (5).csv,1.2,1.0,0.19999999999999996,0
2021-05-22,Osasuna,Sociedad,0,1,A,SP1 (5).csv,0.8,0.6,0.20000000000000007,2
2021-05-23,Granada,Getafe,0,0,D,SP1 (5).csv,0.8,0.4,0.4,1
2021-05-23,Leeds,West Brom,3,1,H,E0_20_21.csv,1.0,0.6,0.4,0
2021-05-23,Leicester,Tottenham,2,4,A,E0_20_21.csv,1.4,1.4,0.0,2
2021-05-23,West Ham,Southampton,3,0,H,E0_20_21.csv,1.6,1.2,0.40000000000000013,0
2021-05-23,Arsenal,Brighton,2,0,H,E0_20_21.csv,2.0,1.0,1.0,0
2021-05-23,Sevilla,Alaves,1,0,H,SP1 (5).csv,2.2,1.0,1.2000000000000002,0
2021-05-23,Fulham,Newcastle,0,2,A,E0_20_21.csv,1.6,1.2,0.40000000000000013,2
2021-05-23,Liverpool,Crystal Palace,2,0,H,E0_20_21.csv,1.6,0.4,1.2000000000000002,0
2021-05-23,Sheffield United,Burnley,1,0,H,E0_20_21.csv,1.2,0.4,0.7999999999999999,0
2021-05-23,Man City,Everton,5,0,H,E0_20_21.csv,1.8,0.4,1.4,0
2021-05-23,Wolves,Man United,1,2,A,E0_20_21.csv,1.8,0.8,1.0,2
2021-05-23,Aston Villa,Chelsea,2,1,H,E0_20_21.csv,2.2,0.6,1.6,0
2021-08-13,Brentford,Arsenal,2,0,H,E0_21_22.csv,2.2,0.6,1.6,0
2021-08-13,Valencia,Getafe,1,0,H,SP1 (4).csv,2.2,0.6,1.6,0
2021-08-14,Chelsea,Crystal Palace,3,0,H,E0_21_22.csv,1.8,0.6,1.2000000000000002,0
2021-08-14,Man United,Leeds,5,1,H,E0_21_22.csv,2.6,0.4,2.2,0
2021-08-14,Osasuna,Espanol,0,0,D,SP1 (4).csv,2.2,0.2,2.0,1
2021-08-14,Burnley,Brighton,1,2,A,E0_21_22.csv,2.0,0.6,1.4,2
2021-08-14,Alaves,Real Madrid,1,4,A,SP1 (4).csv,2.0,1.4,0.6000000000000001,2
2021-08-14,Watford,Aston Villa,3,2,H,E0_21_22.csv,2.0,1.8,0.19999999999999996,0
2021-08-14,Cadiz,Levante,1,1,D,SP1 (4).csv,1.2,1.8,-0.6000000000000001,1
2021-08-14,Leicester,Wolves,1,0,H,E0_21_22.csv,1.4,1.8,-0.40000000000000013,0
2021-08-14,Everton,Southampton,3,1,H,E0_21_22.csv,1.8,1.6,0.19999999999999996,0
2021-08-14,Norwich,Liverpool,0,3,A,E0_21_22.csv,1.6,1.4,0.20000000000000018,2
2021-08-14,Mallorca,Betis,1,1,D,SP1 (4).csv,1.2,1.2,0.0,1
2021-08-15,Barcelona,Sociedad,4,2,H,SP1 (4).csv,1.8,1.4,0.40000000000000013,0
2021-08-15,Sevilla,Vallecano,3,0,H,SP1 (4).csv,2.2,1.4,0.8000000000000003,0
2021-08-15,Newcastle,West Ham,2,4,A,E0_21_22.csv,2.0,2.0,0.0,2
2021-08-15,Tottenham,Man City,1,0,H,E0_21_22.csv,2.2,1.4,0.8000000000000003,0
2021-08-15,Celta,Ath Madrid,1,2,A,SP1 (4).csv,2.2,1.6,0.6000000000000001,2
2021-08-16,Villarreal,Granada,0,0,D,SP1 (4).csv,1.4,1.2,0.19999999999999996,1
2021-08-16,Elche,Ath Bilbao,0,0,D,SP1 (4).csv,0.8,1.2,-0.3999999999999999,1
2021-08-20,Betis,Cadiz,1,1,D,SP1 (4).csv,0.6,0.6,0.0,1
2021-08-21,Espanol,Villarreal,0,0,D,SP1 (4).csv,0.4,0.6,-0.19999999999999996,1
2021-08-21,Granada,Valencia,1,1,D,SP1 (4).csv,0.4,0.4,0.0,1
2021-08-21,Liverpool,Burnley,2,0,H,E0_21_22.csv,0.8,0.4,0.4,0
2021-08-21,Leeds,Everton,2,2,D,E0_21_22.csv,1.2,0.8,0.3999999999999999,1
2021-08-21,Man City,Norwich,5,0,H,E0_21_22.csv,2.0,0.6,1.4,0
2021-08-21,Crystal Palace,Brentford,0,0,D,E0_21_22.csv,2.0,0.6,1.4,1
2021-08-21,Ath Bilbao,Barcelona,1,1,D,SP1 (4).csv,2.0,0.6,1.4,1
2021-08-21,Aston Villa,Newcastle,2,0,H,E0_21_22.csv,2.0,0.6,1.4,0
2021-08-21,Alaves,Mallorca,0,1,A,SP1 (4).csv,1.6,0.4,1.2000000000000002,2
2021-08-21,Brighton,Watford,2,0,H,E0_21_22.csv,1.0,0.4,0.6,0
2021-08-22,Sociedad,Vallecano,1,0,H,SP1 (4).csv,1.2,0.4,0.7999999999999999,0
2021-08-22,Ath Madrid,Elche,1,0,H,SP1 (4).csv,1.2,0.2,1.0,0
2021-08-22,Levante,Real Madrid,3,3,D,SP1 (4).csv,1.4,0.8,0.5999999999999999,1
2021-08-22,Arsenal,Chelsea,0,2,A,E0_21_22.csv,1.4,1.0,0.3999999999999999,2
2021-08-22,Wolves,Tottenham,0,1,A,E0_21_22.csv,1.0,1.2,-0.19999999999999996,2
2021-08-22,Southampton,Man United,1,1,D,E0_21_22.csv,1.0,1.4,-0.3999999999999999,1
2021-08-23,Osasuna,Celta,0,0,D,SP1 (4).csv,0.8,1.4,-0.5999999999999999,1
2021-08-23,Getafe,Sevilla,0,1,A,SP1 (4).csv,0.2,1.0,-0.8,2
2021-08-23,West Ham,Leicester,4,1,H,E0_21_22.csv,1.0,0.8,0.19999999999999996,0
2021-08-27,Mallorca,Espanol,1,0,H,SP1 (4).csv,1.2,0.6,0.6,0
2021-08-27,Valencia,Alaves,3,0,H,SP1 (4).csv,1.6,0.4,1.2000000000000002,0
2021-08-28,Liverpool,Chelsea,1,1,D,E0_21_22.csv,1.8,0.6,1.2000000000000002,1
2021-08-28,West Ham,Crystal Palace,2,2,D,E0_21_22.csv,2.2,0.8,1.4000000000000001,1
2021-08-28,Celta,Ath Bilbao,0,1,A,SP1 (4).csv,1.4,0.8,0.5999999999999999,2
2021-08-28,Newcastle,Southampton,2,2,D,E0_21_22.csv,1.6,1.2,0.40000000000000013,1
2021-08-28,Brighton,Everton,0,2,A,E0_21_22.csv,1.0,1.6,-0.6000000000000001,2
2021-08-28,Norwich,Leicester,1,2,A,E0_21_22.csv,1.0,1.8,-0.8,2
2021-08-28,Man City,Arsenal,5,0,H,E0_21_22.csv,1.6,1.4,0.20000000000000018,0
2021-08-28,Betis,Real Madrid,0,1,A,SP1 (4).csv,1.6,1.4,0.20000000000000018,2
2021-08-28,Sociedad,Levante,1,0,H,SP1 (4).csv,1.4,1.0,0.3999999999999999,0
2021-08-28,Elche,Sevilla,1,1,D,SP1 (4).csv,1.6,0.8,0.8,1
2021-08-28,Aston Villa,Brentford,1,1,D,E0_21_22.csv,1.6,0.6,1.0,1
2021-08-29,Barcelona,Getafe,2,1,H,SP1 (4).csv,1.0,0.8,0.19999999999999996,0
2021-08-29,Wolves,Man United,0,1,A,E0_21_22.csv,1.0,0.8,0.19999999999999996,2
2021-08-29,Ath Madrid,Villarreal,2,2,D,SP1 (4).csv,1.2,1.2,0.0,1
2021-08-29,Burnley,Leeds,1,1,D,E0_21_22.csv,1.2,1.2,0.0,1
2021-08-29,Vallecano,Granada,4,0,H,SP1 (4).csv,1.8,1.0,0.8,0
2021-08-29,Cadiz,Osasuna,2,3,A,SP1 (4).csv,1.8,1.4,0.40000000000000013,2
2021-08-29,Tottenham,Watford,1,0,H,E0_21_22.csv,2.0,1.2,0.8,0
2021-09-11,Arsenal,Norwich,1,0,H,E0_21_22.csv,1.8,0.8,1.0,0
2021-09-11,Man United,Newcastle,4,1,H,E0_21_22.csv,2.4,0.8,1.5999999999999999,0
2021-09-11,Brentford,Brighton,0,1,A,E0_21_22.csv,1.6,1.0,0.6000000000000001,2
2021-09-11,Crystal Palace,Tottenham,3,0,H,E0_21_22.csv,1.8,0.4,1.4,0
2021-09-11,Leicester,Man City,0,1,A,E0_21_22.csv,1.6,0.6,1.0,2
2021-09-11,Watford,Wolves,0,2,A,E0_21_22.csv,1.4,1.0,0.3999999999999999,2
2021-09-11,Chelsea,Aston Villa,3,0,H,E0_21_22.csv,1.2,0.8,0.3999999999999999,0
2021-09-11,Levante,Vallecano,1,1,D,SP1 (4).csv,1.4,0.8,0.5999999999999999,1
2021-09-11,Southampton,West Ham,0,0,D,E0_21_22.csv,0.8,0.8,0.0,1
2021-09-11,Ath Bilbao,Mallorca,2,0,H,SP1 (4).csv,1.2,0.6,0.6,0
2021-09-12,Osasuna,Valencia,1,4,A,SP1 (4).csv,1.4,1.0,0.3999999999999999,2
2021-09-12,Cadiz,Sociedad,0,2,A,SP1 (4).csv,0.8,1.4,-0.5999999999999999,2
2021-09-12,Leeds,Liverpool,0,3,A,E0_21_22.csv,0.6,1.8,-1.2000000000000002,2
2021-09-12,Real Madrid,Celta,5,2,H,SP1 (4).csv,1.6,2.2,-0.6000000000000001,0
2021-09-12,Espanol,Ath Madrid,1,2,A,SP1 (4).csv,1.4,2.6,-1.2000000000000002,2
2021-09-13,Everton,Burnley,3,1,H,E0_21_22.csv,1.8,2.0,-0.19999999999999996,0
2021-09-13,Getafe,Elche,0,1,A,SP1 (4).csv,1.8,1.8,0.0,2
2021-09-13,Granada,Betis,1,2,A,SP1 (4).csv,2.0,1.6,0.3999999999999999,2
2021-09-17,Celta,Cadiz,1,2,A,SP1 (4).csv,1.2,1.6,-0.40000000000000013,2
2021-09-17,Newcastle,Leeds,1,1,D,E0_21_22.csv,1.2,1.4,-0.19999999999999996,1
2021-09-18,Liverpool,Crystal Palace,3,0,H,E0_21_22.csv,1.2,1.2,0.0,0
2021-09-18,Vallecano,Getafe,3,0,H,SP1 (4).csv,1.8,1.0,0.8,0
2021-09-18,Elche,Levante,1,1,D,SP1 (4).csv,1.8,0.8,1.0,1
2021-09-18,Man City,Southampton,0,0,D,E0_21_22.csv,1.6,0.4,1.2000000000000002,1
2021-09-18,Ath Madrid,Ath Bilbao,0,0,D,SP1 (4).csv,1.4,0.2,1.2,1
2021-09-18,Aston Villa,Everton,3,0,H,E0_21_22.csv,1.4,0.2,1.2,0
2021-09-18,Alaves,Osasuna,0,2,A,SP1 (4).csv,0.8,0.6,0.20000000000000007,2
2021-09-18,Wolves,Brentford,0,2,A,E0_21_22.csv,0.6,0.8,-0.20000000000000007,2
2021-09-18,Burnley,Arsenal,0,1,A,E0_21_22.csv,0.6,1.0,-0.4,2
2021-09-18,Norwich,Watford,1,3,A,E0_21_22.csv,0.8,1.6,-0.8,2
2021-09-19,Brighton,Leicester,2,1,H,E0_21_22.csv,0.6,1.8,-1.2000000000000002,0
2021-09-19,Tottenham,Chelsea,0,3,A,E0_21_22.csv,0.6,2.0,-1.4,2
2021-09-19,Valencia,Real Madrid,1,2,A,SP1 (4).csv,0.8,2.0,-1.2,2
2021-09-19,West Ham,Man United,1,2,A,E0_21_22.csv,1.0,2.2,-1.2000000000000002,2
2021-09-19,Sociedad,Sevilla,0,0,D,SP1 (4).csv,0.8,1.6,-0.8,1
2021-09-19,Mallorca,Villarreal,0,0,D,SP1 (4).csv,0.4,1.4,-0.9999999999999999,1
2021-09-19,Betis,Espanol,2,2,D,SP1 (4).csv,0.8,1.2,-0.3999999999999999,1
2021-09-20,Barcelona,Granada,1,1,D,SP1 (4).csv,0.8,1.0,-0.19999999999999996,1
2021-09-21,Getafe,Ath Madrid,1,2,A,SP1 (4).csv,0.8,1.0,-0.19999999999999996,2
2021-09-21,Ath Bilbao,Vallecano,1,2,A,SP1 (4).csv,1.0,1.4,-0.3999999999999999,2
2021-09-21,Levante,Celta,0,2,A,SP1 (4).csv,1.0,1.8,-0.8,2
2021-09-22,Espanol,Alaves,1,0,H,SP1 (4).csv,0.8,1.4,-0.5999999999999999,0
2021-09-22,Sevilla,Valencia,3,1,H,SP1 (4).csv,1.2,1.4,-0.19999999999999996,0
2021-09-22,Real Madrid,Mallorca,6,1,H,SP1 (4).csv,2.2,1.2,1.0000000000000002,0
2021-09-22,Villarreal,Elche,4,1,H,SP1 (4).csv,2.8,1.0,1.7999999999999998,0
2021-09-23,Granada,Sociedad,2,3,A,SP1 (4).csv,3.2,1.2,2.0,2
2021-09-23,Osasuna,Betis,1,3,A,SP1 (4).csv,3.2,1.8,1.4000000000000001,2
2021-09-23,Cadiz,Barcelona,0,0,D,SP1 (4).csv,2.6,1.6,1.0,1
2021-09-25,Chelsea,Man City,0,1,A,E0_21_22.csv,1.4,1.6,-0.20000000000000018,2
2021-09-25,Man United,Aston Villa,0,1,A,E0_21_22.csv,0.6,1.6,-1.0,2
2021-09-25,Everton,Norwich,2,0,H,E0_21_22.csv,0.6,1.0,-0.4,0
2021-09-25,Leeds,West Ham,1,2,A,E0_21_22.csv,0.6,0.8,-0.20000000000000007,2
2021-09-25,Leicester,Burnley,2,2,D,E0_21_22.csv,1.0,1.2,-0.19999999999999996,1
2021-09-25,Real Madrid,Villarreal,0,0,D,SP1 (4).csv,1.0,1.0,0.0,1
2021-09-25,Watford,Newcastle,1,1,D,E0_21_22.csv,1.2,1.0,0.19999999999999996,1
2021-09-25,Sevilla,Espanol,2,0,H,SP1 (4).csv,1.2,1.0,0.19999999999999996,0
2021-09-25,Valencia,Ath Bilbao,1,1,D,SP1 (4).csv,1.2,0.8,0.3999999999999999,1
2021-09-25,Alaves,Ath Madrid,1,0,H,SP1 (4).csv,1.0,0.4,0.6,0
2021-09-25,Brentford,Liverpool,3,3,D,E0_21_22.csv,1.6,1.0,0.6000000000000001,1
2021-09-26,Southampton,Wolves,0,1,A,E0_21_22.csv,1.4,1.0,0.3999999999999999,2
2021-09-26,Mallorca,Osasuna,2,3,A,SP1 (4).csv,1.4,1.6,-0.20000000000000018,2
2021-09-26,Vallecano,Cadiz,3,1,H,SP1 (4).csv,1.8,1.6,0.19999999999999996,0
2021-09-26,Sociedad,Elche,1,0,H,SP1 (4).csv,1.8,1.6,0.19999999999999996,0
2021-09-26,Barcelona,Levante,3,0,H,SP1 (4).csv,1.8,1.0,0.8,0
2021-09-26,Arsenal,Tottenham,3,1,H,E0_21_22.csv,2.4,1.0,1.4,0
2021-09-26,Betis,Getafe,2,0,H,SP1 (4).csv,2.4,0.4,2.0,0
2021-09-27,Crystal Palace,Brighton,1,1,D,E0_21_22.csv,2.0,0.4,1.6,1
2021-09-27,Celta,Granada,1,0,H,SP1 (4).csv,2.0,0.4,1.6,0
2021-10-01,Ath Bilbao,Alaves,1,0,H,SP1 (4).csv,1.6,0.4,1.2000000000000002,0
2021-10-02,Ath Madrid,Barcelona,2,0,H,SP1 (4).csv,1.4,0.2,1.2,0
2021-10-02,Cadiz,Valencia,0,0,D,SP1 (4).csv,1.0,0.2,0.8,1
2021-10-02,Mallorca,Levante,1,0,H,SP1 (4).csv,1.0,0.0,1.0,0
2021-10-02,Leeds,Watford,1,0,H,E0_21_22.csv,1.0,0.0,1.0,0
2021-10-02,Osasuna,Vallecano,1,0,H,SP1 (4).csv,1.0,0.0,1.0,0
2021-10-02,Wolves,Newcastle,2,1,H,E0_21_22.csv,1.0,0.2,0.8,0
2021-10-02,Man United,Everton,1,1,D,E0_21_22.csv,1.2,0.4,0.7999999999999999,1
2021-10-02,Burnley,Norwich,0,0,D,E0_21_22.csv,1.0,0.4,0.6,1
2021-10-02,Chelsea,Southampton,3,1,H,E0_21_22.csv,1.4,0.6,0.7999999999999999,0
2021-10-02,Brighton,Arsenal,0,0,D,E0_21_22.csv,1.2,0.6,0.6,1
2021-10-03,Crystal Palace,Leicester,2,2,D,E0_21_22.csv,1.2,0.8,0.3999999999999999,1
2021-10-03,Espanol,Real Madrid,2,1,H,SP1 (4).csv,1.4,0.8,0.5999999999999999,0
2021-10-03,Elche,Celta,1,0,H,SP1 (4).csv,1.6,0.8,0.8,0
2021-10-03,Villarreal,Betis,2,0,H,SP1 (4).csv,1.4,0.6,0.7999999999999999,0
2021-10-03,Getafe,Sociedad,1,1,D,SP1 (4).csv,1.6,0.8,0.8,1
2021-10-03,Tottenham,Aston Villa,2,1,H,E0_21_22.csv,1.6,0.6,1.0,0
2021-10-03,West Ham,Brentford,1,2,A,E0_21_22.csv,1.4,0.8,0.5999999999999999,2
2021-10-03,Liverpool,Man City,2,2,D,E0_21_22.csv,1.6,1.2,0.40000000000000013,1
2021-10-03,Granada,Sevilla,1,0,H,SP1 (4).csv,1.4,1.2,0.19999999999999996,0
2021-10-16,Southampton,Leeds,1,0,H,E0_21_22.csv,1.4,1.0,0.3999999999999999,0
2021-10-16,Watford,Liverpool,0,5,A,E0_21_22.csv,1.0,1.8,-0.8,2
2021-10-16,Aston Villa,Wolves,2,3,A,E0_21_22.csv,1.2,2.0,-0.8,2
2021-10-16,Leicester,Man United,4,2,H,E0_21_22.csv,1.6,2.0,-0.3999999999999999,0
2021-10-16,Norwich,Brighton,0,0,D,E0_21_22.csv,1.4,2.0,-0.6000000000000001,1
2021-10-16,Brentford,Chelsea,0,1,A,E0_21_22.csv,1.2,2.2,-1.0000000000000002,2
2021-10-16,Man City,Burnley,2,0,H,E0_21_22.csv,1.6,1.2,0.40000000000000013,0
2021-10-16,Levante,Getafe,0,0,D,SP1 (4).csv,1.2,0.6,0.6,1
2021-10-16,Sociedad,Mallorca,1,0,H,SP1 (4).csv,0.6,0.2,0.39999999999999997,0
2021-10-17,Celta,Sevilla,0,1,A,SP1 (4).csv,0.6,0.4,0.19999999999999996,2
2021-10-17,Villarreal,Osasuna,1,2,A,SP1 (4).csv,0.8,0.6,0.20000000000000007,2
2021-10-17,Newcastle,Tottenham,2,3,A,E0_21_22.csv,0.8,1.2,-0.3999999999999999,2
2021-10-17,Vallecano,Elche,2,1,H,SP1 (4).csv,1.2,1.4,-0.19999999999999996,0
2021-10-17,Everton,West Ham,0,1,A,E0_21_22.csv,1.0,1.6,-0.6000000000000001,2
2021-10-17,Barcelona,Valencia,3,1,H,SP1 (4).csv,1.6,1.6,0.0,0
2021-10-18,Espanol,Cadiz,2,0,H,SP1 (4).csv,1.8,1.2,0.6000000000000001,0
2021-10-18,Alaves,Betis,0,1,A,SP1 (4).csv,1.4,0.8,0.5999999999999999,2
2021-10-18,Arsenal,Crystal Palace,2,2,D,E0_21_22.csv,1.4,1.0,0.3999999999999999,1
2021-10-22,Osasuna,Granada,1,1,D,SP1 (4).csv,1.6,1.0,0.6000000000000001,1
2021-10-22,Arsenal,Aston Villa,3,1,H,E0_21_22.csv,1.6,1.0,0.6000000000000001,0
2021-10-23,Chelsea,Norwich,7,0,H,E0_21_22.csv,2.6,1.0,1.6,0
2021-10-23,Brighton,Man City,1,4,A,E0_21_22.csv,2.8,1.6,1.1999999999999997,2
2021-10-23,Southampton,Burnley,2,2,D,E0_21_22.csv,2.8,1.6,1.1999999999999997,1
2021-10-23,Leeds,Wolves,1,1,D,E0_21_22.csv,2.8,1.6,1.1999999999999997,1
2021-10-23,Everton,Watford,2,5,A,E0_21_22.csv,2.6,2.4,0.20000000000000018,2
2021-10-23,Elche,Espanol,2,2,D,SP1 (4).csv,1.6,2.8,-1.1999999999999997,1
2021-10-23,Cadiz,Alaves,0,2,A,SP1 (4).csv,1.4,2.4,-1.0,2
2021-10-23,Valencia,Mallorca,2,2,D,SP1 (4).csv,1.4,2.4,-1.0,1
2021-10-23,Ath Bilbao,Villarreal,2,1,H,SP1 (4).csv,1.6,2.4,-0.7999999999999998,0
2021-10-23,Crystal Palace,Newcastle,1,1,D,E0_21_22.csv,1.4,1.6,-0.20000000000000018,1
2021-10-24,Barcelona,Real Madrid,1,2,A,SP1 (4).csv,1.2,1.6,-0.40000000000000013,2
2021-10-24,Sevilla,Levante,5,3,H,SP1 (4).csv,2.2,1.8,0.40000000000000013,0
2021-10-24,Betis,Vallecano,3,2,H,SP1 (4).csv,2.4,1.8,0.5999999999999999,0
2021-10-24,Man United,Liverpool,0,5,A,E0_21_22.csv,2.0,2.6,-0.6000000000000001,2
2021-10-24,West Ham,Tottenham,1,0,H,E0_21_22.csv,2.0,2.4,-0.3999999999999999,0
2021-10-24,Brentford,Leicester,1,2,A,E0_21_22.csv,2.0,2.4,-0.3999999999999999,2
2021-10-24,Ath Madrid,Sociedad,2,2,D,SP1 (4).csv,1.4,2.2,-0.8000000000000003,1
2021-10-25,Getafe,Celta,0,3,A,SP1 (4).csv,0.8,2.4,-1.5999999999999999,2
2021-10-26,Espanol,Ath Bilbao,1,1,D,SP1 (4).csv,1.0,1.6,-0.6000000000000001,1
2021-10-26,Villarreal,Cadiz,3,3,D,SP1 (4).csv,1.4,2.2,-0.8000000000000003,1
2021-10-26,Alaves,Elche,1,0,H,SP1 (4).csv,1.4,1.8,-0.40000000000000013,0
2021-10-27,Real Madrid,Osasuna,0,0,D,SP1 (4).csv,1.0,1.4,-0.3999999999999999,1
2021-10-27,Vallecano,Barcelona,1,0,H,SP1 (4).csv,1.2,0.8,0.3999999999999999,0
2021-10-27,Betis,Valencia,4,1,H,SP1 (4).csv,1.8,0.8,1.0,0
2021-10-27,Mallorca,Sevilla,1,1,D,SP1 (4).csv,1.4,0.4,0.9999999999999999,1
2021-10-28,Celta,Sociedad,0,2,A,SP1 (4).csv,1.2,0.8,0.3999999999999999,2
2021-10-28,Granada,Getafe,1,1,D,SP1 (4).csv,1.4,1.0,0.3999999999999999,1
2021-10-28,Levante,Ath Madrid,2,2,D,SP1 (4).csv,1.6,1.4,0.20000000000000018,1
2021-10-30,Sevilla,Osasuna,2,0,H,SP1 (4).csv,1.2,1.2,0.0,0
2021-10-30,Barcelona,Alaves,1,1,D,SP1 (4).csv,1.2,1.2,0.0,1
2021-10-30,Valencia,Villarreal,2,0,H,SP1 (4).csv,1.6,0.8,0.8,0
2021-10-30,Watford,Southampton,0,1,A,E0_21_22.csv,1.4,0.8,0.5999999999999999,2
2021-10-30,Newcastle,Chelsea,0,3,A,E0_21_22.csv,1.0,1.0,0.0,2
2021-10-30,Elche,Real Madrid,1,2,A,SP1 (4).csv,0.8,1.4,-0.5999999999999999,2
2021-10-30,Liverpool,Brighton,2,2,D,E0_21_22.csv,1.0,1.6,-0.6000000000000001,1
2021-10-30,Burnley,Brentford,3,1,H,E0_21_22.csv,1.2,1.8,-0.6000000000000001,0
2021-10-30,Leicester,Arsenal,0,2,A,E0_21_22.csv,1.2,2.0,-0.8,2
2021-10-30,Tottenham,Man United,0,3,A,E0_21_22.csv,1.2,2.0,-0.8,2
2021-10-30,Man City,Crystal Palace,0,2,A,E0_21_22.csv,1.0,2.0,-1.0,2
2021-10-31,Aston Villa,West Ham,1,4,A,E0_21_22.csv,0.8,2.4,-1.5999999999999999,2
2021-10-31,Cadiz,Mallorca,1,1,D,SP1 (4).csv,0.4,2.4,-2.0,1
2021-10-31,Ath Madrid,Betis,3,0,H,SP1 (4).csv,1.0,2.0,-1.0,0
2021-10-31,Sociedad,Ath Bilbao,1,1,D,SP1 (4).csv,1.2,1.6,-0.40000000000000013,1
2021-10-31,Norwich,Leeds,1,2,A,E0_21_22.csv,1.4,1.6,-0.20000000000000018,2
2021-10-31,Getafe,Espanol,2,1,H,SP1 (4).csv,1.6,1.0,0.6000000000000001,0
2021-11-01,Wolves,Everton,2,1,H,E0_21_22.csv,1.8,1.0,0.8,0
2021-11-01,Vallecano,Celta,0,0,D,SP1 (4).csv,1.2,1.0,0.19999999999999996,1
2021-11-01,Levante,Granada,0,3,A,SP1 (4).csv,1.0,1.4,-0.3999999999999999,2
2021-11-05,Ath Bilbao,Cadiz,0,1,A,SP1 (4).csv,0.8,1.2,-0.3999999999999999,2
2021-11-05,Southampton,Aston Villa,1,0,H,E0_21_22.csv,0.6,1.0,-0.4,0
2021-11-06,Espanol,Granada,2,0,H,SP1 (4).csv,0.6,0.8,-0.20000000000000007,0
2021-11-06,Real Madrid,Vallecano,2,1,H,SP1 (4).csv,1.0,1.0,0.0,0
2021-11-06,Celta,Barcelona,3,3,D,SP1 (4).csv,1.6,1.0,0.6000000000000001,1
2021-11-06,Brentford,Norwich,1,2,A,E0_21_22.csv,1.8,1.2,0.6000000000000001,2
2021-11-06,Chelsea,Burnley,1,1,D,E0_21_22.csv,1.8,1.4,0.40000000000000013,1
2021-11-06,Crystal Palace,Wolves,2,0,H,E0_21_22.csv,1.8,1.4,0.40000000000000013,0
2021-11-06,Alaves,Levante,2,1,H,SP1 (4).csv,1.8,1.4,0.40000000000000013,0
2021-11-06,Brighton,Newcastle,1,1,D,E0_21_22.csv,1.4,1.0,0.3999999999999999,1
2021-11-06,Man United,Man City,0,2,A,E0_21_22.csv,1.2,1.0,0.19999999999999996,2
2021-11-07,West Ham,Liverpool,3,2,H,E0_21_22.csv,1.6,1.2,0.40000000000000013,0
2021-11-07,Leeds,Leicester,1,1,D,E0_21_22.csv,1.4,1.4,0.0,1
2021-11-07,Villarreal,Getafe,1,0,H,SP1 (4).csv,1.2,1.2,0.0,0
2021-11-07,Everton,Tottenham,0,0,D,E0_21_22.csv,1.0,1.0,0.0,1
2021-11-07,Mallorca,Elche,2,2,D,SP1 (4).csv,1.4,1.0,0.3999999999999999,1
2021-11-07,Osasuna,Sociedad,0,2,A,SP1 (4).csv,0.8,1.0,-0.19999999999999996,2
2021-11-07,Valencia,Ath Madrid,3,3,D,SP1 (4).csv,1.2,1.4,-0.19999999999999996,1
2021-11-07,Betis,Sevilla,0,2,A,SP1 (4).csv,1.0,1.8,-0.8,2
2021-11-07,Arsenal,Watford,1,0,H,E0_21_22.csv,1.2,1.8,-0.6000000000000001,0
2021-11-19,Levante,Ath Bilbao,0,0,D,SP1 (4).csv,0.8,1.4,-0.5999999999999999,1
2021-11-20,Norwich,Southampton,2,1,H,E0_21_22.csv,1.2,1.2,0.0,0
2021-11-20,Barcelona,Espanol,1,0,H,SP1 (4).csv,0.8,0.6,0.20000000000000007,0
2021-11-20,Newcastle,Brentford,3,3,D,E0_21_22.csv,1.4,0.8,0.5999999999999999,1
2021-11-20,Burnley,Crystal Palace,3,3,D,E0_21_22.csv,1.8,1.4,0.40000000000000013,1
2021-11-20,Aston Villa,Brighton,2,0,H,E0_21_22.csv,2.2,1.4,0.8000000000000003,0
2021-11-20,Leicester,Chelsea,0,3,A,E0_21_22.csv,1.8,1.8,0.0,2
2021-11-20,Wolves,West Ham,1,0,H,E0_21_22.csv,1.8,1.8,0.0,0
2021-11-20,Liverpool,Arsenal,4,0,H,E0_21_22.csv,2.0,1.2,0.8,0
2021-11-20,Ath Madrid,Osasuna,1,0,H,SP1 (4).csv,1.6,0.6,1.0,0
2021-11-20,Watford,Man United,4,1,H,E0_21_22.csv,2.0,0.8,1.2,0
2021-11-20,Sevilla,Alaves,2,2,D,SP1 (4).csv,2.4,0.6,1.7999999999999998,1
2021-11-20,Celta,Villarreal,1,1,D,SP1 (4).csv,2.4,0.8,1.5999999999999999,1
2021-11-21,Sociedad,Valencia,0,0,D,SP1 (4).csv,1.6,0.8,0.8,1
2021-11-21,Granada,Real Madrid,1,4,A,SP1 (4).csv,1.6,1.6,0.0,2
2021-11-21,Elche,Betis,0,3,A,SP1 (4).csv,0.8,2.0,-1.2,2
2021-11-21,Tottenham,Leeds,2,1,H,E0_21_22.csv,0.8,1.8,-1.0,0
2021-11-21,Getafe,Cadiz,4,0,H,SP1 (4).csv,1.4,1.6,-0.20000000000000018,0
2021-11-21,Man City,Everton,3,0,H,E0_21_22.csv,2.0,1.6,0.3999999999999999,0
2021-11-22,Vallecano,Mallorca,3,1,H,SP1 (4).csv,2.4,1.0,1.4,0
2021-11-26,Ath Bilbao,Granada,2,2,D,SP1 (4).csv,2.8,0.8,1.9999999999999998,1
2021-11-27,Valencia,Vallecano,1,1,D,SP1 (4).csv,2.6,0.8,1.8,1
2021-11-27,Villarreal,Barcelona,1,3,A,SP1 (4).csv,2.0,1.4,0.6000000000000001,2
2021-11-27,Mallorca,Getafe,0,0,D,SP1 (4).csv,1.4,1.4,0.0,1
2021-11-27,Norwich,Wolves,0,0,D,E0_21_22.csv,0.8,1.2,-0.3999999999999999,1
2021-11-27,Alaves,Celta,1,2,A,SP1 (4).csv,0.6,1.2,-0.6,2
2021-11-27,Arsenal,Newcastle,2,0,H,E0_21_22.csv,0.8,1.0,-0.19999999999999996,0
2021-11-27,Crystal Palace,Aston Villa,1,2,A,E0_21_22.csv,0.8,0.8,0.0,2
2021-11-27,Liverpool,Southampton,4,0,H,E0_21_22.csv,1.6,0.8,0.8,0
2021-11-27,Brighton,Leeds,0,0,D,E0_21_22.csv,1.6,0.8,0.8,1
2021-11-28,Brentford,Everton,1,0,H,E0_21_22.csv,1.6,0.4,1.2000000000000002,0
2021-11-28,Betis,Levante,3,1,H,SP1 (4).csv,1.8,0.6,1.2000000000000002,0
2021-11-28,Espanol,Sociedad,1,0,H,SP1 (4).csv,1.8,0.2,1.6,0
2021-11-28,Cadiz,Ath Madrid,1,4,A,SP1 (4).csv,1.2,1.0,0.19999999999999996,2
2021-11-28,Chelsea,Man United,1,1,D,E0_21_22.csv,1.4,1.2,0.19999999999999996,1
2021-11-28,Man City,West Ham,2,1,H,E0_21_22.csv,1.6,1.4,0.20000000000000018,0
2021-11-28,Leicester,Watford,4,2,H,E0_21_22.csv,1.8,1.6,0.19999999999999996,0
2021-11-28,Real Madrid,Sevilla,2,1,H,SP1 (4).csv,2.0,1.8,0.19999999999999996,0
2021-11-29,Osasuna,Elche,1,1,D,SP1 (4).csv,2.0,1.2,0.8,1
2021-11-30,Newcastle,Norwich,1,1,D,E0_21_22.csv,2.0,1.2,0.8,1
2021-11-30,Leeds,Crystal Palace,1,0,H,E0_21_22.csv,1.8,1.0,0.8,0
2021-12-01,Everton,Liverpool,1,4,A,E0_21_22.csv,1.2,1.4,-0.19999999999999996,2
2021-12-01,Aston Villa,Man City,1,2,A,E0_21_22.csv,1.0,1.6,-0.6000000000000001,2
2021-12-01,Southampton,Leicester,2,2,D,E0_21_22.csv,1.2,1.8,-0.6000000000000001,1
2021-12-01,Watford,Chelsea,1,2,A,E0_21_22.csv,1.2,2.0,-0.8,2
2021-12-01,West Ham,Brighton,1,1,D,E0_21_22.csv,1.2,2.2,-1.0000000000000002,1
2021-12-01,Real Madrid,Ath Bilbao,1,0,H,SP1 (4).csv,1.2,1.4,-0.19999999999999996,0
2021-12-01,Wolves,Burnley,0,0,D,E0_21_22.csv,1.0,1.0,0.0,1
2021-12-02,Tottenham,Brentford,2,0,H,E0_21_22.csv,1.0,0.6,0.4,0
2021-12-02,Man United,Arsenal,3,2,H,E0_21_22.csv,1.4,0.6,0.7999999999999999,0
2021-12-03,Granada,Alaves,2,1,H,SP1 (4).csv,1.6,0.6,1.0,0
2021-12-04,Sevilla,Villarreal,1,0,H,SP1 (4).csv,1.6,0.6,1.0,0
2021-12-04,Sociedad,Real Madrid,0,2,A,SP1 (4).csv,1.6,1.0,0.6000000000000001,2
2021-12-04,Barcelona,Betis,0,1,A,SP1 (4).csv,1.2,1.2,0.0,2
2021-12-04,Ath Madrid,Mallorca,1,2,A,SP1 (4).csv,0.8,1.2,-0.3999999999999999,2
2021-12-04,Newcastle,Burnley,1,0,H,E0_21_22.csv,0.6,1.0,-0.4,0
2021-12-04,Wolves,Liverpool,0,1,A,E0_21_22.csv,0.4,1.2,-0.7999999999999999,2
2021-12-04,Southampton,Brighton,1,1,D,E0_21_22.csv,0.6,1.0,-0.4,1
2021-12-04,West Ham,Chelsea,3,2,H,E0_21_22.csv,1.2,1.2,0.0,0
2021-12-04,Watford,Man City,1,3,A,E0_21_22.csv,1.2,1.4,-0.19999999999999996,2
2021-12-05,Elche,Cadiz,3,1,H,SP1 (4).csv,1.6,1.6,0.0,0
2021-12-05,Leeds,Brentford,2,2,D,E0_21_22.csv,2.0,1.8,0.19999999999999996,1
2021-12-05,Vallecano,Espanol,1,0,H,SP1 (4).csv,2.0,1.6,0.3999999999999999,0
2021-12-05,Levante,Osasuna,0,0,D,SP1 (4).csv,1.4,1.2,0.19999999999999996,1
2021-12-05,Celta,Valencia,1,2,A,SP1 (4).csv,1.4,1.0,0.3999999999999999,2
2021-12-05,Tottenham,Norwich,3,0,H,E0_21_22.csv,1.4,0.8,0.5999999999999999,0
2021-12-05,Man United,Crystal Palace,1,0,H,E0_21_22.csv,1.2,0.4,0.7999999999999999,0
2021-12-05,Aston Villa,Leicester,2,1,H,E0_21_22.csv,1.4,0.6,0.7999999999999999,0
2021-12-06,Getafe,Ath Bilbao,0,0,D,SP1 (4).csv,1.4,0.6,0.7999999999999999,1
2021-12-06,Everton,Arsenal,2,1,H,E0_21_22.csv,1.6,0.4,1.2000000000000002,0
2021-12-10,Brentford,Watford,2,1,H,E0_21_22.csv,1.4,0.6,0.7999999999999999,0
2021-12-10,Mallorca,Celta,0,0,D,SP1 (4).csv,1.2,0.6,0.6,1
2021-12-11,Espanol,Levante,4,3,H,SP1 (4).csv,1.6,1.0,0.6000000000000001,0
2021-12-11,Alaves,Getafe,1,1,D,SP1 (4).csv,1.8,1.2,0.6000000000000001,1
2021-12-11,Valencia,Elche,2,1,H,SP1 (4).csv,1.8,1.2,0.6000000000000001,0
2021-12-11,Ath Bilbao,Sevilla,0,1,A,SP1 (4).csv,1.4,1.2,0.19999999999999996,2
2021-12-11,Norwich,Man United,0,1,A,E0_21_22.csv,1.4,1.4,0.0,2
2021-12-11,Liverpool,Aston Villa,1,0,H,E0_21_22.csv,0.8,0.8,0.0,0
2021-12-11,Chelsea,Leeds,3,2,H,E0_21_22.csv,1.2,1.0,0.19999999999999996,0
2021-12-11,Arsenal,Southampton,3,0,H,E0_21_22.csv,1.4,0.8,0.5999999999999999,0
2021-12-11,Man City,Wolves,1,0,H,E0_21_22.csv,1.6,0.6,1.0,0
2021-12-12,Betis,Sociedad,4,0,H,SP1 (4).csv,2.4,0.4,2.0,0
2021-12-12,Real Madrid,Ath Madrid,2,0,H,SP1 (4).csv,2.6,0.4,2.2,0
2021-12-12,Villarreal,Vallecano,2,0,H,SP1 (4).csv,2.4,0.0,2.4,0
2021-12-12,Crystal Palace,Everton,3,1,H,E0_21_22.csv,2.4,0.2,2.1999999999999997,0
2021-12-12,Leicester,Newcastle,4,0,H,E0_21_22.csv,3.0,0.2,2.8,0
2021-12-12,Burnley,West Ham,0,0,D,E0_21_22.csv,2.2,0.2,2.0,1
2021-12-12,Osasuna,Barcelona,2,2,D,SP1 (4).csv,2.2,0.6,1.6,1
2021-12-13,Cadiz,Granada,1,1,D,SP1 (4).csv,2.0,0.8,1.2,1
2021-12-14,Man City,Leeds,7,0,H,E0_21_22.csv,2.8,0.6,2.1999999999999997,0
2021-12-14,Norwich,Aston Villa,0,2,A,E0_21_22.csv,2.0,1.0,1.0,2
2021-12-15,Crystal Palace,Southampton,2,2,D,E0_21_22.csv,2.4,1.4,1.0,1
2021-12-15,Brighton,Wolves,0,1,A,E0_21_22.csv,2.0,1.2,0.8,2
2021-12-15,Arsenal,West Ham,2,0,H,E0_21_22.csv,2.2,1.0,1.2000000000000002,0
2021-12-16,Chelsea,Everton,1,1,D,E0_21_22.csv,1.0,1.2,-0.19999999999999996,1
2021-12-16,Liverpool,Newcastle,3,1,H,E0_21_22.csv,1.6,1.0,0.6000000000000001,0
2021-12-17,Celta,Espanol,3,1,H,SP1 (4).csv,1.8,0.8,1.0,0
2021-12-18,Vallecano,Alaves,2,0,H,SP1 (4).csv,2.2,0.6,1.6,0
2021-12-18,Barcelona,Elche,3,2,H,SP1 (4).csv,2.4,1.0,1.4,0
2021-12-18,Leeds,Arsenal,1,4,A,E0_21_22.csv,2.4,1.6,0.7999999999999998,2
2021-12-18,Sevilla,Ath Madrid,2,1,H,SP1 (4).csv,2.2,1.6,0.6000000000000001,0
2021-12-18,Sociedad,Villarreal,1,3,A,SP1 (4).csv,1.8,2.0,-0.19999999999999996,2
2021-12-19,Real Madrid,Cadiz,0,0,D,SP1 (4).csv,1.4,2.0,-0.6000000000000001,1
2021-12-19,Getafe,Osasuna,1,0,H,SP1 (4).csv,1.0,1.6,-0.6000000000000001,0
2021-12-19,Granada,Mallorca,4,1,H,SP1 (4).csv,1.6,1.0,0.6000000000000001,0
2021-12-19,Ath Bilbao,Betis,3,2,H,SP1 (4).csv,1.8,1.2,0.6000000000000001,0
2021-12-19,Newcastle,Man City,0,4,A,E0_21_22.csv,1.6,1.4,0.20000000000000018,2
2021-12-19,Wolves,Chelsea,0,0,D,E0_21_22.csv,1.6,1.4,0.20000000000000018,1
2021-12-19,Tottenham,Liverpool,2,2,D,E0_21_22.csv,1.8,1.8,0.0,1
2021-12-20,Levante,Valencia,3,4,A,SP1 (4).csv,1.6,2.4,-0.7999999999999998,2
2021-12-21,Villarreal,Alaves,5,2,H,SP1 (4).csv,2.0,2.4,-0.3999999999999999,0
2021-12-21,Sevilla,Barcelona,1,1,D,SP1 (4).csv,2.2,1.8,0.40000000000000013,1
2021-12-22,Ath Bilbao,Real Madrid,1,2,A,SP1 (4).csv,2.4,2.2,0.19999999999999973,2
2021-12-22,Granada,Ath Madrid,2,1,H,SP1 (4).csv,2.4,2.0,0.3999999999999999,0
2021-12-26,Brighton,Brentford,2,0,H,E0_21_22.csv,2.2,1.2,1.0000000000000002,0
2021-12-26,Aston Villa,Chelsea,1,3,A,E0_21_22.csv,1.4,1.4,0.0,2
2021-12-26,Tottenham,Crystal Palace,3,0,H,E0_21_22.csv,1.8,1.2,0.6000000000000001,0
2021-12-26,Norwich,Arsenal,0,5,A,E0_21_22.csv,1.6,1.8,-0.19999999999999996,2
2021-12-26,Man City,Leicester,6,3,H,E0_21_22.csv,2.4,2.2,0.19999999999999973,0
2021-12-26,West Ham,Southampton,2,3,A,E0_21_22.csv,2.4,2.8,-0.3999999999999999,2
2021-12-27,Newcastle,Man United,1,1,D,E0_21_22.csv,2.4,2.4,0.0,1
2021-12-28,Watford,West Ham,1,4,A,E0_21_22.csv,2.0,3.2,-1.2000000000000002,2
2021-12-28,Leicester,Liverpool,1,0,H,E0_21_22.csv,2.2,2.2,0.0,0
2021-12-28,Southampton,Tottenham,1,1,D,E0_21_22.csv,1.2,1.8,-0.6000000000000001,1
2021-12-28,Crystal Palace,Norwich,3,0,H,E0_21_22.csv,1.4,1.2,0.19999999999999996,0
2021-12-29,Brentford,Man City,0,1,A,E0_21_22.csv,1.2,1.2,0.0,2
2021-12-29,Chelsea,Brighton,1,1,D,E0_21_22.csv,1.2,0.6,0.6,1
2021-12-30,Man United,Burnley,3,1,H,E0_21_22.csv,1.6,0.8,0.8,0
2021-12-31,Valencia,Espanol,1,2,A,SP1 (4).csv,1.6,1.0,0.6000000000000001,2
2022-01-01,Arsenal,Man City,1,2,A,E0_21_22.csv,1.2,1.4,-0.19999999999999996,2
2022-01-01,Watford,Tottenham,0,1,A,E0_21_22.csv,1.2,1.4,-0.19999999999999996,2
2022-01-01,Crystal Palace,West Ham,2,3,A,E0_21_22.csv,1.4,1.8,-0.40000000000000013,2
2022-01-02,Chelsea,Liverpool,2,2,D,E0_21_22.csv,1.2,2.0,-0.8,1
2022-01-02,Brentford,Aston Villa,2,1,H,E0_21_22.csv,1.4,1.8,-0.40000000000000013,0
2022-01-02,Everton,Brighton,2,3,A,E0_21_22.csv,1.6,2.0,-0.3999999999999999,2
2022-01-02,Leeds,Burnley,3,1,H,E0_21_22.csv,2.2,2.0,0.20000000000000018,0
2022-01-02,Mallorca,Barcelona,0,1,A,SP1 (4).csv,1.8,1.6,0.19999999999999996,2
2022-01-02,Alaves,Sociedad,1,1,D,SP1 (4).csv,1.6,1.4,0.20000000000000018,1
2022-01-02,Elche,Granada,0,0,D,SP1 (4).csv,1.2,1.2,0.0,1
2022-01-02,Ath Madrid,Vallecano,2,0,H,SP1 (4).csv,1.2,0.6,0.6,0
2022-01-02,Getafe,Real Madrid,1,0,H,SP1 (4).csv,0.8,0.4,0.4,0
2022-01-02,Betis,Celta,0,2,A,SP1 (4).csv,0.8,0.6,0.20000000000000007,2
2022-01-03,Villarreal,Levante,5,0,H,SP1 (4).csv,1.6,0.4,1.2000000000000002,0
2022-01-03,Osasuna,Ath Bilbao,1,3,A,SP1 (4).csv,1.8,1.0,0.8,2
2022-01-03,Man United,Wolves,0,1,A,E0_21_22.csv,1.4,1.2,0.19999999999999996,2
2022-01-03,Cadiz,Sevilla,0,1,A,SP1 (4).csv,1.2,1.4,-0.19999999999999996,2
2022-01-08,Granada,Barcelona,1,1,D,SP1 (4).csv,1.4,1.2,0.19999999999999996,1
2022-01-08,Levante,Mallorca,2,0,H,SP1 (4).csv,0.8,1.2,-0.3999999999999999,0
2022-01-08,Real Madrid,Valencia,4,1,H,SP1 (4).csv,1.4,0.8,0.5999999999999999,0
2022-01-08,Sociedad,Celta,1,0,H,SP1 (4).csv,1.6,0.6,1.0,0
2022-01-09,Vallecano,Betis,1,1,D,SP1 (4).csv,1.8,0.6,1.2000000000000002,1
2022-01-09,Alaves,Ath Bilbao,0,0,D,SP1 (4).csv,1.6,0.4,1.2000000000000002,1
2022-01-09,Osasuna,Cadiz,2,0,H,SP1 (4).csv,1.6,0.4,1.2000000000000002,0
2022-01-09,Villarreal,Ath Madrid,2,2,D,SP1 (4).csv,1.2,0.6,0.6,1
2022-01-09,Sevilla,Getafe,1,0,H,SP1 (4).csv,1.2,0.6,0.6,0
2022-01-10,Espanol,Elche,1,2,A,SP1 (4).csv,1.2,0.8,0.3999999999999999,2
2022-01-11,Southampton,Brentford,4,1,H,E0_21_22.csv,2.0,1.0,1.0,0
2022-01-12,West Ham,Norwich,2,0,H,E0_21_22.csv,2.0,1.0,1.0,0
2022-01-14,Brighton,Crystal Palace,1,1,D,E0_21_22.csv,1.8,0.8,1.0,1
2022-01-15,Man City,Chelsea,1,0,H,E0_21_22.csv,1.8,0.8,1.0,0
2022-01-15,Newcastle,Watford,1,1,D,E0_21_22.csv,1.8,0.6,1.2000000000000002,1
2022-01-15,Norwich,Everton,2,1,H,E0_21_22.csv,1.4,0.6,0.7999999999999999,0
2022-01-15,Wolves,Southampton,3,1,H,E0_21_22.csv,1.6,0.8,0.8,0
2022-01-15,Aston Villa,Man United,2,2,D,E0_21_22.csv,1.8,1.0,0.8,1
2022-01-16,Elche,Villarreal,1,0,H,SP1 (4).csv,1.8,1.0,0.8,0
2022-01-16,Liverpool,Brentford,3,0,H,E0_21_22.csv,2.2,0.8,1.4000000000000001,0
2022-01-16,West Ham,Leeds,2,3,A,E0_21_22.csv,2.2,1.2,1.0000000000000002,2
2022-01-18,Betis,Alaves,4,0,H,SP1 (4).csv,2.4,1.0,1.4,0
2022-01-18,Brighton,Chelsea,1,1,D,E0_21_22.csv,2.2,0.8,1.4000000000000001,1
2022-01-18,Cadiz,Espanol,2,2,D,SP1 (4).csv,2.4,1.2,1.2,1
2022-01-19,Brentford,Man United,1,3,A,E0_21_22.csv,2.0,1.8,0.19999999999999996,2
2022-01-19,Valencia,Sevilla,1,1,D,SP1 (4).csv,1.8,1.4,0.40000000000000013,1
2022-01-19,Celta,Osasuna,2,0,H,SP1 (4).csv,1.4,1.4,0.0,0
2022-01-19,Leicester,Tottenham,2,3,A,E0_21_22.csv,1.6,1.8,-0.19999999999999996,2
2022-01-20,Getafe,Granada,4,2,H,SP1 (4).csv,2.0,1.8,0.19999999999999996,0
2022-01-21,Watford,Norwich,0,3,A,E0_21_22.csv,1.8,1.8,0.0,2
2022-01-21,Espanol,Betis,1,4,A,SP1 (4).csv,1.8,2.4,-0.5999999999999999,2
2022-01-22,Everton,Aston Villa,0,1,A,E0_21_22.csv,1.4,2.6,-1.2000000000000002,2
2022-01-22,Sevilla,Celta,2,2,D,SP1 (4).csv,1.4,2.4,-1.0,1
2022-01-22,Ath Madrid,Valencia,3,2,H,SP1 (4).csv,1.2,2.4,-1.2,0
2022-01-22,Brentford,Wolves,1,2,A,E0_21_22.csv,1.4,2.2,-0.8000000000000003,2
2022-01-22,Levante,Cadiz,0,2,A,SP1 (4).csv,1.2,1.8,-0.6000000000000001,2
2022-01-22,Southampton,Man City,1,1,D,E0_21_22.csv,1.4,1.8,-0.40000000000000013,1
2022-01-22,Leeds,Newcastle,0,1,A,E0_21_22.csv,1.0,1.6,-0.6000000000000001,2
2022-01-22,Villarreal,Mallorca,3,0,H,SP1 (4).csv,1.0,1.2,-0.19999999999999996,0
2022-01-22,Man United,West Ham,1,0,H,E0_21_22.csv,1.0,0.8,0.19999999999999996,0
2022-01-23,Alaves,Barcelona,0,1,A,SP1 (4).csv,1.0,0.6,0.4,2
2022-01-23,Real Madrid,Elche,2,2,D,SP1 (4).csv,1.2,0.8,0.3999999999999999,1
2022-01-23,Leicester,Brighton,1,1,D,E0_21_22.csv,1.4,0.8,0.5999999999999999,1
2022-01-23,Arsenal,Burnley,0,0,D,E0_21_22.csv,0.8,0.8,0.0,1
2022-01-23,Granada,Osasuna,0,2,A,SP1 (4).csv,0.6,1.2,-0.6,2
2022-01-23,Sociedad,Getafe,0,0,D,SP1 (4).csv,0.6,1.0,-0.4,1
2022-01-23,Chelsea,Tottenham,2,0,H,E0_21_22.csv,0.6,0.6,0.0,0
2022-01-23,Vallecano,Ath Bilbao,0,1,A,SP1 (4).csv,0.4,0.6,-0.19999999999999996,2
2022-01-23,Crystal Palace,Liverpool,1,3,A,E0_21_22.csv,0.6,1.2,-0.6,2
2022-02-04,Getafe,Levante,3,0,H,SP1 (4).csv,1.2,0.8,0.3999999999999999,0
2022-02-05,Burnley,Watford,0,0,D,E0_21_22.csv,1.2,0.8,0.3999999999999999,1
2022-02-05,Osasuna,Sevilla,0,0,D,SP1 (4).csv,0.8,0.8,0.0,1
2022-02-05,Celta,Vallecano,2,0,H,SP1 (4).csv,1.2,0.6,0.6,0
2022-02-05,Mallorca,Cadiz,2,1,H,SP1 (4).csv,1.4,0.2,1.2,0
2022-02-05,Elche,Alaves,3,1,H,SP1 (4).csv,1.4,0.4,0.9999999999999999,0
2022-02-06,Real Madrid,Granada,1,0,H,SP1 (4).csv,1.6,0.4,1.2000000000000002,0
2022-02-06,Barcelona,Ath Madrid,4,2,H,SP1 (4).csv,2.4,0.8,1.5999999999999999,0
2022-02-06,Betis,Villarreal,0,2,A,SP1 (4).csv,2.0,1.2,0.8,2
2022-02-06,Valencia,Sociedad,0,0,D,SP1 (4).csv,1.6,1.0,0.6000000000000001,1
2022-02-07,Ath Bilbao,Espanol,2,1,H,SP1 (4).csv,1.4,1.0,0.3999999999999999,0
2022-02-08,Burnley,Man United,1,1,D,E0_21_22.csv,1.4,1.2,0.19999999999999996,1
2022-02-08,West Ham,Watford,1,0,H,E0_21_22.csv,0.8,0.8,0.0,0
2022-02-08,Newcastle,Everton,3,1,H,E0_21_22.csv,1.4,0.6,0.7999999999999999,0
2022-02-09,Tottenham,Southampton,2,3,A,E0_21_22.csv,1.8,1.2,0.6000000000000001,2
2022-02-09,Norwich,Crystal Palace,1,1,D,E0_21_22.csv,1.6,1.2,0.40000000000000013,1
2022-02-09,Man City,Brentford,2,0,H,E0_21_22.csv,1.8,1.0,0.8,0
2022-02-09,Aston Villa,Leeds,3,3,D,E0_21_22.csv,2.2,1.6,0.6000000000000001,1
2022-02-10,Liverpool,Leicester,2,0,H,E0_21_22.csv,2.0,1.4,0.6000000000000001,0
2022-02-10,Wolves,Arsenal,0,1,A,E0_21_22.csv,1.6,1.0,0.6000000000000001,2
2022-02-11,Sevilla,Elche,2,0,H,SP1 (4).csv,1.8,0.8,1.0,0
2022-02-12,Watford,Brighton,0,2,A,E0_21_22.csv,1.4,1.2,0.19999999999999996,2
2022-02-12,Ath Madrid,Getafe,4,3,H,SP1 (4).csv,1.6,1.2,0.40000000000000013,0
2022-02-12,Vallecano,Osasuna,0,3,A,SP1 (4).csv,1.2,1.8,-0.6000000000000001,2
2022-02-12,Villarreal,Real Madrid,0,0,D,SP1 (4).csv,1.2,1.6,-0.40000000000000013,1
2022-02-12,Everton,Leeds,3,0,H,E0_21_22.csv,1.4,1.6,-0.20000000000000018,0
2022-02-12,Norwich,Man City,0,4,A,E0_21_22.csv,1.4,2.0,-0.6000000000000001,2
2022-02-12,Brentford,Crystal Palace,0,0,D,E0_21_22.csv,0.6,1.4,-0.7999999999999999,1
2022-02-12,Man United,Southampton,1,1,D,E0_21_22.csv,0.8,1.0,-0.19999999999999996,1
2022-02-12,Cadiz,Celta,0,0,D,SP1 (4).csv,0.8,1.0,-0.19999999999999996,1
2022-02-13,Newcastle,Aston Villa,1,0,H,E0_21_22.csv,0.4,1.0,-0.6,0
2022-02-13,Sociedad,Granada,2,0,H,SP1 (4).csv,0.8,0.2,0.6000000000000001,0
2022-02-13,Espanol,Barcelona,2,2,D,SP1 (4).csv,1.2,0.6,0.6,1
2022-02-13,Levante,Betis,2,4,A,SP1 (4).csv,1.4,1.2,0.19999999999999996,2
2022-02-13,Alaves,Valencia,2,1,H,SP1 (4).csv,1.8,1.4,0.40000000000000013,0
2022-02-13,Burnley,Liverpool,0,1,A,E0_21_22.csv,1.6,1.6,0.0,2
2022-02-13,Leicester,West Ham,2,2,D,E0_21_22.csv,1.6,2.0,-0.3999999999999999,1
2022-02-13,Tottenham,Wolves,0,2,A,E0_21_22.csv,1.2,2.0,-0.8,2
2022-02-14,Mallorca,Ath Bilbao,3,2,H,SP1 (4).csv,1.4,1.6,-0.20000000000000018,0
2022-02-15,Man United,Brighton,2,0,H,E0_21_22.csv,1.4,1.4,0.0,0
2022-02-16,Ath Madrid,Levante,0,1,A,SP1 (4).csv,1.4,1.4,0.0,2
2022-02-18,Elche,Vallecano,2,1,H,SP1 (4).csv,1.4,1.2,0.19999999999999996,0
2022-02-19,Real Madrid,Alaves,3,0,H,SP1 (4).csv,2.0,0.8,1.2,0
2022-02-19,Cadiz,Getafe,1,1,D,SP1 (4).csv,1.6,0.6,1.0,1
2022-02-19,Granada,Villarreal,1,4,A,SP1 (4).csv,1.4,1.4,0.0,2
2022-02-19,Osasuna,Ath Madrid,0,3,A,SP1 (4).csv,1.4,1.8,-0.40000000000000013,2
2022-02-19,Brighton,Burnley,0,3,A,E0_21_22.csv,1.0,2.2,-1.2000000000000002,2
2022-02-19,Liverpool,Norwich,3,1,H,E0_21_22.csv,1.0,2.4,-1.4,0
2022-02-19,Arsenal,Brentford,2,1,H,E0_21_22.csv,1.2,2.4,-1.2,0
2022-02-19,West Ham,Newcastle,1,1,D,E0_21_22.csv,1.2,1.8,-0.6000000000000001,1
2022-02-19,Aston Villa,Watford,0,1,A,E0_21_22.csv,1.2,1.4,-0.19999999999999996,2
2022-02-19,Crystal Palace,Chelsea,0,1,A,E0_21_22.csv,1.2,1.0,0.19999999999999996,2
2022-02-19,Southampton,Everton,2,0,H,E0_21_22.csv,1.0,0.8,0.19999999999999996,0
2022-02-19,Man City,Tottenham,2,3,A,E0_21_22.csv,1.0,1.2,-0.19999999999999996,2
2022-02-20,Leeds,Man United,2,4,A,E0_21_22.csv,1.2,1.8,-0.6000000000000001,2
2022-02-20,Wolves,Leicester,2,1,H,E0_21_22.csv,1.6,1.8,-0.19999999999999996,0
2022-02-20,Espanol,Sevilla,1,1,D,SP1 (4).csv,1.8,1.8,0.0,1
2022-02-20,Valencia,Barcelona,1,4,A,SP1 (4).csv,1.6,2.6,-1.0,2
2022-02-20,Betis,Mallorca,2,1,H,SP1 (4).csv,1.6,2.2,-0.6000000000000001,0
2022-02-20,Ath Bilbao,Sociedad,4,0,H,SP1 (4).csv,2.0,1.4,0.6000000000000001,0
2022-02-21,Celta,Levante,1,1,D,SP1 (4).csv,1.8,1.4,0.40000000000000013,1
2022-02-23,Liverpool,Leeds,6,0,H,E0_21_22.csv,2.8,1.2,1.5999999999999999,0
2022-02-23,Burnley,Tottenham,1,0,H,E0_21_22.csv,2.8,0.4,2.4,0
2022-02-23,Watford,Crystal Palace,1,4,A,E0_21_22.csv,2.6,1.0,1.6,2
2022-02-24,Arsenal,Wolves,2,1,H,E0_21_22.csv,2.2,1.2,1.0000000000000002,0
2022-02-25,Levante,Elche,3,0,H,SP1 (4).csv,2.6,1.0,1.6,0
2022-02-25,Southampton,Norwich,2,0,H,E0_21_22.csv,1.8,1.0,0.8,0
2022-02-26,Crystal Palace,Burnley,1,1,D,E0_21_22.csv,1.8,1.2,0.6000000000000001,1
2022-02-26,Mallorca,Valencia,0,1,A,SP1 (4).csv,1.6,0.6,1.0,2
2022-02-26,Leeds,Tottenham,0,4,A,E0_21_22.csv,1.2,1.2,0.0,2
2022-02-26,Brentford,Newcastle,0,2,A,E0_21_22.csv,0.6,1.6,-1.0,2
2022-02-26,Vallecano,Real Madrid,0,1,A,SP1 (4).csv,0.2,1.8,-1.6,2
2022-02-26,Everton,Man City,0,1,A,E0_21_22.csv,0.0,1.8,-1.8,2
2022-02-26,Brighton,Aston Villa,0,2,A,E0_21_22.csv,0.0,2.0,-2.0,2
2022-02-26,Getafe,Alaves,2,2,D,SP1 (4).csv,0.4,1.6,-1.2000000000000002,1
2022-02-26,Ath Madrid,Celta,2,0,H,SP1 (4).csv,0.8,1.2,-0.3999999999999999,0
2022-02-26,Man United,Watford,0,0,D,E0_21_22.csv,0.8,1.0,-0.19999999999999996,1
2022-02-27,Barcelona,Ath Bilbao,4,0,H,SP1 (4).csv,1.6,0.8,0.8,0
2022-02-27,Sevilla,Betis,2,1,H,SP1 (4).csv,2.0,0.6,1.4,0
2022-02-27,Sociedad,Osasuna,1,0,H,SP1 (4).csv,1.8,0.2,1.6,0
2022-02-27,West Ham,Wolves,1,0,H,E0_21_22.csv,1.6,0.2,1.4000000000000001,0
2022-02-27,Villarreal,Espanol,5,1,H,SP1 (4).csv,2.6,0.4,2.2,0
2022-02-28,Granada,Cadiz,0,0,D,SP1 (4).csv,1.8,0.4,1.4,1
2022-03-01,Burnley,Leicester,0,2,A,E0_21_22.csv,1.4,0.6,0.7999999999999999,2
2022-03-02,Mallorca,Sociedad,0,2,A,SP1 (4).csv,1.2,1.0,0.19999999999999996,2
2022-03-04,Alaves,Sevilla,0,0,D,SP1 (4).csv,1.0,1.0,0.0,1
2022-03-05,Norwich,Brentford,1,3,A,E0_21_22.csv,0.2,1.4,-1.2,2
2022-03-05,Valencia,Granada,3,1,H,SP1 (4).csv,0.8,1.6,-0.8,0
2022-03-05,Leicester,Leeds,1,0,H,E0_21_22.csv,1.0,1.2,-0.19999999999999996,0
2022-03-05,Aston Villa,Southampton,4,0,H,E0_21_22.csv,1.8,0.8,1.0,0
2022-03-05,Burnley,Chelsea,0,4,A,E0_21_22.csv,1.8,1.6,0.19999999999999996,2
2022-03-05,Newcastle,Brighton,2,1,H,E0_21_22.csv,2.0,1.2,0.8,0
2022-03-05,Liverpool,West Ham,1,0,H,E0_21_22.csv,1.6,1.0,0.6000000000000001,0
2022-03-05,Real Madrid,Sociedad,4,1,H,SP1 (4).csv,2.2,1.2,1.0000000000000002,0
2022-03-05,Espanol,Getafe,2,0,H,SP1 (4).csv,1.8,1.2,0.6000000000000001,0
2022-03-05,Osasuna,Villarreal,1,0,H,SP1 (4).csv,2.0,0.4,1.6,0
2022-03-05,Wolves,Crystal Palace,0,2,A,E0_21_22.csv,1.6,0.6,1.0,2
2022-03-06,Cadiz,Vallecano,2,0,H,SP1 (4).csv,1.8,0.6,1.2000000000000002,0
2022-03-06,Betis,Ath Madrid,1,3,A,SP1 (4).csv,1.2,1.0,0.19999999999999996,2
2022-03-06,Watford,Arsenal,2,3,A,E0_21_22.csv,1.2,1.6,-0.40000000000000013,2
2022-03-06,Celta,Mallorca,4,3,H,SP1 (4).csv,1.8,2.2,-0.40000000000000013,0
2022-03-06,Elche,Barcelona,1,2,A,SP1 (4).csv,2.0,2.2,-0.20000000000000018,2
2022-03-06,Man City,Man United,4,1,H,E0_21_22.csv,2.4,2.4,0.0,0
2022-03-07,Tottenham,Everton,5,0,H,E0_21_22.csv,3.2,1.8,1.4000000000000001,0
2022-03-07,Ath Bilbao,Levante,3,1,H,SP1 (4).csv,3.4,1.4,2.0,0
2022-03-10,Norwich,Chelsea,1,3,A,E0_21_22.csv,2.8,1.4,1.4,2
2022-03-10,Southampton,Newcastle,1,2,A,E0_21_22.csv,2.8,1.4,1.4,2
2022-03-10,Leeds,Aston Villa,0,3,A,E0_21_22.csv,2.0,1.8,0.19999999999999996,2
2022-03-10,Wolves,Watford,4,0,H,E0_21_22.csv,1.8,1.8,0.0,0
2022-03-11,Ath Madrid,Cadiz,2,1,H,SP1 (4).csv,1.6,1.8,-0.19999999999999996,0
2022-03-12,Getafe,Valencia,0,0,D,SP1 (4).csv,1.4,1.2,0.19999999999999996,1
2022-03-12,Granada,Elche,0,1,A,SP1 (4).csv,1.2,1.0,0.19999999999999996,2
2022-03-12,Brighton,Liverpool,0,2,A,E0_21_22.csv,1.2,0.8,0.3999999999999999,2
2022-03-12,Villarreal,Celta,1,0,H,SP1 (4).csv,0.6,0.8,-0.20000000000000007,0
2022-03-12,Man United,Tottenham,3,2,H,E0_21_22.csv,0.8,1.0,-0.19999999999999996,0
2022-03-12,Levante,Espanol,1,1,D,SP1 (4).csv,1.0,1.2,-0.19999999999999996,1
2022-03-12,Brentford,Burnley,2,0,H,E0_21_22.csv,1.4,1.0,0.3999999999999999,0
2022-03-13,Barcelona,Osasuna,4,0,H,SP1 (4).csv,2.2,0.6,1.6,0
2022-03-13,Vallecano,Sevilla,1,1,D,SP1 (4).csv,2.2,0.8,1.4000000000000001,1
2022-03-13,Betis,Ath Bilbao,1,0,H,SP1 (4).csv,1.8,0.4,1.4,0
2022-03-13,Everton,Wolves,0,1,A,E0_21_22.csv,1.6,0.4,1.2000000000000002,2
2022-03-13,Leeds,Norwich,2,1,H,E0_21_22.csv,1.6,0.6,1.0,0
2022-03-13,Arsenal,Leicester,2,0,H,E0_21_22.csv,1.2,0.6,0.6,0
2022-03-13,Southampton,Watford,1,2,A,E0_21_22.csv,1.2,0.8,0.3999999999999999,2
2022-03-13,Chelsea,Newcastle,1,0,H,E0_21_22.csv,1.2,0.8,0.3999999999999999,0
2022-03-13,Sociedad,Alaves,1,0,H,SP1 (4).csv,1.4,0.6,0.7999999999999999,0
2022-03-13,West Ham,Aston Villa,2,1,H,E0_21_22.csv,1.4,0.6,0.7999999999999999,0
2022-03-14,Crystal Palace,Man City,0,0,D,E0_21_22.csv,1.0,0.6,0.4,1
2022-03-14,Mallorca,Real Madrid,0,3,A,SP1 (4).csv,0.8,0.8,0.0,2
2022-03-16,Arsenal,Liverpool,0,2,A,E0_21_22.csv,0.6,1.2,-0.6,2
2022-03-16,Brighton,Tottenham,0,2,A,E0_21_22.csv,0.4,1.6,-1.2000000000000002,2
2022-03-17,Everton,Newcastle,1,0,H,E0_21_22.csv,0.2,1.4,-1.2,0
2022-03-18,Wolves,Leeds,2,3,A,E0_21_22.csv,0.6,2.0,-1.4,2
2022-03-18,Ath Bilbao,Getafe,1,1,D,SP1 (4).csv,0.8,1.6,-0.8,1
2022-03-19,Aston Villa,Arsenal,0,1,A,E0_21_22.csv,0.8,1.4,-0.5999999999999999,2
2022-03-19,Vallecano,Ath Madrid,0,1,A,SP1 (4).csv,0.8,1.2,-0.3999999999999999,2
2022-03-19,Osasuna,Levante,3,1,H,SP1 (4).csv,1.2,1.4,-0.19999999999999996,0
2022-03-19,Elche,Valencia,0,1,A,SP1 (4).csv,0.8,1.0,-0.19999999999999996,2
2022-03-19,Alaves,Granada,2,3,A,SP1 (4).csv,1.0,1.4,-0.3999999999999999,2
2022-03-20,Real Madrid,Barcelona,0,4,A,SP1 (4).csv,1.0,2.0,-1.0,2
2022-03-20,Espanol,Mallorca,1,0,H,SP1 (4).csv,1.2,1.8,-0.6000000000000001,0
2022-03-20,Cadiz,Villarreal,1,0,H,SP1 (4).csv,0.8,1.6,-0.8,0
2022-03-20,Tottenham,West Ham,3,1,H,E0_21_22.csv,1.4,1.6,-0.20000000000000018,0
2022-03-20,Sevilla,Sociedad,0,0,D,SP1 (4).csv,1.0,1.0,0.0,1
2022-03-20,Leicester,Brentford,2,1,H,E0_21_22.csv,1.4,0.4,0.9999999999999999,0
2022-03-20,Celta,Betis,0,0,D,SP1 (4).csv,1.2,0.4,0.7999999999999999,1
2022-04-02,Liverpool,Watford,2,0,H,E0_21_22.csv,1.4,0.4,0.9999999999999999,0
2022-04-02,Levante,Villarreal,2,0,H,SP1 (4).csv,1.2,0.2,1.0,0
2022-04-02,Ath Madrid,Alaves,4,1,H,SP1 (4).csv,2.0,0.4,1.6,0
2022-04-02,Celta,Real Madrid,1,2,A,SP1 (4).csv,1.8,0.6,1.2000000000000002,2
2022-04-02,Brighton,Norwich,0,0,D,E0_21_22.csv,1.8,0.6,1.2000000000000002,1
2022-04-02,Man United,Leicester,1,1,D,E0_21_22.csv,1.6,0.8,0.8,1
2022-04-02,Chelsea,Brentford,1,4,A,E0_21_22.csv,1.4,1.6,-0.20000000000000018,2
2022-04-02,Leeds,Southampton,1,1,D,E0_21_22.csv,0.8,1.6,-0.8,1
2022-04-02,Wolves,Aston Villa,2,1,H,E0_21_22.csv,1.0,1.4,-0.3999999999999999,0
2022-04-02,Getafe,Mallorca,1,0,H,SP1 (4).csv,1.2,1.4,-0.19999999999999996,0
2022-04-02,Burnley,Man City,0,2,A,E0_21_22.csv,1.0,1.6,-0.6000000000000001,2
2022-04-03,Tottenham,Newcastle,5,1,H,E0_21_22.csv,1.8,1.0,0.8,0
2022-04-03,Barcelona,Sevilla,1,0,H,SP1 (4).csv,1.8,0.8,1.0,0
2022-04-03,Valencia,Cadiz,0,0,D,SP1 (4).csv,1.4,0.6,0.7999999999999999,1
2022-04-03,West Ham,Everton,2,1,H,E0_21_22.csv,1.6,0.8,0.8,0
2022-04-03,Ath Bilbao,Elche,2,1,H,SP1 (4).csv,2.0,0.6,1.4,0
2022-04-03,Betis,Osasuna,4,1,H,SP1 (4).csv,1.8,0.6,1.2000000000000002,0
2022-04-03,Granada,Vallecano,2,2,D,SP1 (4).csv,2.0,1.0,1.0,1
2022-04-04,Crystal Palace,Arsenal,3,0,H,E0_21_22.csv,2.6,1.0,1.6,0
2022-04-04,Sociedad,Espanol,1,0,H,SP1 (4).csv,2.4,0.8,1.5999999999999999,0
2022-04-06,Burnley,Everton,3,2,H,E0_21_22.csv,2.6,1.0,1.6,0
2022-04-08,Sevilla,Granada,4,2,H,SP1 (4).csv,2.6,1.2,1.4000000000000001,0
2022-04-08,Newcastle,Wolves,1,0,H,E0_21_22.csv,2.4,0.8,1.5999999999999999,0
2022-04-09,Watford,Leeds,0,3,A,E0_21_22.csv,1.8,1.4,0.40000000000000013,2
2022-04-09,Everton,Man United,1,0,H,E0_21_22.csv,1.8,1.4,0.40000000000000013,0
2022-04-09,Southampton,Chelsea,0,6,A,E0_21_22.csv,1.2,2.2,-1.0000000000000002,2
2022-04-09,Aston Villa,Tottenham,0,4,A,E0_21_22.csv,0.4,2.6,-2.2,2
2022-04-09,Arsenal,Brighton,1,2,A,E0_21_22.csv,0.4,3.0,-2.6,2
2022-04-09,Mallorca,Ath Madrid,1,0,H,SP1 (4).csv,0.6,2.4,-1.7999999999999998,0
2022-04-09,Villarreal,Ath Bilbao,1,1,D,SP1 (4).csv,0.6,2.6,-2.0,1
2022-04-09,Real Madrid,Getafe,2,0,H,SP1 (4).csv,1.0,1.4,-0.3999999999999999,0
2022-04-09,Cadiz,Betis,1,2,A,SP1 (4).csv,1.2,1.0,0.19999999999999996,2
2022-04-10,Espanol,Celta,1,0,H,SP1 (4).csv,1.2,0.6,0.6,0
2022-04-10,Brentford,West Ham,2,0,H,E0_21_22.csv,1.4,0.6,0.7999999999999999,0
2022-04-10,Leicester,Crystal Palace,2,1,H,E0_21_22.csv,1.6,0.6,1.0,0
2022-04-10,Norwich,Burnley,2,0,H,E0_21_22.csv,1.6,0.6,1.0,0
2022-04-10,Man City,Liverpool,2,2,D,E0_21_22.csv,1.8,0.6,1.2000000000000002,1
2022-04-10,Elche,Sociedad,1,2,A,SP1 (4).csv,1.8,1.0,0.8,2
2022-04-10,Levante,Barcelona,2,3,A,SP1 (4).csv,1.8,1.6,0.19999999999999996,2
2022-04-10,Osasuna,Alaves,1,0,H,SP1 (4).csv,1.6,1.4,0.20000000000000018,0
2022-04-11,Vallecano,Valencia,1,1,D,SP1 (4).csv,1.4,1.6,-0.20000000000000018,1
2022-04-15,Sociedad,Betis,0,0,D,SP1 (4).csv,1.0,1.2,-0.19999999999999996,1
2022-04-16,Valencia,Osasuna,1,2,A,SP1 (4).csv,1.0,1.2,-0.19999999999999996,2
2022-04-16,Getafe,Villarreal,1,2,A,SP1 (4).csv,0.8,1.0,-0.19999999999999996,2
2022-04-16,Man United,Norwich,3,2,H,E0_21_22.csv,1.2,1.4,-0.19999999999999996,0
2022-04-16,Tottenham,Brighton,0,1,A,E0_21_22.csv,1.0,1.4,-0.3999999999999999,2
2022-04-16,Watford,Brentford,1,2,A,E0_21_22.csv,1.2,1.8,-0.6000000000000001,2
2022-04-16,Elche,Mallorca,3,0,H,SP1 (4).csv,1.6,1.4,0.20000000000000018,0
2022-04-16,Alaves,Vallecano,1,0,H,SP1 (4).csv,1.6,1.0,0.6000000000000001,0
2022-04-16,Southampton,Arsenal,1,0,H,E0_21_22.csv,1.2,0.6,0.6,0
2022-04-17,Ath Madrid,Espanol,2,1,H,SP1 (4).csv,1.6,0.6,1.0,0
2022-04-17,Ath Bilbao,Celta,0,2,A,SP1 (4).csv,1.4,0.6,0.7999999999999999,2
2022-04-17,West Ham,Burnley,1,1,D,E0_21_22.csv,1.0,0.8,0.19999999999999996,1
2022-04-17,Newcastle,Leicester,2,1,H,E0_21_22.csv,1.2,1.0,0.19999999999999996,0
2022-04-17,Granada,Levante,1,4,A,SP1 (4).csv,1.2,1.8,-0.6000000000000001,2
2022-04-17,Sevilla,Real Madrid,2,3,A,SP1 (4).csv,1.2,2.2,-1.0000000000000002,2
2022-04-18,Barcelona,Cadiz,0,1,A,SP1 (4).csv,1.2,2.0,-0.8,2
2022-04-19,Villarreal,Valencia,2,0,H,SP1 (4).csv,1.4,1.8,-0.40000000000000013,0
2022-04-19,Betis,Elche,0,1,A,SP1 (4).csv,1.0,1.8,-0.8,2
2022-04-19,Liverpool,Man United,4,0,H,E0_21_22.csv,1.6,1.0,0.6000000000000001,0
2022-04-19,Mallorca,Alaves,2,1,H,SP1 (4).csv,1.6,0.6,1.0,0
2022-04-20,Chelsea,Arsenal,2,4,A,E0_21_22.csv,2.0,1.2,0.8,2
2022-04-20,Ath Madrid,Granada,0,0,D,SP1 (4).csv,1.6,1.2,0.40000000000000013,1
2022-04-20,Osasuna,Real Madrid,1,3,A,SP1 (4).csv,1.8,1.6,0.19999999999999996,2
2022-04-20,Celta,Getafe,0,2,A,SP1 (4).csv,1.0,2.0,-1.0,2
2022-04-20,Everton,Leicester,1,1,D,E0_21_22.csv,0.8,2.0,-1.2,1
2022-04-20,Man City,Brighton,3,0,H,E0_21_22.csv,1.0,1.2,-0.19999999999999996,0
2022-04-20,Newcastle,Crystal Palace,1,0,H,E0_21_22.csv,1.2,1.2,0.0,0
2022-04-21,Sociedad,Barcelona,0,1,A,SP1 (4).csv,1.0,0.8,0.19999999999999996,2
2022-04-21,Burnley,Southampton,2,0,H,E0_21_22.csv,1.4,0.4,0.9999999999999999,0
2022-04-21,Levante,Sevilla,2,3,A,SP1 (4).csv,1.6,0.8,0.8,2
2022-04-21,Cadiz,Ath Bilbao,2,3,A,SP1 (4).csv,1.4,1.4,0.0,2
2022-04-21,Espanol,Vallecano,0,1,A,SP1 (4).csv,1.2,1.6,-0.40000000000000013,2
2022-04-23,Brentford,Tottenham,0,0,D,E0_21_22.csv,1.2,1.4,-0.19999999999999996,1
2022-04-23,Norwich,Newcastle,0,3,A,E0_21_22.csv,0.8,2.0,-1.2,2
2022-04-23,Man City,Watford,5,1,H,E0_21_22.csv,1.4,1.6,-0.20000000000000018,0
2022-04-23,Arsenal,Man United,3,1,H,E0_21_22.csv,1.6,1.2,0.40000000000000013,0
2022-04-23,Leicester,Aston Villa,0,0,D,E0_21_22.csv,1.6,1.0,0.6000000000000001,1
2022-04-24,Barcelona,Vallecano,0,1,A,SP1 (4).csv,1.6,1.2,0.40000000000000013,2
2022-04-24,Brighton,Southampton,2,2,D,E0_21_22.csv,2.0,1.0,1.0,1
2022-04-24,Burnley,Wolves,1,0,H,E0_21_22.csv,1.2,0.8,0.3999999999999999,0
2022-04-24,Liverpool,Everton,2,0,H,E0_21_22.csv,1.0,0.6,0.4,0
2022-04-24,Chelsea,West Ham,1,0,H,E0_21_22.csv,1.2,0.6,0.6,0
2022-04-25,Crystal Palace,Leeds,0,0,D,E0_21_22.csv,1.2,0.4,0.7999999999999999,1
2022-04-28,Man United,Chelsea,1,1,D,E0_21_22.csv,1.0,0.2,0.8,1
2022-04-29,Sevilla,Cadiz,1,1,D,SP1 (4).csv,1.0,0.4,0.6,1
2022-04-30,Southampton,Crystal Palace,1,2,A,E0_21_22.csv,0.8,0.8,0.0,2
2022-04-30,Leeds,Man City,0,4,A,E0_21_22.csv,0.6,1.6,-1.0,2
2022-04-30,Watford,Burnley,1,2,A,E0_21_22.csv,0.8,2.0,-1.2,2
2022-04-30,Alaves,Villarreal,2,1,H,SP1 (4).csv,1.0,2.0,-1.0,0
2022-04-30,Aston Villa,Norwich,2,0,H,E0_21_22.csv,1.2,1.8,-0.6000000000000001,0
2022-04-30,Ath Bilbao,Ath Madrid,2,0,H,SP1 (4).csv,1.4,1.4,0.0,0
2022-04-30,Valencia,Levante,1,1,D,SP1 (4).csv,1.6,0.8,0.8,1
2022-04-30,Real Madrid,Espanol,4,0,H,SP1 (4).csv,2.2,0.4,1.8000000000000003,0
2022-04-30,Wolves,Brighton,0,3,A,E0_21_22.csv,1.8,0.8,1.0,2
2022-04-30,Newcastle,Liverpool,0,1,A,E0_21_22.csv,1.4,1.0,0.3999999999999999,2
2022-05-01,Granada,Celta,1,1,D,SP1 (4).csv,1.2,1.2,0.0,1
2022-05-01,Vallecano,Sociedad,1,1,D,SP1 (4).csv,1.2,1.2,0.0,1
2022-05-01,Everton,Chelsea,1,0,H,E0_21_22.csv,0.6,1.2,-0.6,0
2022-05-01,Barcelona,Mallorca,2,1,H,SP1 (4).csv,1.0,0.8,0.19999999999999996,0
2022-05-01,West Ham,Arsenal,1,2,A,E0_21_22.csv,1.2,1.0,0.19999999999999996,2
2022-05-01,Elche,Osasuna,1,1,D,SP1 (4).csv,1.2,1.0,0.19999999999999996,1
2022-05-01,Tottenham,Leicester,3,1,H,E0_21_22.csv,1.6,1.0,0.6000000000000001,0
2022-05-02,Man United,Brentford,3,0,H,E0_21_22.csv,2.0,1.0,1.0,0
2022-05-02,Getafe,Betis,0,0,D,SP1 (4).csv,1.6,0.8,0.8,1
2022-05-06,Levante,Sociedad,2,1,H,SP1 (4).csv,1.8,0.6,1.2000000000000002,0
2022-05-07,Crystal Palace,Watford,1,0,H,E0_21_22.csv,1.8,0.4,1.4,0
2022-05-07,Brentford,Southampton,3,0,H,E0_21_22.csv,1.8,0.2,1.6,0
2022-05-07,Chelsea,Wolves,2,2,D,E0_21_22.csv,1.6,0.6,1.0,1
2022-05-07,Burnley,Aston Villa,1,3,A,E0_21_22.csv,1.8,1.2,0.6000000000000001,2
2022-05-07,Brighton,Man United,4,0,H,E0_21_22.csv,2.2,1.0,1.2000000000000002,0
2022-05-07,Liverpool,Tottenham,1,1,D,E0_21_22.csv,2.2,1.2,1.0000000000000002,1
2022-05-07,Ath Bilbao,Valencia,0,0,D,SP1 (4).csv,1.6,1.2,0.40000000000000013,1
2022-05-07,Cadiz,Elche,3,0,H,SP1 (4).csv,1.8,0.8,1.0,0
2022-05-07,Celta,Alaves,4,0,H,SP1 (4).csv,2.4,0.2,2.1999999999999997,0
2022-05-07,Betis,Barcelona,1,2,A,SP1 (4).csv,1.8,0.6,1.2000000000000002,2
2022-05-07,Mallorca,Granada,2,6,A,SP1 (4).csv,2.0,1.6,0.3999999999999999,2
2022-05-08,Ath Madrid,Real Madrid,1,0,H,SP1 (4).csv,2.2,1.6,0.6000000000000001,0
2022-05-08,Villarreal,Sevilla,1,1,D,SP1 (4).csv,1.8,1.8,0.0,1
2022-05-08,Espanol,Osasuna,1,1,D,SP1 (4).csv,1.2,2.0,-0.8,1
2022-05-08,Arsenal,Leeds,2,1,H,E0_21_22.csv,1.4,1.8,-0.40000000000000013,0
2022-05-08,Getafe,Vallecano,0,0,D,SP1 (4).csv,1.0,0.6,0.4,1
2022-05-08,Man City,Newcastle,5,0,H,E0_21_22.csv,1.8,0.6,1.2000000000000002,0
2022-05-08,Norwich,West Ham,0,4,A,E0_21_22.csv,1.6,1.2,0.40000000000000013,2
2022-05-08,Leicester,Everton,1,2,A,E0_21_22.csv,1.6,1.4,0.20000000000000018,2
2022-05-10,Valencia,Betis,0,3,A,SP1 (4).csv,1.2,1.8,-0.6000000000000001,2
2022-05-10,Granada,Ath Bilbao,1,0,H,SP1 (4).csv,1.4,1.8,-0.40000000000000013,0
2022-05-10,Barcelona,Celta,3,1,H,SP1 (4).csv,1.0,2.0,-1.0,0
2022-05-10,Aston Villa,Liverpool,1,2,A,E0_21_22.csv,1.2,1.6,-0.40000000000000013,2
2022-05-11,Leicester,Norwich,3,0,H,E0_21_22.csv,1.6,1.2,0.40000000000000013,0
2022-05-11,Wolves,Man City,1,5,A,E0_21_22.csv,1.8,1.6,0.19999999999999996,2
2022-05-11,Elche,Ath Madrid,0,2,A,SP1 (4).csv,1.6,2.0,-0.3999999999999999,2
2022-05-11,Watford,Everton,0,0,D,E0_21_22.csv,1.0,1.8,-0.8,1
2022-05-11,Osasuna,Getafe,1,1,D,SP1 (4).csv,1.0,1.6,-0.6000000000000001,1
2022-05-11,Alaves,Espanol,2,1,H,SP1 (4).csv,0.8,1.8,-1.0,0
2022-05-11,Leeds,Chelsea,0,3,A,E0_21_22.csv,0.6,1.4,-0.7999999999999999,2
2022-05-11,Sevilla,Mallorca,0,0,D,SP1 (4).csv,0.6,1.0,-0.4,1
2022-05-12,Sociedad,Cadiz,3,0,H,SP1 (4).csv,1.2,1.0,0.19999999999999996,0
2022-05-12,Tottenham,Arsenal,3,0,H,E0_21_22.csv,1.6,0.8,0.8,0
2022-05-12,Real Madrid,Levante,6,0,H,SP1 (4).csv,2.4,0.6,1.7999999999999998,0
2022-05-12,Vallecano,Villarreal,1,5,A,SP1 (4).csv,2.6,1.0,1.6,2
2022-05-14,Espanol,Valencia,1,1,D,SP1 (4).csv,2.8,1.2,1.5999999999999999,1
2022-05-15,Everton,Brentford,2,3,A,E0_21_22.csv,2.6,1.8,0.8,2
2022-05-15,Wolves,Norwich,1,1,D,E0_21_22.csv,2.2,2.0,0.20000000000000018,1
2022-05-15,Mallorca,Vallecano,2,1,H,SP1 (4).csv,1.4,2.2,-0.8000000000000003,0
2022-05-15,West Ham,Man City,2,2,D,E0_21_22.csv,1.6,1.6,0.0,1
2022-05-15,Getafe,Barcelona,0,0,D,SP1 (4).csv,1.4,1.4,0.0,1
2022-05-15,Levante,Alaves,3,1,H,SP1 (4).csv,1.6,1.0,0.6000000000000001,0
2022-05-15,Villarreal,Sociedad,1,2,A,SP1 (4).csv,1.6,1.2,0.40000000000000013,2
2022-05-15,Watford,Leicester,1,5,A,E0_21_22.csv,1.4,2.0,-0.6000000000000001,2
2022-05-15,Celta,Elche,1,0,H,SP1 (4).csv,1.2,1.6,-0.40000000000000013,0
2022-05-15,Aston Villa,Crystal Palace,1,1,D,E0_21_22.csv,1.4,1.8,-0.40000000000000013,1
2022-05-15,Cadiz,Real Madrid,1,1,D,SP1 (4).csv,1.0,1.8,-0.8,1
2022-05-15,Betis,Granada,2,0,H,SP1 (4).csv,1.2,1.4,-0.19999999999999996,0
2022-05-15,Leeds,Brighton,1,1,D,E0_21_22.csv,1.2,0.6,0.6,1
2022-05-15,Ath Bilbao,Osasuna,2,0,H,SP1 (4).csv,1.4,0.6,0.7999999999999999,0
2022-05-15,Tottenham,Burnley,1,0,H,E0_21_22.csv,1.4,0.4,0.9999999999999999,0
2022-05-15,Ath Madrid,Sevilla,1,1,D,SP1 (4).csv,1.4,0.4,0.9999999999999999,1
2022-05-16,Newcastle,Arsenal,2,0,H,E0_21_22.csv,1.4,0.4,0.9999999999999999,0
2022-05-17,Southampton,Liverpool,1,2,A,E0_21_22.csv,1.4,0.6,0.7999999999999999,2
2022-05-19,Aston Villa,Burnley,1,1,D,E0_21_22.csv,1.2,0.8,0.3999999999999999,1
2022-05-19,Everton,Crystal Palace,3,2,H,E0_21_22.csv,1.6,1.2,0.40000000000000013,0
2022-05-19,Chelsea,Leicester,1,1,D,E0_21_22.csv,1.6,1.2,0.40000000000000013,1
2022-05-20,Vallecano,Levante,2,4,A,SP1 (4).csv,1.6,2.0,-0.3999999999999999,2
2022-05-20,Real Madrid,Betis,0,0,D,SP1 (4).csv,1.4,1.6,-0.20000000000000018,1
2022-05-21,Valencia,Celta,2,0,H,SP1 (4).csv,1.6,1.4,0.20000000000000018,0
2022-05-22,Leicester,Southampton,4,1,H,E0_21_22.csv,1.8,1.2,0.6000000000000001,0
2022-05-22,Crystal Palace,Man United,1,0,H,E0_21_22.csv,1.8,1.0,0.8,0
2022-05-22,Chelsea,Watford,2,1,H,E0_21_22.csv,1.8,0.4,1.4,0
2022-05-22,Burnley,Newcastle,1,2,A,E0_21_22.csv,2.0,0.8,1.2,2
2022-05-22,Brighton,West Ham,3,1,H,E0_21_22.csv,2.2,1.0,1.2000000000000002,0
2022-05-22,Brentford,Leeds,1,2,A,E0_21_22.csv,1.6,1.2,0.40000000000000013,2
2022-05-22,Arsenal,Everton,5,1,H,E0_21_22.csv,2.4,1.4,1.0,0
2022-05-22,Norwich,Tottenham,0,5,A,E0_21_22.csv,2.0,2.2,-0.20000000000000018,2
2022-05-22,Liverpool,Wolves,3,1,H,E0_21_22.csv,2.4,2.0,0.3999999999999999,0
2022-05-22,Sociedad,Ath Madrid,1,2,A,SP1 (4).csv,2.0,2.2,-0.20000000000000018,2
2022-05-22,Sevilla,Ath Bilbao,1,0,H,SP1 (4).csv,2.0,1.8,0.19999999999999996,0
2022-05-22,Barcelona,Villarreal,0,2,A,SP1 (4).csv,1.0,2.0,-1.0,2
2022-05-22,Osasuna,Mallorca,0,2,A,SP1 (4).csv,1.0,1.4,-0.3999999999999999,2
2022-05-22,Granada,Espanol,0,0,D,SP1 (4).csv,0.4,1.2,-0.7999999999999999,1
2022-05-22,Alaves,Cadiz,0,1,A,SP1 (4).csv,0.2,1.0,-0.8,2
2022-05-22,Elche,Getafe,3,1,H,SP1 (4).csv,0.6,1.2,-0.6,0
2022-05-22,Man City,Aston Villa,3,2,H,E0_21_22.csv,1.2,1.2,0.0,0
2022-08-05,Crystal Palace,Arsenal,0,2,A,E0_22_23.csv,1.2,1.2,0.0,2
2022-08-06,Bournemouth,Aston Villa,2,0,H,E0_22_23.csv,1.6,1.2,0.40000000000000013,0
2022-08-06,Leeds,Wolves,2,1,H,E0_22_23.csv,2.0,1.2,0.8,0
2022-08-06,Newcastle,Nott'm Forest,2,0,H,E0_22_23.csv,1.8,1.0,0.8,0
2022-08-06,Fulham,Liverpool,2,2,D,E0_22_23.csv,1.6,1.0,0.6000000000000001,1
2022-08-06,Everton,Chelsea,0,1,A,E0_22_23.csv,1.6,0.8,0.8,2
2022-08-06,Tottenham,Southampton,4,1,H,E0_22_23.csv,2.0,1.0,1.0,0
2022-08-07,Leicester,Brentford,2,2,D,E0_22_23.csv,2.0,1.2,0.8,1
2022-08-07,Man United,Brighton,1,2,A,E0_22_23.csv,1.8,1.6,0.19999999999999996,2
2022-08-07,West Ham,Man City,0,2,A,E0_22_23.csv,1.4,1.6,-0.20000000000000018,2
2022-08-12,Osasuna,Sevilla,2,1,H,SP1 (3).csv,1.8,1.6,0.19999999999999996,0
2022-08-13,Valladolid,Villarreal,0,3,A,SP1 (3).csv,1.0,2.0,-1.0,2
2022-08-13,Man City,Bournemouth,4,0,H,E0_22_23.csv,1.4,1.6,-0.20000000000000018,0
2022-08-13,Barcelona,Vallecano,0,0,D,SP1 (3).csv,1.2,1.2,0.0,1
2022-08-13,Wolves,Fulham,0,0,D,E0_22_23.csv,1.2,0.8,0.3999999999999999,1
2022-08-13,Brentford,Man United,4,0,H,E0_22_23.csv,1.6,0.6,1.0,0
2022-08-13,Brighton,Newcastle,0,0,D,E0_22_23.csv,1.6,0.0,1.6,1
2022-08-13,Southampton,Leeds,2,2,D,E0_22_23.csv,1.2,0.4,0.7999999999999999,1
2022-08-13,Arsenal,Leicester,4,2,H,E0_22_23.csv,2.0,0.8,1.2,0
2022-08-13,Aston Villa,Everton,2,1,H,E0_22_23.csv,2.4,1.0,1.4,0
2022-08-13,Celta,Espanol,2,2,D,SP1 (3).csv,2.0,1.4,0.6000000000000001,1
2022-08-14,Valencia,Girona,1,0,H,SP1 (3).csv,2.2,1.4,0.8000000000000003,0
2022-08-14,Cadiz,Sociedad,0,1,A,SP1 (3).csv,1.8,1.2,0.6000000000000001,2
2022-08-14,Almeria,Real Madrid,1,2,A,SP1 (3).csv,1.2,1.2,0.0,2
2022-08-14,Nott'm Forest,West Ham,1,0,H,E0_22_23.csv,1.0,1.0,0.0,0
2022-08-14,Chelsea,Tottenham,2,2,D,E0_22_23.csv,1.0,1.0,0.0,1
2022-08-15,Liverpool,Crystal Palace,1,1,D,E0_22_23.csv,1.0,1.2,-0.19999999999999996,1
2022-08-15,Betis,Elche,3,0,H,SP1 (3).csv,1.6,1.0,0.6000000000000001,0
2022-08-15,Getafe,Ath Madrid,0,3,A,SP1 (3).csv,1.4,1.2,0.19999999999999996,2
2022-08-15,Ath Bilbao,Mallorca,0,0,D,SP1 (3).csv,1.2,1.2,0.0,1
2022-08-19,Espanol,Vallecano,0,2,A,SP1 (3).csv,0.8,1.2,-0.3999999999999999,2
2022-08-19,Sevilla,Valladolid,1,1,D,SP1 (3).csv,0.8,1.2,-0.3999999999999999,1
2022-08-20,Mallorca,Betis,1,2,A,SP1 (3).csv,0.4,1.6,-1.2000000000000002,2
2022-08-20,Osasuna,Cadiz,2,0,H,SP1 (3).csv,0.8,1.0,-0.19999999999999996,0
2022-08-20,Celta,Real Madrid,1,4,A,SP1 (3).csv,1.0,1.8,-0.8,2
2022-08-20,Leicester,Southampton,1,2,A,E0_22_23.csv,1.2,1.8,-0.6000000000000001,2
2022-08-20,Fulham,Brentford,3,2,H,E0_22_23.csv,1.6,2.0,-0.3999999999999999,0
2022-08-20,Tottenham,Wolves,1,0,H,E0_22_23.csv,1.6,1.6,0.0,0
2022-08-20,Crystal Palace,Aston Villa,3,1,H,E0_22_23.csv,1.8,1.8,0.0,0
2022-08-20,Everton,Nott'm Forest,1,1,D,E0_22_23.csv,1.8,1.2,0.6000000000000001,1
2022-08-20,Bournemouth,Arsenal,0,3,A,E0_22_23.csv,1.6,1.4,0.20000000000000018,2
2022-08-21,Sociedad,Barcelona,1,4,A,SP1 (3).csv,1.2,1.8,-0.6000000000000001,2
2022-08-21,Ath Madrid,Villarreal,0,2,A,SP1 (3).csv,1.0,2.2,-1.2000000000000002,2
2022-08-21,Leeds,Chelsea,3,0,H,E0_22_23.csv,1.0,2.0,-1.0,0
2022-08-21,West Ham,Brighton,0,2,A,E0_22_23.csv,0.8,2.2,-1.4000000000000001,2
2022-08-21,Ath Bilbao,Valencia,1,0,H,SP1 (3).csv,1.0,1.6,-0.6000000000000001,0
2022-08-21,Newcastle,Man City,3,3,D,E0_22_23.csv,1.4,1.4,0.0,1
2022-08-22,Man United,Liverpool,2,1,H,E0_22_23.csv,1.8,1.2,0.6000000000000001,0
2022-08-22,Elche,Almeria,1,1,D,SP1 (3).csv,1.4,1.4,0.0,1
2022-08-22,Girona,Getafe,3,1,H,SP1 (3).csv,2.0,1.2,0.8,0
2022-08-26,Betis,Osasuna,1,0,H,SP1 (3).csv,2.0,1.2,0.8,0
2022-08-26,Girona,Celta,0,1,A,SP1 (3).csv,1.4,0.8,0.5999999999999999,2
2022-08-27,Man City,Crystal Palace,4,2,H,E0_22_23.csv,1.8,1.0,0.8,0
2022-08-27,Elche,Sociedad,0,1,A,SP1 (3).csv,1.6,1.0,0.6000000000000001,2
2022-08-27,Vallecano,Mallorca,0,2,A,SP1 (3).csv,1.0,1.2,-0.19999999999999996,2
2022-08-27,Almeria,Sevilla,2,1,H,SP1 (3).csv,1.2,1.4,-0.19999999999999996,0
2022-08-27,Arsenal,Fulham,2,1,H,E0_22_23.csv,1.6,1.4,0.20000000000000018,0
2022-08-27,Liverpool,Bournemouth,9,0,H,E0_22_23.csv,2.6,1.0,1.6,0
2022-08-27,Chelsea,Leicester,2,1,H,E0_22_23.csv,3.0,1.0,2.0,0
2022-08-27,Brighton,Leeds,1,0,H,E0_22_23.csv,3.2,0.6,2.6,0
2022-08-27,Brentford,Everton,1,1,D,E0_22_23.csv,3.0,0.6,2.4,1
2022-08-27,Southampton,Man United,0,1,A,E0_22_23.csv,2.6,0.6,2.0,2
2022-08-28,Barcelona,Valladolid,4,0,H,SP1 (3).csv,1.6,0.6,1.0,0
2022-08-28,Wolves,Newcastle,1,1,D,E0_22_23.csv,1.4,0.6,0.7999999999999999,1
2022-08-28,Espanol,Real Madrid,1,3,A,SP1 (3).csv,1.4,1.2,0.19999999999999996,2
2022-08-28,Aston Villa,West Ham,0,1,A,E0_22_23.csv,1.2,1.2,0.0,2
2022-08-28,Nott'm Forest,Tottenham,0,2,A,E0_22_23.csv,1.2,1.4,-0.19999999999999996,2
2022-08-28,Getafe,Villarreal,0,0,D,SP1 (3).csv,0.4,1.4,-0.9999999999999999,1
2022-08-29,Cadiz,Ath Bilbao,0,4,A,SP1 (3).csv,0.2,2.0,-1.8,2
2022-08-29,Valencia,Ath Madrid,0,1,A,SP1 (3).csv,0.0,1.6,-1.6,2
2022-08-30,Leeds,Everton,1,1,D,E0_22_23.csv,0.2,1.6,-1.4000000000000001,1
2022-08-30,Crystal Palace,Brentford,1,1,D,E0_22_23.csv,0.4,1.4,-0.9999999999999999,1
2022-08-30,Fulham,Brighton,2,1,H,E0_22_23.csv,0.8,1.6,-0.8,0
2022-08-30,Southampton,Chelsea,2,1,H,E0_22_23.csv,1.2,1.0,0.19999999999999996,0
2022-08-31,Arsenal,Aston Villa,2,1,H,E0_22_23.csv,1.6,1.0,0.6000000000000001,0
2022-08-31,West Ham,Tottenham,1,1,D,E0_22_23.csv,1.6,1.0,0.6000000000000001,1
2022-08-31,Bournemouth,Wolves,0,0,D,E0_22_23.csv,1.4,0.8,0.5999999999999999,1
2022-08-31,Liverpool,Newcastle,2,1,H,E0_22_23.csv,1.4,0.8,0.5999999999999999,0
2022-08-31,Man City,Nott'm Forest,6,0,H,E0_22_23.csv,2.2,0.6,1.6,0
2022-09-01,Leicester,Man United,0,1,A,E0_22_23.csv,1.8,0.6,1.2000000000000002,2
2022-09-02,Celta,Cadiz,3,0,H,SP1 (3).csv,2.2,0.4,1.8000000000000003,0
2022-09-03,Nott'm Forest,Bournemouth,2,3,A,E0_22_23.csv,2.6,1.0,1.6,2
2022-09-03,Mallorca,Girona,1,1,D,SP1 (3).csv,2.4,1.0,1.4,1
2022-09-03,Newcastle,Crystal Palace,0,0,D,E0_22_23.csv,1.2,1.0,0.19999999999999996,1
2022-09-03,Brentford,Leeds,5,2,H,E0_22_23.csv,2.2,1.2,1.0000000000000002,0
2022-09-03,Sociedad,Ath Madrid,1,1,D,SP1 (3).csv,1.8,1.4,0.40000000000000013,1
2022-09-03,Sevilla,Barcelona,0,3,A,SP1 (3).csv,1.4,1.4,0.0,2
2022-09-03,Real Madrid,Betis,2,1,H,SP1 (3).csv,1.6,1.4,0.20000000000000018,0
2022-09-03,Wolves,Southampton,1,0,H,E0_22_23.csv,1.8,1.4,0.40000000000000013,0
2022-09-03,Everton,Liverpool,0,0,D,E0_22_23.csv,0.8,1.0,-0.19999999999999996,1
2022-09-03,Tottenham,Fulham,2,1,H,E0_22_23.csv,1.0,1.0,0.0,0
2022-09-03,Chelsea,West Ham,2,1,H,E0_22_23.csv,1.4,0.6,0.7999999999999999,0
2022-09-03,Aston Villa,Man City,1,1,D,E0_22_23.csv,1.2,0.6,0.6,1
2022-09-04,Valencia,Getafe,5,1,H,SP1 (3).csv,2.0,0.8,1.2,0
2022-09-04,Man United,Arsenal,3,1,H,E0_22_23.csv,2.6,1.0,1.6,0
2022-09-04,Brighton,Leicester,5,2,H,E0_22_23.csv,3.2,1.2,2.0,0
2022-09-04,Ath Bilbao,Espanol,0,1,A,SP1 (3).csv,2.8,1.2,1.5999999999999999,2
2022-09-04,Osasuna,Vallecano,2,1,H,SP1 (3).csv,3.0,1.2,1.8,0
2022-09-04,Villarreal,Elche,4,0,H,SP1 (3).csv,2.8,1.0,1.7999999999999998,0
2022-09-05,Valladolid,Almeria,1,0,H,SP1 (3).csv,2.4,0.8,1.5999999999999999,0
2022-09-09,Girona,Valladolid,2,1,H,SP1 (3).csv,1.8,0.6,1.2000000000000002,0
2022-09-10,Ath Madrid,Celta,4,1,H,SP1 (3).csv,2.6,0.6,2.0,0
2022-09-10,Vallecano,Valencia,2,1,H,SP1 (3).csv,2.6,0.6,2.0,0
2022-09-10,Cadiz,Barcelona,0,4,A,SP1 (3).csv,1.8,1.4,0.40000000000000013,2
2022-09-10,Espanol,Sevilla,2,3,A,SP1 (3).csv,2.0,2.0,0.0,2
2022-09-11,Real Madrid,Mallorca,4,1,H,SP1 (3).csv,2.4,2.0,0.3999999999999999,0
2022-09-11,Getafe,Sociedad,2,1,H,SP1 (3).csv,2.0,2.0,0.0,0
2022-09-11,Elche,Ath Bilbao,1,4,A,SP1 (3).csv,1.8,2.6,-0.8,2
2022-09-11,Betis,Villarreal,1,0,H,SP1 (3).csv,2.0,1.8,0.19999999999999996,0
2022-09-12,Almeria,Osasuna,0,1,A,SP1 (3).csv,1.6,1.4,0.20000000000000018,2
2022-09-16,Aston Villa,Southampton,1,0,H,E0_22_23.csv,1.0,1.2,-0.19999999999999996,0
2022-09-16,Nott'm Forest,Fulham,2,3,A,E0_22_23.csv,1.0,1.6,-0.6000000000000001,2
2022-09-16,Valladolid,Cadiz,0,1,A,SP1 (3).csv,0.8,1.0,-0.19999999999999996,2
2022-09-17,Ath Bilbao,Vallecano,3,2,H,SP1 (3).csv,1.2,1.4,-0.19999999999999996,0
2022-09-17,Valencia,Celta,3,0,H,SP1 (3).csv,1.8,1.2,0.6000000000000001,0
2022-09-17,Wolves,Man City,0,3,A,E0_22_23.csv,1.6,1.8,-0.19999999999999996,2
2022-09-17,Newcastle,Bournemouth,1,1,D,E0_22_23.csv,1.4,1.4,0.0,1
2022-09-17,Mallorca,Almeria,1,0,H,SP1 (3).csv,1.6,1.2,0.40000000000000013,0
2022-09-17,Tottenham,Leicester,6,2,H,E0_22_23.csv,2.2,1.2,1.0000000000000002,0
2022-09-17,Barcelona,Elche,3,0,H,SP1 (3).csv,2.2,1.2,1.0000000000000002,0
2022-09-18,Sociedad,Espanol,2,1,H,SP1 (3).csv,2.6,0.8,1.8,0
2022-09-18,Villarreal,Sevilla,1,1,D,SP1 (3).csv,2.6,0.8,1.8,1
2022-09-18,Brentford,Arsenal,0,3,A,E0_22_23.csv,2.4,1.4,1.0,2
2022-09-18,Everton,West Ham,1,0,H,E0_22_23.csv,1.4,1.0,0.3999999999999999,0
2022-09-18,Osasuna,Getafe,0,2,A,SP1 (3).csv,0.8,1.4,-0.5999999999999999,2
2022-09-18,Betis,Girona,2,1,H,SP1 (3).csv,0.8,1.4,-0.5999999999999999,0
2022-09-18,Ath Madrid,Real Madrid,1,2,A,SP1 (3).csv,0.8,1.6,-0.8,2
2022-09-30,Ath Bilbao,Almeria,4,0,H,SP1 (3).csv,1.6,1.0,0.6000000000000001,0
2022-10-01,Southampton,Everton,1,2,A,E0_22_23.csv,1.6,1.4,0.20000000000000018,2
2022-10-01,Liverpool,Brighton,3,3,D,E0_22_23.csv,2.2,1.6,0.6000000000000001,1
2022-10-01,Fulham,Newcastle,1,4,A,E0_22_23.csv,2.0,2.2,-0.20000000000000018,2
2022-10-01,West Ham,Wolves,2,0,H,E0_22_23.csv,2.2,1.8,0.40000000000000013,0
2022-10-01,Bournemouth,Brentford,0,0,D,E0_22_23.csv,1.4,1.8,-0.40000000000000013,1
2022-10-01,Getafe,Valladolid,2,3,A,SP1 (3).csv,1.6,2.0,-0.3999999999999999,2
2022-10-01,Sevilla,Ath Madrid,0,2,A,SP1 (3).csv,1.0,1.8,-0.8,2
2022-10-01,Crystal Palace,Chelsea,1,2,A,E0_22_23.csv,1.0,1.4,-0.3999999999999999,2
2022-10-01,Mallorca,Barcelona,0,1,A,SP1 (3).csv,0.6,1.6,-1.0,2
2022-10-01,Cadiz,Villarreal,0,0,D,SP1 (3).csv,0.6,1.6,-1.0,1
2022-10-01,Arsenal,Tottenham,3,1,H,E0_22_23.csv,0.8,1.2,-0.3999999999999999,0
2022-10-02,Real Madrid,Osasuna,1,1,D,SP1 (3).csv,1.0,1.0,0.0,1
2022-10-02,Espanol,Valencia,2,2,D,SP1 (3).csv,1.2,1.0,0.19999999999999996,1
2022-10-02,Celta,Betis,1,0,H,SP1 (3).csv,1.4,0.8,0.5999999999999999,0
2022-10-02,Girona,Sociedad,3,5,A,SP1 (3).csv,2.0,1.8,0.19999999999999996,2
2022-10-02,Leeds,Aston Villa,0,0,D,E0_22_23.csv,1.4,1.6,-0.20000000000000018,1
2022-10-02,Man City,Man United,6,3,H,E0_22_23.csv,2.4,2.0,0.3999999999999999,0
2022-10-03,Vallecano,Elche,2,1,H,SP1 (3).csv,2.4,1.8,0.5999999999999999,0
2022-10-03,Leicester,Nott'm Forest,4,0,H,E0_22_23.csv,3.0,1.8,1.2,0
2022-10-07,Osasuna,Valencia,1,2,A,SP1 (3).csv,2.6,1.2,1.4000000000000001,2
2022-10-08,Getafe,Real Madrid,0,1,A,SP1 (3).csv,2.6,1.4,1.2000000000000002,2
2022-10-08,Sevilla,Ath Bilbao,1,1,D,SP1 (3).csv,1.6,1.0,0.6000000000000001,1
2022-10-08,Ath Madrid,Girona,2,1,H,SP1 (3).csv,1.6,1.0,0.6000000000000001,0
2022-10-08,Newcastle,Brentford,5,1,H,E0_22_23.csv,1.8,1.2,0.6000000000000001,0
2022-10-08,Brighton,Tottenham,0,1,A,E0_22_23.csv,1.6,1.0,0.6000000000000001,2
2022-10-08,Chelsea,Wolves,3,0,H,E0_22_23.csv,2.2,0.8,1.4000000000000001,0
2022-10-08,Bournemouth,Leicester,2,1,H,E0_22_23.csv,2.4,0.8,1.5999999999999999,0
2022-10-08,Almeria,Vallecano,3,1,H,SP1 (3).csv,2.6,0.8,1.8,0
2022-10-08,Man City,Southampton,4,0,H,E0_22_23.csv,2.4,0.6,1.7999999999999998,0
2022-10-09,Arsenal,Liverpool,3,2,H,E0_22_23.csv,3.0,0.8,2.2,0
2022-10-09,Crystal Palace,Leeds,2,1,H,E0_22_23.csv,2.8,1.0,1.7999999999999998,0
2022-10-09,Everton,Man United,1,2,A,E0_22_23.csv,2.6,1.2,1.4000000000000001,2
2022-10-09,West Ham,Fulham,3,1,H,E0_22_23.csv,2.6,1.2,1.4000000000000001,0
2022-10-09,Sociedad,Villarreal,1,0,H,SP1 (3).csv,2.0,1.2,0.8,0
2022-10-09,Cadiz,Espanol,2,2,D,SP1 (3).csv,1.8,1.2,0.6000000000000001,1
2022-10-09,Valladolid,Betis,0,0,D,SP1 (3).csv,1.4,1.0,0.3999999999999999,1
2022-10-09,Barcelona,Celta,1,0,H,SP1 (3).csv,1.4,0.6,0.7999999999999999,0
2022-10-10,Elche,Mallorca,1,1,D,SP1 (3).csv,1.0,0.6,0.4,1
2022-10-10,Nott'm Forest,Aston Villa,1,1,D,E0_22_23.csv,1.0,0.8,0.19999999999999996,1
2022-10-14,Vallecano,Getafe,0,0,D,SP1 (3).csv,0.6,0.4,0.19999999999999996,1
2022-10-14,Brentford,Brighton,2,0,H,E0_22_23.csv,1.0,0.4,0.6,0
2022-10-15,Valencia,Elche,2,2,D,SP1 (3).csv,1.2,0.8,0.3999999999999999,1
2022-10-15,Fulham,Bournemouth,2,2,D,E0_22_23.csv,1.4,1.0,0.3999999999999999,1
2022-10-15,Mallorca,Sevilla,0,1,A,SP1 (3).csv,1.2,1.0,0.19999999999999996,2
2022-10-15,Ath Bilbao,Ath Madrid,0,1,A,SP1 (3).csv,1.2,1.2,0.0,2
2022-10-15,Wolves,Nott'm Forest,1,0,H,E0_22_23.csv,1.0,1.2,-0.19999999999999996,0
2022-10-15,Girona,Cadiz,1,1,D,SP1 (3).csv,0.8,1.0,-0.19999999999999996,1
2022-10-15,Leicester,Crystal Palace,0,0,D,E0_22_23.csv,0.4,0.6,-0.19999999999999996,1
2022-10-15,Tottenham,Everton,2,0,H,E0_22_23.csv,0.8,0.4,0.4,0
2022-10-16,Aston Villa,Chelsea,0,2,A,E0_22_23.csv,0.8,0.6,0.20000000000000007,2
2022-10-16,Man United,Newcastle,0,0,D,E0_22_23.csv,0.6,0.6,0.0,1
2022-10-16,Leeds,Arsenal,0,1,A,E0_22_23.csv,0.4,0.6,-0.19999999999999996,2
2022-10-16,Betis,Almeria,3,1,H,SP1 (3).csv,1.0,0.8,0.19999999999999996,0
2022-10-16,Liverpool,Man City,1,0,H,E0_22_23.csv,0.8,0.8,0.0,0
2022-10-16,Espanol,Valladolid,1,0,H,SP1 (3).csv,1.0,0.4,0.6,0
2022-10-16,Real Madrid,Barcelona,3,1,H,SP1 (3).csv,1.6,0.6,1.0,0
2022-10-16,Celta,Sociedad,1,2,A,SP1 (3).csv,1.8,0.8,1.0,2
2022-10-16,Southampton,West Ham,1,1,D,E0_22_23.csv,1.4,0.8,0.5999999999999999,1
2022-10-17,Villarreal,Osasuna,2,0,H,SP1 (3).csv,1.6,0.8,0.8,0
2022-10-18,Sevilla,Valencia,1,1,D,SP1 (3).csv,1.6,1.0,0.6000000000000001,1
2022-10-18,Ath Madrid,Vallecano,1,1,D,SP1 (3).csv,1.2,1.0,0.19999999999999996,1
2022-10-18,Getafe,Ath Bilbao,2,2,D,SP1 (3).csv,1.4,1.0,0.3999999999999999,1
2022-10-18,Brighton,Nott'm Forest,0,0,D,E0_22_23.csv,1.2,0.8,0.3999999999999999,1
2022-10-18,Crystal Palace,Wolves,2,1,H,E0_22_23.csv,1.2,1.0,0.19999999999999996,0
2022-10-19,Cadiz,Betis,0,0,D,SP1 (3).csv,1.0,0.8,0.19999999999999996,1
2022-10-19,Valladolid,Celta,4,1,H,SP1 (3).csv,1.6,0.8,0.8,0
2022-10-19,Sociedad,Mallorca,1,0,H,SP1 (3).csv,1.4,0.4,0.9999999999999999,0
2022-10-19,Elche,Real Madrid,0,3,A,SP1 (3).csv,1.4,1.0,0.3999999999999999,2
2022-10-19,Liverpool,West Ham,1,0,H,E0_22_23.csv,1.2,0.8,0.3999999999999999,0
2022-10-19,Brentford,Chelsea,0,0,D,E0_22_23.csv,1.2,0.8,0.3999999999999999,1
2022-10-19,Bournemouth,Southampton,0,1,A,E0_22_23.csv,0.4,0.8,-0.4,2
2022-10-19,Newcastle,Everton,1,0,H,E0_22_23.csv,0.4,0.8,-0.4,0
2022-10-19,Man United,Tottenham,2,0,H,E0_22_23.csv,0.8,0.2,0.6000000000000001,0
2022-10-20,Leicester,Leeds,2,0,H,E0_22_23.csv,1.0,0.2,0.8,0
2022-10-20,Almeria,Girona,3,2,H,SP1 (3).csv,1.6,0.6,1.0,0
2022-10-20,Fulham,Aston Villa,3,0,H,E0_22_23.csv,2.2,0.4,1.8000000000000003,0
2022-10-20,Barcelona,Villarreal,3,0,H,SP1 (3).csv,2.6,0.4,2.2,0
2022-10-20,Osasuna,Espanol,1,0,H,SP1 (3).csv,2.4,0.4,2.0,0
2022-10-22,Valencia,Mallorca,1,2,A,SP1 (3).csv,2.2,0.8,1.4000000000000001,2
2022-10-22,Nott'm Forest,Liverpool,1,0,H,E0_22_23.csv,1.8,0.4,1.4,0
2022-10-22,Real Madrid,Sevilla,3,1,H,SP1 (3).csv,1.8,0.6,1.2000000000000002,0
2022-10-22,Everton,Crystal Palace,3,0,H,E0_22_23.csv,1.8,0.6,1.2000000000000002,0
2022-10-22,Vallecano,Cadiz,5,1,H,SP1 (3).csv,2.6,0.8,1.8,0
2022-10-22,Chelsea,Man United,1,1,D,E0_22_23.csv,2.6,0.6,2.0,1
2022-10-22,Valladolid,Sociedad,1,0,H,SP1 (3).csv,2.6,0.6,2.0,0
2022-10-22,Man City,Brighton,3,1,H,E0_22_23.csv,2.6,0.6,2.0,0
2022-10-23,Aston Villa,Brentford,4,0,H,E0_22_23.csv,2.8,0.6,2.1999999999999997,0
2022-10-23,Leeds,Fulham,2,3,A,E0_22_23.csv,2.2,1.0,1.2000000000000002,2
2022-10-23,Wolves,Leicester,0,4,A,E0_22_23.csv,2.0,1.6,0.3999999999999999,2
2022-10-23,Tottenham,Newcastle,1,2,A,E0_22_23.csv,2.0,2.0,0.0,2
2022-10-23,Southampton,Arsenal,1,1,D,E0_22_23.csv,1.6,2.0,-0.3999999999999999,1
2022-10-23,Betis,Ath Madrid,1,2,A,SP1 (3).csv,1.0,2.4,-1.4,2
2022-10-23,Girona,Osasuna,1,1,D,SP1 (3).csv,0.8,2.0,-1.2,1
2022-10-23,Villarreal,Almeria,2,1,H,SP1 (3).csv,1.2,1.4,-0.19999999999999996,0
2022-10-23,Barcelona,Ath Bilbao,4,0,H,SP1 (3).csv,1.8,1.0,0.8,0
2022-10-23,Espanol,Elche,2,2,D,SP1 (3).csv,2.0,1.2,0.8,1
2022-10-24,Celta,Getafe,1,1,D,SP1 (3).csv,2.0,1.0,1.0,1
2022-10-24,West Ham,Bournemouth,2,0,H,E0_22_23.csv,2.2,0.8,1.4000000000000001,0
2022-10-28,Mallorca,Espanol,1,1,D,SP1 (3).csv,2.0,0.8,1.2,1
2022-10-29,Liverpool,Leeds,1,2,A,E0_22_23.csv,1.4,1.2,0.19999999999999996,2
2022-10-29,Cadiz,Ath Madrid,3,2,H,SP1 (3).csv,1.6,1.2,0.40000000000000013,0
2022-10-29,Almeria,Celta,3,1,H,SP1 (3).csv,2.0,1.2,0.8,0
2022-10-29,Valencia,Barcelona,0,1,A,SP1 (3).csv,1.6,1.4,0.20000000000000018,2
2022-10-29,Sevilla,Vallecano,0,1,A,SP1 (3).csv,1.4,1.4,0.0,2
2022-10-29,Bournemouth,Tottenham,2,3,A,E0_22_23.csv,1.6,1.6,0.0,2
2022-10-29,Brighton,Chelsea,4,1,H,E0_22_23.csv,1.8,1.4,0.40000000000000013,0
2022-10-29,Brentford,Wolves,1,1,D,E0_22_23.csv,1.4,1.4,0.0,1
2022-10-29,Leicester,Man City,0,1,A,E0_22_23.csv,1.4,1.4,0.0,2
2022-10-29,Newcastle,Aston Villa,4,0,H,E0_22_23.csv,2.2,1.2,1.0000000000000002,0
2022-10-29,Fulham,Everton,0,0,D,E0_22_23.csv,1.8,0.6,1.2000000000000002,1
2022-10-29,Crystal Palace,Southampton,1,0,H,E0_22_23.csv,1.2,0.4,0.7999999999999999,0
2022-10-30,Man United,West Ham,1,0,H,E0_22_23.csv,1.2,0.2,1.0,0
2022-10-30,Arsenal,Nott'm Forest,5,0,H,E0_22_23.csv,2.2,0.0,2.2,0
2022-10-30,Osasuna,Valladolid,2,0,H,SP1 (3).csv,1.8,0.0,1.8,0
2022-10-30,Ath Bilbao,Villarreal,1,0,H,SP1 (3).csv,2.0,0.0,2.0,0
2022-10-30,Real Madrid,Girona,1,1,D,SP1 (3).csv,2.0,0.2,1.8,1
2022-10-30,Sociedad,Betis,0,2,A,SP1 (3).csv,1.8,0.6,1.2000000000000002,2
2022-10-31,Elche,Getafe,0,1,A,SP1 (3).csv,0.8,0.8,0.0,2
2022-11-04,Girona,Ath Bilbao,2,1,H,SP1 (3).csv,0.8,1.0,-0.19999999999999996,0
2022-11-05,Man City,Fulham,2,1,H,E0_22_23.csv,1.0,1.2,-0.19999999999999996,0
2022-11-05,Barcelona,Almeria,2,0,H,SP1 (3).csv,1.2,1.0,0.19999999999999996,0
2022-11-05,Celta,Osasuna,1,2,A,SP1 (3).csv,1.4,1.0,0.3999999999999999,2
2022-11-05,Everton,Leicester,0,2,A,E0_22_23.csv,1.4,1.2,0.19999999999999996,2
2022-11-05,Valladolid,Elche,2,1,H,SP1 (3).csv,1.4,1.2,0.19999999999999996,0
2022-11-05,Wolves,Brighton,2,3,A,E0_22_23.csv,1.4,1.6,-0.20000000000000018,2
2022-11-05,Leeds,Bournemouth,4,3,H,E0_22_23.csv,1.8,2.2,-0.40000000000000013,0
2022-11-05,Getafe,Cadiz,0,0,D,SP1 (3).csv,1.6,1.8,-0.19999999999999996,1
2022-11-05,Nott'm Forest,Brentford,2,2,D,E0_22_23.csv,2.0,1.8,0.19999999999999996,1
2022-11-06,Sociedad,Valencia,1,1,D,SP1 (3).csv,1.8,1.8,0.0,1
2022-11-06,Chelsea,Arsenal,0,1,A,E0_22_23.csv,1.4,1.4,0.0,2
2022-11-06,Aston Villa,Man United,3,1,H,E0_22_23.csv,1.2,1.0,0.19999999999999996,0
2022-11-06,Ath Madrid,Espanol,1,1,D,SP1 (3).csv,1.4,1.2,0.19999999999999996,1
2022-11-06,Southampton,Newcastle,1,4,A,E0_22_23.csv,1.2,1.6,-0.40000000000000013,2
2022-11-06,Villarreal,Mallorca,0,2,A,SP1 (3).csv,1.0,1.8,-0.8,2
2022-11-06,Betis,Sevilla,1,1,D,SP1 (3).csv,1.2,1.8,-0.6000000000000001,1
2022-11-06,Tottenham,Liverpool,1,2,A,E0_22_23.csv,0.8,2.0,-1.2,2
2022-11-06,West Ham,Crystal Palace,1,2,A,E0_22_23.csv,0.8,2.2,-1.4000000000000001,2
2022-11-07,Vallecano,Real Madrid,3,2,H,SP1 (3).csv,1.2,1.8,-0.6000000000000001,0
2022-11-08,Elche,Girona,1,2,A,SP1 (3).csv,1.4,1.8,-0.40000000000000013,2
2022-11-08,Ath Bilbao,Valladolid,3,0,H,SP1 (3).csv,1.8,1.6,0.19999999999999996,0
2022-11-08,Osasuna,Barcelona,1,2,A,SP1 (3).csv,1.8,1.6,0.19999999999999996,2
2022-11-09,Sevilla,Sociedad,1,2,A,SP1 (3).csv,1.8,1.6,0.19999999999999996,2
2022-11-09,Almeria,Getafe,1,0,H,SP1 (3).csv,1.4,1.2,0.19999999999999996,0
2022-11-09,Espanol,Villarreal,0,1,A,SP1 (3).csv,1.2,1.0,0.19999999999999996,2
2022-11-09,Mallorca,Ath Madrid,1,0,H,SP1 (3).csv,0.8,1.0,-0.19999999999999996,0
2022-11-10,Vallecano,Celta,0,0,D,SP1 (3).csv,0.6,0.6,0.0,1
2022-11-10,Real Madrid,Cadiz,2,1,H,SP1 (3).csv,0.8,0.4,0.4,0
2022-11-10,Valencia,Betis,3,0,H,SP1 (3).csv,1.2,0.4,0.7999999999999999,0
2022-11-12,Liverpool,Southampton,3,1,H,E0_22_23.csv,1.8,0.4,1.4,0
2022-11-12,Wolves,Arsenal,0,2,A,E0_22_23.csv,1.6,0.8,0.8,2
2022-11-12,Newcastle,Chelsea,1,0,H,E0_22_23.csv,1.8,0.8,1.0,0
2022-11-12,West Ham,Leicester,0,2,A,E0_22_23.csv,1.4,1.0,0.3999999999999999,2
2022-11-12,Man City,Brentford,1,2,A,E0_22_23.csv,1.0,1.4,-0.3999999999999999,2
2022-11-12,Bournemouth,Everton,3,0,H,E0_22_23.csv,1.0,1.2,-0.19999999999999996,0
2022-11-12,Tottenham,Leeds,4,3,H,E0_22_23.csv,1.8,1.4,0.40000000000000013,0
2022-11-12,Nott'm Forest,Crystal Palace,1,0,H,E0_22_23.csv,1.8,1.4,0.40000000000000013,0
2022-11-13,Brighton,Aston Villa,1,2,A,E0_22_23.csv,2.0,1.4,0.6000000000000001,2
2022-11-13,Fulham,Man United,1,2,A,E0_22_23.csv,2.0,1.4,0.6000000000000001,2
2022-12-26,Aston Villa,Liverpool,1,3,A,E0_22_23.csv,1.6,2.0,-0.3999999999999999,2
2022-12-26,Everton,Wolves,1,2,A,E0_22_23.csv,1.0,1.8,-0.8,2
2022-12-26,Leicester,Newcastle,0,3,A,E0_22_23.csv,0.8,2.4,-1.5999999999999999,2
2022-12-26,Southampton,Brighton,1,3,A,E0_22_23.csv,0.8,2.6,-1.8,2
2022-12-26,Arsenal,West Ham,3,1,H,E0_22_23.csv,1.2,2.4,-1.2,0
2022-12-26,Brentford,Tottenham,2,2,D,E0_22_23.csv,1.4,2.2,-0.8000000000000003,1
2022-12-26,Crystal Palace,Fulham,0,3,A,E0_22_23.csv,1.2,2.4,-1.2,2
2022-12-27,Man United,Nott'm Forest,3,0,H,E0_22_23.csv,1.8,1.8,0.0,0
2022-12-27,Chelsea,Bournemouth,2,0,H,E0_22_23.csv,2.0,1.2,0.8,0
2022-12-28,Leeds,Man City,1,3,A,E0_22_23.csv,1.6,1.6,0.0,2
2022-12-29,Betis,Ath Bilbao,0,0,D,SP1 (3).csv,1.2,1.2,0.0,1
2022-12-29,Girona,Vallecano,2,2,D,SP1 (3).csv,1.6,1.0,0.6000000000000001,1
2022-12-29,Ath Madrid,Elche,2,0,H,SP1 (3).csv,1.4,1.0,0.3999999999999999,0
2022-12-30,Getafe,Mallorca,2,0,H,SP1 (3).csv,1.4,1.0,0.3999999999999999,0
2022-12-30,Cadiz,Almeria,1,1,D,SP1 (3).csv,1.4,0.6,0.7999999999999999,1
2022-12-30,Celta,Sevilla,1,1,D,SP1 (3).csv,1.6,0.8,0.8,1
2022-12-30,Valladolid,Real Madrid,0,2,A,SP1 (3).csv,1.2,0.8,0.3999999999999999,2
2022-12-30,West Ham,Brentford,0,2,A,E0_22_23.csv,0.8,1.2,-0.3999999999999999,2
2022-12-30,Liverpool,Leicester,2,1,H,E0_22_23.csv,0.8,1.4,-0.5999999999999999,0
2022-12-31,Bournemouth,Crystal Palace,0,2,A,E0_22_23.csv,0.6,1.6,-1.0,2
2022-12-31,Sociedad,Osasuna,2,0,H,SP1 (3).csv,0.8,1.4,-0.5999999999999999,0
2022-12-31,Wolves,Man United,0,1,A,E0_22_23.csv,0.8,1.2,-0.3999999999999999,2
2022-12-31,Barcelona,Espanol,1,1,D,SP1 (3).csv,1.0,1.0,0.0,1
2022-12-31,Villarreal,Valencia,2,1,H,SP1 (3).csv,1.0,1.0,0.0,0
2022-12-31,Man City,Everton,1,1,D,E0_22_23.csv,1.2,0.8,0.3999999999999999,1
2022-12-31,Newcastle,Leeds,0,0,D,E0_22_23.csv,0.8,0.8,0.0,1
2022-12-31,Brighton,Arsenal,2,4,A,E0_22_23.csv,1.2,1.4,-0.19999999999999996,2
2022-12-31,Fulham,Southampton,2,1,H,E0_22_23.csv,1.4,1.4,0.0,0
2023-01-01,Nott'm Forest,Chelsea,1,1,D,E0_22_23.csv,1.2,1.4,-0.19999999999999996,1
2023-01-01,Tottenham,Aston Villa,0,2,A,E0_22_23.csv,1.0,1.6,-0.6000000000000001,2
2023-01-02,Brentford,Liverpool,3,1,H,E0_22_23.csv,1.6,1.8,-0.19999999999999996,0
2023-01-03,Everton,Brighton,1,4,A,E0_22_23.csv,1.4,1.8,-0.40000000000000013,2
2023-01-03,Man United,Bournemouth,3,0,H,E0_22_23.csv,1.6,1.6,0.0,0
2023-01-03,Leicester,Fulham,0,1,A,E0_22_23.csv,1.4,1.6,-0.20000000000000018,2
2023-01-03,Arsenal,Newcastle,0,0,D,E0_22_23.csv,1.4,1.2,0.19999999999999996,1
2023-01-04,Southampton,Nott'm Forest,0,1,A,E0_22_23.csv,0.8,1.2,-0.3999999999999999,2
2023-01-04,Leeds,West Ham,2,2,D,E0_22_23.csv,1.0,0.8,0.19999999999999996,1
2023-01-04,Aston Villa,Wolves,1,1,D,E0_22_23.csv,0.6,1.0,-0.4,1
2023-01-04,Crystal Palace,Tottenham,0,4,A,E0_22_23.csv,0.6,1.6,-1.0,2
2023-01-05,Chelsea,Man City,0,1,A,E0_22_23.csv,0.6,1.8,-1.2000000000000002,2
2023-01-06,Elche,Celta,0,1,A,SP1 (3).csv,0.6,1.8,-1.2000000000000002,2
2023-01-06,Valencia,Cadiz,0,1,A,SP1 (3).csv,0.2,1.6,-1.4000000000000001,2
2023-01-07,Villarreal,Real Madrid,2,1,H,SP1 (3).csv,0.4,1.6,-1.2000000000000002,0
2023-01-07,Mallorca,Valladolid,1,0,H,SP1 (3).csv,0.6,0.8,-0.20000000000000007,0
2023-01-07,Espanol,Girona,2,2,D,SP1 (3).csv,1.0,1.0,0.0,1
2023-01-08,Ath Madrid,Barcelona,0,1,A,SP1 (3).csv,1.0,1.0,0.0,2
2023-01-08,Sevilla,Getafe,2,1,H,SP1 (3).csv,1.4,1.0,0.3999999999999999,0
2023-01-08,Vallecano,Betis,1,2,A,SP1 (3).csv,1.2,1.2,0.0,2
2023-01-08,Almeria,Sociedad,0,2,A,SP1 (3).csv,1.0,1.6,-0.6000000000000001,2
2023-01-09,Ath Bilbao,Osasuna,0,0,D,SP1 (3).csv,0.6,1.2,-0.6,1
2023-01-12,Fulham,Chelsea,2,1,H,E0_22_23.csv,1.0,1.2,-0.19999999999999996,0
2023-01-13,Aston Villa,Leeds,2,1,H,E0_22_23.csv,1.0,1.2,-0.19999999999999996,0
2023-01-13,Celta,Villarreal,1,1,D,SP1 (3).csv,1.0,1.0,0.0,1
2023-01-14,Valladolid,Vallecano,0,1,A,SP1 (3).csv,1.0,0.8,0.19999999999999996,2
2023-01-14,Man United,Man City,2,1,H,E0_22_23.csv,1.4,1.0,0.3999999999999999,0
2023-01-14,Osasuna,Mallorca,1,0,H,SP1 (3).csv,1.2,0.8,0.3999999999999999,0
2023-01-14,Girona,Sevilla,2,1,H,SP1 (3).csv,1.2,0.8,0.3999999999999999,0
2023-01-14,Brighton,Liverpool,3,0,H,E0_22_23.csv,1.6,0.6,1.0,0
2023-01-14,Nott'm Forest,Leicester,2,0,H,E0_22_23.csv,2.0,0.4,1.6,0
2023-01-14,Everton,Southampton,1,2,A,E0_22_23.csv,1.8,0.6,1.2000000000000002,2
2023-01-14,Wolves,West Ham,1,0,H,E0_22_23.csv,1.8,0.6,1.2000000000000002,0
2023-01-14,Brentford,Bournemouth,2,0,H,E0_22_23.csv,1.8,0.4,1.4,0
2023-01-14,Sociedad,Ath Bilbao,3,1,H,SP1 (3).csv,1.8,0.6,1.2000000000000002,0
2023-01-15,Tottenham,Arsenal,0,2,A,E0_22_23.csv,1.4,1.0,0.3999999999999999,2
2023-01-15,Getafe,Espanol,1,2,A,SP1 (3).csv,1.4,1.0,0.3999999999999999,2
2023-01-15,Almeria,Ath Madrid,1,1,D,SP1 (3).csv,1.4,1.2,0.19999999999999996,1
2023-01-15,Chelsea,Crystal Palace,1,0,H,E0_22_23.csv,1.2,1.2,0.0,0
2023-01-15,Newcastle,Fulham,1,0,H,E0_22_23.csv,0.8,1.0,-0.19999999999999996,0
2023-01-16,Cadiz,Elche,1,1,D,SP1 (3).csv,1.0,0.8,0.19999999999999996,1
2023-01-18,Crystal Palace,Man United,1,1,D,E0_22_23.csv,1.0,0.6,0.4,1
2023-01-19,Man City,Tottenham,4,2,H,E0_22_23.csv,1.6,0.8,0.8,0
2023-01-20,Mallorca,Celta,1,0,H,SP1 (3).csv,1.6,0.8,0.8,0
2023-01-21,Bournemouth,Nott'm Forest,1,1,D,E0_22_23.csv,1.6,1.0,0.6000000000000001,1
2023-01-21,Sevilla,Cadiz,1,0,H,SP1 (3).csv,1.6,0.8,0.8,0
2023-01-21,Ath Madrid,Valladolid,3,0,H,SP1 (3).csv,2.0,0.6,1.4,0
2023-01-21,Crystal Palace,Newcastle,0,0,D,E0_22_23.csv,1.2,0.2,1.0,1
2023-01-21,West Ham,Everton,2,0,H,E0_22_23.csv,1.4,0.2,1.2,0
2023-01-21,Southampton,Aston Villa,0,1,A,E0_22_23.csv,1.2,0.2,1.0,2
2023-01-21,Leicester,Brighton,2,2,D,E0_22_23.csv,1.4,0.6,0.7999999999999999,1
2023-01-21,Espanol,Betis,1,0,H,SP1 (3).csv,1.0,0.6,0.4,0
2023-01-21,Liverpool,Chelsea,0,0,D,E0_22_23.csv,1.0,0.6,0.4,1
2023-01-21,Vallecano,Sociedad,0,2,A,SP1 (3).csv,0.6,1.0,-0.4,2
2023-01-22,Ath Bilbao,Real Madrid,0,2,A,SP1 (3).csv,0.6,1.2,-0.6,2
2023-01-22,Barcelona,Getafe,1,0,H,SP1 (3).csv,0.4,0.8,-0.4,0
2023-01-22,Arsenal,Man United,3,2,H,E0_22_23.csv,0.8,1.2,-0.3999999999999999,0
2023-01-22,Leeds,Brentford,0,0,D,E0_22_23.csv,0.8,1.2,-0.3999999999999999,1
2023-01-22,Elche,Osasuna,1,1,D,SP1 (3).csv,1.0,1.0,0.0,1
2023-01-22,Villarreal,Girona,1,0,H,SP1 (3).csv,1.2,0.6,0.6,0
2023-01-22,Man City,Wolves,3,0,H,E0_22_23.csv,1.6,0.6,1.0,0
2023-01-23,Valencia,Almeria,2,2,D,SP1 (3).csv,1.4,0.6,0.7999999999999999,1
2023-01-23,Fulham,Tottenham,0,1,A,E0_22_23.csv,1.4,0.8,0.5999999999999999,2
2023-01-27,Almeria,Espanol,3,1,H,SP1 (3).csv,1.8,0.8,1.0,0
2023-01-28,Cadiz,Mallorca,2,0,H,SP1 (3).csv,2.0,0.8,1.2,0
2023-01-28,Girona,Barcelona,0,1,A,SP1 (3).csv,1.4,1.0,0.3999999999999999,2
2023-01-28,Sevilla,Elche,3,0,H,SP1 (3).csv,1.6,0.6,1.0,0
2023-01-28,Getafe,Betis,0,1,A,SP1 (3).csv,1.6,0.6,1.0,2
2023-01-29,Celta,Ath Bilbao,1,0,H,SP1 (3).csv,1.2,0.4,0.7999999999999999,0
2023-01-29,Osasuna,Ath Madrid,0,1,A,SP1 (3).csv,0.8,0.6,0.20000000000000007,2
2023-01-29,Valladolid,Valencia,1,0,H,SP1 (3).csv,1.0,0.4,0.6,0
2023-01-29,Real Madrid,Sociedad,0,0,D,SP1 (3).csv,0.4,0.4,0.0,1
2023-01-30,Villarreal,Vallecano,0,1,A,SP1 (3).csv,0.4,0.4,0.0,2
2023-02-01,Betis,Barcelona,1,2,A,SP1 (3).csv,0.4,0.8,-0.4,2
2023-02-02,Real Madrid,Valencia,2,0,H,SP1 (3).csv,0.8,0.6,0.20000000000000007,0
2023-02-03,Chelsea,Fulham,0,0,D,E0_22_23.csv,0.6,0.6,0.0,1
2023-02-03,Ath Bilbao,Cadiz,4,1,H,SP1 (3).csv,1.4,0.8,0.5999999999999999,0
2023-02-04,Brighton,Bournemouth,1,0,H,E0_22_23.csv,1.6,0.6,1.0,0
2023-02-04,Brentford,Southampton,3,0,H,E0_22_23.csv,2.0,0.2,1.8,0
2023-02-04,Everton,Arsenal,1,0,H,E0_22_23.csv,1.8,0.2,1.6,0
2023-02-04,Man United,Crystal Palace,2,1,H,E0_22_23.csv,2.2,0.4,1.8000000000000003,0
2023-02-04,Aston Villa,Leicester,2,4,A,E0_22_23.csv,1.8,1.0,0.8,2
2023-02-04,Espanol,Osasuna,1,1,D,SP1 (3).csv,1.8,1.2,0.6000000000000001,1
2023-02-04,Wolves,Liverpool,3,0,H,E0_22_23.csv,1.8,1.2,0.6000000000000001,0
2023-02-04,Betis,Celta,3,4,A,SP1 (3).csv,2.2,2.0,0.20000000000000018,2
2023-02-04,Ath Madrid,Getafe,1,1,D,SP1 (3).csv,2.0,2.0,0.0,1
2023-02-04,Elche,Villarreal,3,1,H,SP1 (3).csv,2.2,1.4,0.8000000000000003,0
2023-02-04,Newcastle,West Ham,1,1,D,E0_22_23.csv,2.2,1.4,0.8000000000000003,1
2023-02-05,Barcelona,Sevilla,3,0,H,SP1 (3).csv,2.2,1.4,0.8000000000000003,0
2023-02-05,Sociedad,Valladolid,0,1,A,SP1 (3).csv,1.6,0.8,0.8,2
2023-02-05,Girona,Valencia,1,0,H,SP1 (3).csv,1.6,0.6,1.0,0
2023-02-05,Nott'm Forest,Leeds,1,0,H,E0_22_23.csv,1.2,0.4,0.7999999999999999,0
2023-02-05,Tottenham,Man City,1,0,H,E0_22_23.csv,1.2,0.2,1.0,0
2023-02-05,Mallorca,Real Madrid,1,0,H,SP1 (3).csv,0.8,0.2,0.6000000000000001,0
2023-02-06,Vallecano,Almeria,2,0,H,SP1 (3).csv,1.2,0.0,1.2,0
2023-02-08,Man United,Leeds,2,2,D,E0_22_23.csv,1.4,0.4,0.9999999999999999,1
2023-02-10,Cadiz,Girona,2,0,H,SP1 (3).csv,1.6,0.4,1.2000000000000002,0
2023-02-11,Crystal Palace,Brighton,1,1,D,E0_22_23.csv,1.6,0.6,1.0,1
2023-02-11,Almeria,Betis,2,3,A,SP1 (3).csv,1.8,1.2,0.6000000000000001,2
2023-02-11,Fulham,Nott'm Forest,2,0,H,E0_22_23.csv,1.8,1.2,0.6000000000000001,0
2023-02-11,Valencia,Ath Bilbao,1,2,A,SP1 (3).csv,1.6,1.2,0.40000000000000013,2
2023-02-11,Sevilla,Mallorca,2,0,H,SP1 (3).csv,1.6,1.2,0.40000000000000013,0
2023-02-11,Arsenal,Brentford,1,1,D,E0_22_23.csv,1.6,1.2,0.40000000000000013,1
2023-02-11,Bournemouth,Newcastle,1,1,D,E0_22_23.csv,1.4,0.8,0.5999999999999999,1
2023-02-11,Southampton,Wolves,1,2,A,E0_22_23.csv,1.2,1.2,0.0,2
2023-02-11,Leicester,Tottenham,4,1,H,E0_22_23.csv,1.8,1.0,0.8,0
2023-02-11,West Ham,Chelsea,1,1,D,E0_22_23.csv,1.6,1.2,0.40000000000000013,1
2023-02-12,Leeds,Man United,0,2,A,E0_22_23.csv,1.4,1.4,0.0,2
2023-02-12,Man City,Aston Villa,3,1,H,E0_22_23.csv,1.8,1.4,0.40000000000000013,0
2023-02-12,Getafe,Vallecano,1,1,D,SP1 (3).csv,1.8,1.2,0.6000000000000001,1
2023-02-12,Valladolid,Osasuna,0,0,D,SP1 (3).csv,1.0,1.0,0.0,1
2023-02-12,Villarreal,Barcelona,0,1,A,SP1 (3).csv,0.8,1.0,-0.19999999999999996,2
2023-02-12,Celta,Ath Madrid,0,1,A,SP1 (3).csv,0.8,0.8,0.0,2
2023-02-13,Liverpool,Everton,2,0,H,E0_22_23.csv,0.6,0.6,0.0,0
2023-02-13,Espanol,Sociedad,2,3,A,SP1 (3).csv,0.8,1.0,-0.19999999999999996,2
2023-02-15,Real Madrid,Elche,4,0,H,SP1 (3).csv,1.6,1.0,0.6000000000000001,0
2023-02-15,Arsenal,Man City,1,3,A,E0_22_23.csv,1.8,1.4,0.40000000000000013,2
2023-02-17,Girona,Almeria,6,2,H,SP1 (3).csv,3.0,1.6,1.4,0
2023-02-18,Brentford,Crystal Palace,1,1,D,E0_22_23.csv,2.8,1.8,0.9999999999999998,1
2023-02-18,Wolves,Bournemouth,0,1,A,E0_22_23.csv,2.4,1.4,1.0,2
2023-02-18,Everton,Leeds,1,0,H,E0_22_23.csv,1.8,1.4,0.40000000000000013,0
2023-02-18,Chelsea,Southampton,0,1,A,E0_22_23.csv,1.6,1.0,0.6000000000000001,2
2023-02-18,Brighton,Fulham,0,1,A,E0_22_23.csv,0.4,0.8,-0.4,2
2023-02-18,Nott'm Forest,Man City,1,1,D,E0_22_23.csv,0.4,0.8,-0.4,1
2023-02-18,Osasuna,Real Madrid,0,2,A,SP1 (3).csv,0.4,1.0,-0.6,2
2023-02-18,Newcastle,Liverpool,0,2,A,E0_22_23.csv,0.2,1.4,-1.2,2
2023-02-18,Aston Villa,Arsenal,2,4,A,E0_22_23.csv,0.6,2.0,-1.4,2
2023-02-18,Mallorca,Villarreal,4,2,H,SP1 (3).csv,1.4,2.2,-0.8000000000000003,0
2023-02-18,Betis,Valladolid,2,1,H,SP1 (3).csv,1.6,2.2,-0.6000000000000001,0
2023-02-18,Sociedad,Celta,1,1,D,SP1 (3).csv,1.8,2.0,-0.19999999999999996,1
2023-02-19,Elche,Espanol,0,1,A,SP1 (3).csv,1.8,1.8,0.0,2
2023-02-19,Vallecano,Sevilla,1,1,D,SP1 (3).csv,1.6,1.2,0.40000000000000013,1
2023-02-19,Tottenham,West Ham,2,0,H,E0_22_23.csv,1.2,0.8,0.3999999999999999,0
2023-02-19,Barcelona,Cadiz,2,0,H,SP1 (3).csv,1.2,0.6,0.6,0
2023-02-19,Man United,Leicester,3,0,H,E0_22_23.csv,1.6,0.4,1.2000000000000002,0
2023-02-19,Ath Madrid,Ath Bilbao,1,0,H,SP1 (3).csv,1.8,0.2,1.6,0
2023-02-20,Getafe,Valencia,1,0,H,SP1 (3).csv,1.8,0.0,1.8,0
2023-02-24,Fulham,Wolves,1,1,D,E0_22_23.csv,1.6,0.2,1.4000000000000001,1
2023-02-24,Elche,Betis,2,3,A,SP1 (3).csv,1.6,0.8,0.8,2
2023-02-25,Leicester,Arsenal,0,1,A,E0_22_23.csv,1.0,1.0,0.0,2
2023-02-25,Real Madrid,Ath Madrid,1,1,D,SP1 (3).csv,1.0,1.2,-0.19999999999999996,1
2023-02-25,Everton,Aston Villa,0,2,A,E0_22_23.csv,0.8,1.6,-0.8,2
2023-02-25,Leeds,Southampton,1,0,H,E0_22_23.csv,0.8,1.4,-0.5999999999999999,0
2023-02-25,West Ham,Nott'm Forest,4,0,H,E0_22_23.csv,1.2,0.8,0.3999999999999999,0
2023-02-25,Bournemouth,Man City,1,4,A,E0_22_23.csv,1.4,1.4,0.0,2
2023-02-25,Crystal Palace,Liverpool,0,0,D,E0_22_23.csv,1.2,1.2,0.0,1
2023-02-25,Valencia,Sociedad,1,0,H,SP1 (3).csv,1.4,0.8,0.5999999999999999,0
2023-02-25,Cadiz,Vallecano,1,0,H,SP1 (3).csv,1.4,0.8,0.5999999999999999,0
2023-02-25,Espanol,Mallorca,2,1,H,SP1 (3).csv,1.0,1.0,0.0,0
2023-02-26,Tottenham,Chelsea,2,0,H,E0_22_23.csv,1.2,0.2,1.0,0
2023-02-26,Almeria,Barcelona,1,0,H,SP1 (3).csv,1.4,0.2,1.2,0
2023-02-26,Sevilla,Osasuna,2,3,A,SP1 (3).csv,1.6,0.8,0.8,2
2023-02-26,Ath Bilbao,Girona,2,3,A,SP1 (3).csv,1.8,1.4,0.40000000000000013,2
2023-02-26,Celta,Valladolid,3,0,H,SP1 (3).csv,2.0,1.2,0.8,0
2023-02-27,Villarreal,Getafe,2,1,H,SP1 (3).csv,2.0,1.4,0.6000000000000001,0
2023-03-01,Arsenal,Everton,4,0,H,E0_22_23.csv,2.6,1.4,1.2000000000000002,0
2023-03-01,Liverpool,Wolves,2,0,H,E0_22_23.csv,2.6,0.8,1.8,0
2023-03-03,Sociedad,Cadiz,0,0,D,SP1 (3).csv,2.2,0.2,2.0,1
2023-03-04,Man City,Newcastle,2,0,H,E0_22_23.csv,2.0,0.2,1.8,0
2023-03-04,Almeria,Villarreal,0,2,A,SP1 (3).csv,1.6,0.4,1.2000000000000002,2
2023-03-04,Mallorca,Elche,0,1,A,SP1 (3).csv,0.8,0.6,0.20000000000000007,2
2023-03-04,Arsenal,Bournemouth,3,2,H,E0_22_23.csv,1.0,1.0,0.0,0
2023-03-04,Aston Villa,Crystal Palace,1,0,H,E0_22_23.csv,1.2,1.0,0.19999999999999996,0
2023-03-04,Ath Madrid,Sevilla,6,1,H,SP1 (3).csv,2.0,1.2,0.8,0
2023-03-04,Chelsea,Leeds,1,0,H,E0_22_23.csv,2.2,0.8,1.4000000000000001,0
2023-03-04,Wolves,Tottenham,1,0,H,E0_22_23.csv,2.4,0.6,1.7999999999999998,0
2023-03-04,Southampton,Leicester,1,0,H,E0_22_23.csv,2.0,0.2,1.8,0
2023-03-04,Getafe,Girona,3,2,H,SP1 (3).csv,2.4,0.6,1.7999999999999998,0
2023-03-04,Brighton,West Ham,4,0,H,E0_22_23.csv,2.0,0.4,1.6,0
2023-03-05,Valladolid,Espanol,2,1,H,SP1 (3).csv,2.2,0.6,1.6,0
2023-03-05,Barcelona,Valencia,1,0,H,SP1 (3).csv,2.2,0.6,1.6,0
2023-03-05,Vallecano,Ath Bilbao,0,0,D,SP1 (3).csv,2.0,0.6,1.4,1
2023-03-05,Nott'm Forest,Everton,2,2,D,E0_22_23.csv,1.8,0.6,1.2000000000000002,1
2023-03-05,Liverpool,Man United,7,0,H,E0_22_23.csv,2.4,0.6,1.7999999999999998,0
2023-03-05,Betis,Real Madrid,0,0,D,SP1 (3).csv,2.0,0.4,1.6,1
2023-03-06,Brentford,Fulham,3,2,H,E0_22_23.csv,2.4,0.8,1.5999999999999999,0
2023-03-06,Osasuna,Celta,0,0,D,SP1 (3).csv,2.4,0.8,1.5999999999999999,1
2023-03-10,Cadiz,Getafe,2,2,D,SP1 (3).csv,2.4,0.8,1.5999999999999999,1
2023-03-11,Celta,Vallecano,3,0,H,SP1 (3).csv,1.6,0.8,0.8,0
2023-03-11,Tottenham,Nott'm Forest,3,1,H,E0_22_23.csv,2.2,1.0,1.2000000000000002,0
2023-03-11,Elche,Valladolid,1,1,D,SP1 (3).csv,1.8,0.8,1.0,1
2023-03-11,Valencia,Osasuna,1,0,H,SP1 (3).csv,2.0,0.8,1.2,0
2023-03-11,Leicester,Chelsea,1,3,A,E0_22_23.csv,1.8,1.0,0.8,2
2023-03-11,Bournemouth,Liverpool,1,0,H,E0_22_23.csv,1.4,1.0,0.3999999999999999,0
2023-03-11,Everton,Brentford,1,0,H,E0_22_23.csv,1.0,0.8,0.19999999999999996,0
2023-03-11,Leeds,Brighton,2,2,D,E0_22_23.csv,1.2,1.0,0.19999999999999996,1
2023-03-11,Crystal Palace,Man City,0,1,A,E0_22_23.csv,1.0,1.2,-0.19999999999999996,2
2023-03-11,Real Madrid,Espanol,3,1,H,SP1 (3).csv,1.4,0.8,0.5999999999999999,0
2023-03-12,Ath Bilbao,Barcelona,0,1,A,SP1 (3).csv,1.2,1.0,0.19999999999999996,2
2023-03-12,Villarreal,Betis,1,1,D,SP1 (3).csv,1.2,1.2,0.0,1
2023-03-12,Sevilla,Almeria,2,1,H,SP1 (3).csv,1.2,1.0,0.19999999999999996,0
2023-03-12,Mallorca,Sociedad,1,1,D,SP1 (3).csv,1.4,1.0,0.3999999999999999,1
2023-03-12,Newcastle,Wolves,2,1,H,E0_22_23.csv,1.2,1.0,0.19999999999999996,0
2023-03-12,West Ham,Aston Villa,1,1,D,E0_22_23.csv,1.4,1.0,0.3999999999999999,1
2023-03-12,Man United,Southampton,0,0,D,E0_22_23.csv,1.2,0.8,0.3999999999999999,1
2023-03-12,Fulham,Arsenal,0,3,A,E0_22_23.csv,0.8,1.2,-0.3999999999999999,2
2023-03-13,Girona,Ath Madrid,0,1,A,SP1 (3).csv,0.6,1.2,-0.6,2
2023-03-15,Brighton,Crystal Palace,1,0,H,E0_22_23.csv,0.4,1.0,-0.6,0
2023-03-15,Southampton,Brentford,0,2,A,E0_22_23.csv,0.2,1.2,-1.0,2
2023-03-17,Valladolid,Ath Bilbao,1,3,A,SP1 (3).csv,0.4,1.8,-1.4,2
2023-03-17,Nott'm Forest,Newcastle,1,2,A,E0_22_23.csv,0.6,1.6,-1.0,2
2023-03-18,Aston Villa,Bournemouth,3,0,H,E0_22_23.csv,1.2,1.4,-0.19999999999999996,0
2023-03-18,Brentford,Leicester,1,1,D,E0_22_23.csv,1.2,1.6,-0.40000000000000013,1
2023-03-18,Southampton,Tottenham,3,3,D,E0_22_23.csv,1.8,1.8,0.0,1
2023-03-18,Chelsea,Everton,2,2,D,E0_22_23.csv,2.0,1.6,0.3999999999999999,1
2023-03-18,Ath Madrid,Valencia,3,0,H,SP1 (3).csv,2.4,1.2,1.2,0
2023-03-18,Espanol,Celta,1,3,A,SP1 (3).csv,2.0,1.8,0.19999999999999996,2
2023-03-18,Vallecano,Girona,2,2,D,SP1 (3).csv,2.2,2.0,0.20000000000000018,1
2023-03-18,Almeria,Cadiz,1,1,D,SP1 (3).csv,1.8,1.6,0.19999999999999996,1
2023-03-18,Wolves,Leeds,2,4,A,E0_22_23.csv,1.8,2.0,-0.19999999999999996,2
2023-03-19,Getafe,Sevilla,2,0,H,SP1 (3).csv,1.6,2.0,-0.3999999999999999,0
2023-03-19,Betis,Mallorca,1,0,H,SP1 (3).csv,1.6,1.4,0.20000000000000018,0
2023-03-19,Osasuna,Villarreal,0,3,A,SP1 (3).csv,1.2,1.6,-0.40000000000000013,2
2023-03-19,Sociedad,Elche,2,0,H,SP1 (3).csv,1.4,1.4,0.0,0
2023-03-19,Barcelona,Real Madrid,2,1,H,SP1 (3).csv,1.4,0.8,0.5999999999999999,0
2023-03-19,Arsenal,Crystal Palace,4,1,H,E0_22_23.csv,1.8,1.0,0.8,0
2023-03-31,Mallorca,Osasuna,0,0,D,SP1 (3).csv,1.6,1.0,0.6000000000000001,1
2023-04-01,Girona,Espanol,2,1,H,SP1 (3).csv,2.0,0.6,1.4,0
2023-04-01,Ath Bilbao,Getafe,0,0,D,SP1 (3).csv,1.6,0.6,1.0,1
2023-04-01,Cadiz,Sevilla,0,2,A,SP1 (3).csv,1.2,0.8,0.3999999999999999,2
2023-04-01,Chelsea,Aston Villa,0,2,A,E0_22_23.csv,0.4,1.0,-0.6,2
2023-04-01,Crystal Palace,Leicester,2,1,H,E0_22_23.csv,0.8,1.2,-0.3999999999999999,0
2023-04-01,Nott'm Forest,Wolves,1,1,D,E0_22_23.csv,0.6,1.2,-0.6,1
2023-04-01,Bournemouth,Fulham,2,1,H,E0_22_23.csv,1.0,1.4,-0.3999999999999999,0
2023-04-01,Arsenal,Leeds,4,1,H,E0_22_23.csv,1.8,1.2,0.6000000000000001,0
2023-04-01,Man City,Liverpool,4,1,H,E0_22_23.csv,2.6,1.0,1.6,0
2023-04-01,Elche,Barcelona,0,4,A,SP1 (3).csv,2.2,1.6,0.6000000000000001,2
2023-04-01,Brighton,Brentford,3,3,D,E0_22_23.csv,2.6,2.0,0.6000000000000001,1
2023-04-02,Newcastle,Man United,2,0,H,E0_22_23.csv,2.6,1.8,0.8,0
2023-04-02,Ath Madrid,Betis,1,0,H,SP1 (3).csv,2.0,1.6,0.3999999999999999,0
2023-04-02,Celta,Almeria,2,2,D,SP1 (3).csv,1.6,1.8,-0.19999999999999996,1
2023-04-02,Real Madrid,Valladolid,6,0,H,SP1 (3).csv,2.8,1.0,1.7999999999999998,0
2023-04-02,Villarreal,Sociedad,2,0,H,SP1 (3).csv,2.6,0.4,2.2,0
2023-04-02,West Ham,Southampton,1,0,H,E0_22_23.csv,2.4,0.4,2.0,0
2023-04-03,Everton,Tottenham,1,1,D,E0_22_23.csv,2.4,0.6,1.7999999999999998,1
2023-04-03,Valencia,Vallecano,1,1,D,SP1 (3).csv,2.2,0.4,1.8000000000000003,1
2023-04-04,Leicester,Aston Villa,1,2,A,E0_22_23.csv,1.2,0.8,0.3999999999999999,2
2023-04-04,Leeds,Nott'm Forest,2,1,H,E0_22_23.csv,1.2,1.0,0.19999999999999996,0
2023-04-04,Chelsea,Liverpool,0,0,D,E0_22_23.csv,1.0,1.0,0.0,1
2023-04-04,Bournemouth,Brighton,0,2,A,E0_22_23.csv,0.8,1.2,-0.3999999999999999,2
2023-04-05,Man United,Brentford,1,0,H,E0_22_23.csv,0.8,1.0,-0.19999999999999996,0
2023-04-05,West Ham,Newcastle,1,5,A,E0_22_23.csv,0.8,1.6,-0.8,2
2023-04-07,Sevilla,Celta,2,2,D,SP1 (3).csv,0.8,1.8,-1.0,1
2023-04-08,Osasuna,Elche,2,1,H,SP1 (3).csv,1.2,2.0,-0.8,0
2023-04-08,Aston Villa,Nott'm Forest,2,0,H,E0_22_23.csv,1.6,1.6,0.0,0
2023-04-08,Brentford,Newcastle,1,2,A,E0_22_23.csv,1.6,2.0,-0.3999999999999999,2
2023-04-08,Leicester,Bournemouth,0,1,A,E0_22_23.csv,1.4,1.2,0.19999999999999996,2
2023-04-08,Tottenham,Brighton,2,1,H,E0_22_23.csv,1.4,1.0,0.3999999999999999,0
2023-04-08,Sociedad,Getafe,2,0,H,SP1 (3).csv,1.4,0.8,0.5999999999999999,0
2023-04-08,Fulham,West Ham,0,1,A,E0_22_23.csv,1.0,1.0,0.0,2
2023-04-08,Real Madrid,Villarreal,2,3,A,SP1 (3).csv,1.2,1.2,0.0,2
2023-04-08,Man United,Everton,2,0,H,E0_22_23.csv,1.6,1.0,0.6000000000000001,0
2023-04-08,Espanol,Ath Bilbao,1,2,A,SP1 (3).csv,1.4,1.2,0.19999999999999996,2
2023-04-08,Wolves,Chelsea,1,0,H,E0_22_23.csv,1.2,1.2,0.0,0
2023-04-08,Southampton,Man City,1,4,A,E0_22_23.csv,1.4,1.8,-0.40000000000000013,2
2023-04-09,Leeds,Crystal Palace,1,5,A,E0_22_23.csv,1.2,2.2,-1.0000000000000002,2
2023-04-09,Liverpool,Arsenal,2,2,D,E0_22_23.csv,1.2,2.6,-1.4000000000000001,1
2023-04-09,Vallecano,Ath Madrid,1,2,A,SP1 (3).csv,1.2,2.6,-1.4000000000000001,2
2023-04-09,Betis,Cadiz,0,2,A,SP1 (3).csv,1.0,3.0,-2.0,2
2023-04-09,Valladolid,Mallorca,3,3,D,SP1 (3).csv,1.4,2.8,-1.4,1
2023-04-09,Almeria,Valencia,2,1,H,SP1 (3).csv,1.6,2.0,-0.3999999999999999,0
2023-04-10,Barcelona,Girona,0,0,D,SP1 (3).csv,1.2,1.6,-0.40000000000000013,1
2023-04-14,Vallecano,Osasuna,2,1,H,SP1 (3).csv,1.4,1.4,0.0,0
2023-04-15,Tottenham,Bournemouth,2,3,A,E0_22_23.csv,1.8,1.6,0.19999999999999996,2
2023-04-15,Wolves,Brentford,2,0,H,E0_22_23.csv,1.6,1.0,0.6000000000000001,0
2023-04-15,Aston Villa,Newcastle,3,0,H,E0_22_23.csv,1.8,0.8,1.0,0
2023-04-15,Chelsea,Brighton,1,2,A,E0_22_23.csv,2.0,1.2,0.8,2
2023-04-15,Southampton,Crystal Palace,0,2,A,E0_22_23.csv,1.6,1.4,0.20000000000000018,2
2023-04-15,Everton,Fulham,1,3,A,E0_22_23.csv,1.4,1.4,0.0,2
2023-04-15,Cadiz,Real Madrid,0,2,A,SP1 (3).csv,1.0,1.8,-0.8,2
2023-04-15,Betis,Espanol,3,1,H,SP1 (3).csv,1.0,2.0,-1.0,0
2023-04-15,Ath Bilbao,Sociedad,2,0,H,SP1 (3).csv,1.2,1.6,-0.40000000000000013,0
2023-04-15,Villarreal,Valladolid,1,2,A,SP1 (3).csv,1.4,1.6,-0.20000000000000018,2
2023-04-15,Man City,Leicester,3,1,H,E0_22_23.csv,1.8,1.2,0.6000000000000001,0
2023-04-16,Nott'm Forest,Man United,0,2,A,E0_22_23.csv,1.8,1.2,0.6000000000000001,2
2023-04-16,West Ham,Arsenal,2,2,D,E0_22_23.csv,1.6,1.4,0.20000000000000018,1
2023-04-16,Getafe,Barcelona,0,0,D,SP1 (3).csv,1.2,1.4,-0.19999999999999996,1
2023-04-16,Valencia,Sevilla,0,2,A,SP1 (3).csv,1.0,1.4,-0.3999999999999999,2
2023-04-16,Ath Madrid,Almeria,2,1,H,SP1 (3).csv,0.8,1.4,-0.5999999999999999,0
2023-04-16,Girona,Elche,2,0,H,SP1 (3).csv,1.2,1.0,0.19999999999999996,0
2023-04-17,Leeds,Liverpool,1,6,A,E0_22_23.csv,1.0,1.8,-0.8,2
2023-04-17,Celta,Mallorca,0,1,A,SP1 (3).csv,1.0,2.0,-1.0,2
2023-04-21,Arsenal,Southampton,3,3,D,E0_22_23.csv,1.6,2.2,-0.6000000000000001,1
2023-04-21,Espanol,Cadiz,0,0,D,SP1 (3).csv,1.2,2.0,-0.8,1
2023-04-22,Crystal Palace,Everton,0,0,D,E0_22_23.csv,0.8,2.0,-1.2,1
2023-04-22,Almeria,Ath Bilbao,1,2,A,SP1 (3).csv,0.8,1.2,-0.3999999999999999,2
2023-04-22,Sociedad,Vallecano,2,1,H,SP1 (3).csv,1.2,1.2,0.0,0
2023-04-22,Osasuna,Betis,3,2,H,SP1 (3).csv,1.2,1.0,0.19999999999999996,0
2023-04-22,Brentford,Aston Villa,1,1,D,E0_22_23.csv,1.4,1.2,0.19999999999999996,1
2023-04-22,Leicester,Wolves,2,1,H,E0_22_23.csv,1.8,1.4,0.40000000000000013,0
2023-04-22,Real Madrid,Celta,2,0,H,SP1 (3).csv,2.0,1.0,1.0,0
2023-04-22,Fulham,Leeds,2,1,H,E0_22_23.csv,2.0,1.0,1.0,0
2023-04-22,Liverpool,Nott'm Forest,3,2,H,E0_22_23.csv,2.0,1.0,1.0,0
2023-04-22,Valladolid,Girona,1,0,H,SP1 (3).csv,2.0,0.8,1.2,0
2023-04-23,Mallorca,Getafe,3,1,H,SP1 (3).csv,2.2,0.8,1.4000000000000001,0
2023-04-23,Bournemouth,West Ham,0,4,A,E0_22_23.csv,1.8,1.6,0.19999999999999996,2
2023-04-23,Sevilla,Villarreal,2,1,H,SP1 (3).csv,1.8,1.6,0.19999999999999996,0
2023-04-23,Elche,Valencia,0,2,A,SP1 (3).csv,1.2,1.6,-0.40000000000000013,2
2023-04-23,Barcelona,Ath Madrid,1,0,H,SP1 (3).csv,1.2,1.6,-0.40000000000000013,0
2023-04-23,Newcastle,Tottenham,6,1,H,E0_22_23.csv,1.8,1.6,0.19999999999999996,0
2023-04-25,Betis,Sociedad,0,0,D,SP1 (3).csv,1.8,0.8,1.0,1
2023-04-25,Aston Villa,Fulham,1,0,H,E0_22_23.csv,1.6,0.6,1.0,0
2023-04-25,Girona,Real Madrid,4,2,H,SP1 (3).csv,2.4,0.6,1.7999999999999998,0
2023-04-25,Leeds,Leicester,1,1,D,E0_22_23.csv,2.4,0.8,1.5999999999999999,1
2023-04-25,Wolves,Crystal Palace,2,0,H,E0_22_23.csv,1.6,0.6,1.0,0
2023-04-25,Cadiz,Osasuna,0,1,A,SP1 (3).csv,1.6,0.8,0.8,2
2023-04-26,Vallecano,Barcelona,2,1,H,SP1 (3).csv,1.8,1.0,0.8,0
2023-04-26,West Ham,Liverpool,1,2,A,E0_22_23.csv,1.2,1.0,0.19999999999999996,2
2023-04-26,Chelsea,Brentford,0,2,A,E0_22_23.csv,1.0,1.2,-0.19999999999999996,2
2023-04-26,Nott'm Forest,Brighton,3,1,H,E0_22_23.csv,1.2,1.4,-0.19999999999999996,0
2023-04-26,Man City,Arsenal,4,1,H,E0_22_23.csv,2.0,1.4,0.6000000000000001,0
2023-04-26,Celta,Elche,1,0,H,SP1 (3).csv,1.8,1.2,0.6000000000000001,0
2023-04-26,Getafe,Almeria,1,2,A,SP1 (3).csv,1.8,1.2,0.6000000000000001,2
2023-04-26,Ath Madrid,Mallorca,3,1,H,SP1 (3).csv,2.4,1.0,1.4,0
2023-04-27,Everton,Newcastle,1,4,A,E0_22_23.csv,2.0,1.6,0.3999999999999999,2
2023-04-27,Southampton,Bournemouth,0,1,A,E0_22_23.csv,1.2,1.6,-0.40000000000000013,2
2023-04-27,Tottenham,Man United,2,2,D,E0_22_23.csv,1.4,2.0,-0.6000000000000001,1
2023-04-27,Villarreal,Espanol,4,2,H,SP1 (3).csv,2.0,2.0,0.0,0
2023-04-27,Ath Bilbao,Sevilla,0,1,A,SP1 (3).csv,1.4,2.0,-0.6000000000000001,2
2023-04-27,Valencia,Valladolid,2,1,H,SP1 (3).csv,1.6,1.4,0.20000000000000018,0
2023-04-28,Osasuna,Sociedad,0,2,A,SP1 (3).csv,1.6,1.6,0.0,2
2023-04-29,Crystal Palace,West Ham,4,3,H,E0_22_23.csv,2.0,1.8,0.19999999999999996,0
2023-04-29,Elche,Vallecano,4,0,H,SP1 (3).csv,2.0,1.4,0.6000000000000001,0
2023-04-29,Barcelona,Betis,4,0,H,SP1 (3).csv,2.8,1.2,1.5999999999999999,0
2023-04-29,Brentford,Nott'm Forest,2,1,H,E0_22_23.csv,2.8,1.2,1.5999999999999999,0
2023-04-29,Brighton,Wolves,6,0,H,E0_22_23.csv,4.0,0.8,3.2,0
2023-04-29,Real Madrid,Almeria,4,2,H,SP1 (3).csv,4.0,0.6,3.4,0
2023-04-30,Man United,Aston Villa,1,0,H,E0_22_23.csv,3.4,0.6,2.8,0
2023-04-30,Valladolid,Ath Madrid,2,5,A,SP1 (3).csv,3.0,1.6,1.4,2
2023-04-30,Cadiz,Valencia,2,1,H,SP1 (3).csv,3.0,1.6,1.4,0
2023-04-30,Liverpool,Tottenham,4,3,H,E0_22_23.csv,2.6,2.2,0.3999999999999999,0
2023-04-30,Espanol,Getafe,1,0,H,SP1 (3).csv,2.0,1.8,0.19999999999999996,0
2023-04-30,Villarreal,Celta,3,1,H,SP1 (3).csv,2.4,2.0,0.3999999999999999,0
2023-04-30,Fulham,Man City,1,2,A,E0_22_23.csv,2.2,1.4,0.8000000000000003,2
2023-04-30,Bournemouth,Leeds,4,1,H,E0_22_23.csv,2.6,1.4,1.2000000000000002,0
2023-04-30,Newcastle,Southampton,3,1,H,E0_22_23.csv,2.4,1.0,1.4,0
2023-05-01,Sevilla,Girona,0,2,A,SP1 (3).csv,2.2,1.4,0.8000000000000003,2
2023-05-01,Mallorca,Ath Bilbao,1,1,D,SP1 (3).csv,1.8,1.4,0.40000000000000013,1
2023-05-01,Leicester,Everton,2,2,D,E0_22_23.csv,2.0,1.4,0.6000000000000001,1
2023-05-02,Arsenal,Chelsea,3,1,H,E0_22_23.csv,1.8,1.4,0.40000000000000013,0
2023-05-02,Sociedad,Real Madrid,2,0,H,SP1 (3).csv,1.6,1.2,0.40000000000000013,0
2023-05-02,Barcelona,Osasuna,1,0,H,SP1 (3).csv,1.8,0.8,1.0,0
2023-05-02,Almeria,Elche,2,1,H,SP1 (3).csv,2.0,0.8,1.2,0
2023-05-03,Man City,West Ham,3,0,H,E0_22_23.csv,2.2,0.4,1.8000000000000003,0
2023-05-03,Ath Madrid,Cadiz,5,1,H,SP1 (3).csv,2.6,0.4,2.2,0
2023-05-03,Liverpool,Fulham,1,0,H,E0_22_23.csv,2.4,0.4,2.0,0
2023-05-03,Getafe,Celta,1,0,H,SP1 (3).csv,2.4,0.4,2.0,0
2023-05-03,Valencia,Villarreal,1,1,D,SP1 (3).csv,2.2,0.4,1.8000000000000003,1
2023-05-04,Girona,Mallorca,2,1,H,SP1 (3).csv,2.0,0.6,1.4,0
2023-05-04,Sevilla,Espanol,3,2,H,SP1 (3).csv,1.6,0.8,0.8,0
2023-05-04,Ath Bilbao,Betis,0,1,A,SP1 (3).csv,1.4,1.0,0.3999999999999999,2
2023-05-04,Vallecano,Valladolid,2,1,H,SP1 (3).csv,1.6,1.2,0.40000000000000013,0
2023-05-04,Brighton,Man United,1,0,H,E0_22_23.csv,1.6,1.0,0.6000000000000001,0
2023-05-06,Man City,Leeds,2,1,H,E0_22_23.csv,1.6,1.0,0.6000000000000001,0
2023-05-06,Bournemouth,Chelsea,1,3,A,E0_22_23.csv,1.2,1.2,0.0,2
2023-05-06,Tottenham,Crystal Palace,1,0,H,E0_22_23.csv,1.4,1.0,0.3999999999999999,0
2023-05-06,Liverpool,Brentford,1,0,H,E0_22_23.csv,1.2,0.8,0.3999999999999999,0
2023-05-06,Wolves,Aston Villa,1,0,H,E0_22_23.csv,1.2,0.8,0.3999999999999999,0
2023-05-07,Newcastle,Arsenal,0,2,A,E0_22_23.csv,0.8,1.0,-0.19999999999999996,2
2023-05-07,West Ham,Man United,1,0,H,E0_22_23.csv,0.8,0.4,0.4,0
2023-05-08,Fulham,Leicester,5,3,H,E0_22_23.csv,1.6,1.0,0.6000000000000001,0
2023-05-08,Nott'm Forest,Southampton,4,3,H,E0_22_23.csv,2.2,1.6,0.6000000000000001,0
2023-05-08,Brighton,Everton,1,5,A,E0_22_23.csv,2.2,2.6,-0.3999999999999999,2
2023-05-12,Mallorca,Cadiz,1,0,H,SP1 (3).csv,2.4,2.2,0.19999999999999973,0
2023-05-13,Villarreal,Ath Bilbao,5,1,H,SP1 (3).csv,3.2,2.4,0.8000000000000003,0
2023-05-13,Osasuna,Almeria,3,1,H,SP1 (3).csv,2.8,2.0,0.7999999999999998,0
2023-05-13,Real Madrid,Getafe,1,0,H,SP1 (3).csv,2.2,1.4,0.8000000000000003,0
2023-05-13,Sociedad,Girona,2,2,D,SP1 (3).csv,2.4,0.8,1.5999999999999999,1
2023-05-13,Chelsea,Nott'm Forest,2,2,D,E0_22_23.csv,2.6,1.2,1.4000000000000001,1
2023-05-13,Aston Villa,Tottenham,2,1,H,E0_22_23.csv,2.0,1.2,0.8,0
2023-05-13,Leeds,Newcastle,2,2,D,E0_22_23.csv,1.8,1.4,0.40000000000000013,1
2023-05-13,Southampton,Fulham,0,2,A,E0_22_23.csv,1.6,1.8,-0.19999999999999996,2
2023-05-13,Crystal Palace,Bournemouth,2,0,H,E0_22_23.csv,1.6,1.4,0.20000000000000018,0
2023-05-13,Man United,Wolves,2,0,H,E0_22_23.csv,1.6,1.0,0.6000000000000001,0
2023-05-14,Elche,Ath Madrid,1,0,H,SP1 (3).csv,1.4,0.8,0.5999999999999999,0
2023-05-14,Espanol,Barcelona,2,4,A,SP1 (3).csv,1.4,1.2,0.19999999999999996,2
2023-05-14,Celta,Valencia,1,2,A,SP1 (3).csv,1.6,1.2,0.40000000000000013,2
2023-05-14,Valladolid,Sevilla,0,3,A,SP1 (3).csv,1.2,1.8,-0.6000000000000001,2
2023-05-14,Everton,Man City,0,3,A,E0_22_23.csv,0.8,2.4,-1.5999999999999999,2
2023-05-14,Arsenal,Brighton,0,3,A,E0_22_23.csv,0.6,3.0,-2.4,2
2023-05-14,Brentford,West Ham,2,0,H,E0_22_23.csv,0.6,2.2,-1.6,0
2023-05-15,Betis,Vallecano,3,1,H,SP1 (3).csv,1.0,2.0,-1.0,0
2023-05-15,Leicester,Liverpool,0,3,A,E0_22_23.csv,1.0,2.0,-1.0,2
2023-05-18,Newcastle,Brighton,4,1,H,E0_22_23.csv,1.8,1.6,0.19999999999999996,0
2023-05-19,Cadiz,Valladolid,2,0,H,SP1 (3).csv,2.2,1.0,1.2000000000000002,0
2023-05-20,Liverpool,Aston Villa,1,1,D,E0_22_23.csv,2.0,1.2,0.8,1
2023-05-20,Fulham,Crystal Palace,2,2,D,E0_22_23.csv,1.8,1.4,0.40000000000000013,1
2023-05-20,Wolves,Everton,1,1,D,E0_22_23.csv,2.0,1.0,1.0,1
2023-05-20,Barcelona,Sociedad,1,2,A,SP1 (3).csv,1.4,1.2,0.19999999999999996,2
2023-05-20,Bournemouth,Man United,0,1,A,E0_22_23.csv,1.0,1.4,-0.3999999999999999,2
2023-05-20,Nott'm Forest,Arsenal,1,0,H,E0_22_23.csv,1.0,1.2,-0.19999999999999996,0
2023-05-20,Girona,Villarreal,1,2,A,SP1 (3).csv,0.8,1.2,-0.3999999999999999,2
2023-05-20,Almeria,Mallorca,3,0,H,SP1 (3).csv,1.2,1.0,0.19999999999999996,0
2023-05-20,Getafe,Elche,1,1,D,SP1 (3).csv,1.2,0.8,0.3999999999999999,1
2023-05-20,Ath Bilbao,Celta,2,1,H,SP1 (3).csv,1.6,0.8,0.8,0
2023-05-20,Tottenham,Brentford,1,3,A,E0_22_23.csv,1.6,1.4,0.20000000000000018,2
2023-05-21,Man City,Chelsea,1,0,H,E0_22_23.csv,1.6,1.0,0.6000000000000001,0
2023-05-21,West Ham,Leeds,3,1,H,E0_22_23.csv,1.6,1.2,0.40000000000000013,0
2023-05-21,Ath Madrid,Osasuna,3,0,H,SP1 (3).csv,2.0,1.0,1.0,0
2023-05-21,Brighton,Southampton,3,1,H,E0_22_23.csv,2.2,1.0,1.2000000000000002,0
2023-05-21,Valencia,Real Madrid,1,0,H,SP1 (3).csv,2.2,0.4,1.8000000000000003,0
2023-05-21,Sevilla,Betis,0,0,D,SP1 (3).csv,2.0,0.4,1.6,1
2023-05-21,Vallecano,Espanol,1,2,A,SP1 (3).csv,1.6,0.6,1.0,2
2023-05-22,Newcastle,Leicester,0,0,D,E0_22_23.csv,1.0,0.6,0.4,1
2023-05-23,Celta,Girona,1,1,D,SP1 (3).csv,0.6,0.6,0.0,1
2023-05-23,Sociedad,Almeria,1,0,H,SP1 (3).csv,0.6,0.6,0.0,0
2023-05-23,Valladolid,Barcelona,3,1,H,SP1 (3).csv,1.2,0.8,0.3999999999999999,0
2023-05-24,Elche,Sevilla,1,1,D,SP1 (3).csv,1.2,0.6,0.6,1
2023-05-24,Betis,Getafe,0,1,A,SP1 (3).csv,1.2,0.8,0.3999999999999999,2
2023-05-24,Villarreal,Cadiz,2,0,H,SP1 (3).csv,1.4,0.6,0.7999999999999999,0
2023-05-24,Real Madrid,Vallecano,2,1,H,SP1 (3).csv,1.6,0.8,0.8,0
2023-05-24,Espanol,Ath Madrid,3,3,D,SP1 (3).csv,1.6,1.2,0.40000000000000013,1
2023-05-24,Brighton,Man City,1,1,D,E0_22_23.csv,1.6,1.2,0.40000000000000013,1
2023-05-25,Man United,Chelsea,4,1,H,E0_22_23.csv,2.4,1.2,1.2,0
2023-05-25,Osasuna,Ath Bilbao,2,0,H,SP1 (3).csv,2.4,1.2,1.2,0
2023-05-25,Mallorca,Valencia,1,0,H,SP1 (3).csv,2.2,1.0,1.2000000000000002,0
2023-05-27,Sevilla,Real Madrid,1,2,A,SP1 (3).csv,1.8,0.8,1.0,2
2023-05-28,Man United,Fulham,2,1,H,E0_22_23.csv,2.0,0.8,1.2,0
2023-05-28,Southampton,Liverpool,4,4,D,E0_22_23.csv,2.0,1.4,0.6000000000000001,1
2023-05-28,Ath Madrid,Sociedad,2,1,H,SP1 (3).csv,2.0,1.6,0.3999999999999999,0
2023-05-28,Barcelona,Mallorca,3,0,H,SP1 (3).csv,2.4,1.6,0.7999999999999998,0
2023-05-28,Cadiz,Celta,1,0,H,SP1 (3).csv,2.4,1.2,1.2,0
2023-05-28,Getafe,Osasuna,2,1,H,SP1 (3).csv,2.4,1.2,1.2,0
2023-05-28,Girona,Betis,1,2,A,SP1 (3).csv,1.8,0.8,1.0,2
2023-05-28,Valencia,Espanol,2,2,D,SP1 (3).csv,1.8,1.0,0.8,1
2023-05-28,Vallecano,Villarreal,2,1,H,SP1 (3).csv,1.6,1.2,0.40000000000000013,0
2023-05-28,Almeria,Valladolid,0,0,D,SP1 (3).csv,1.4,1.2,0.19999999999999996,1
2023-05-28,Leeds,Tottenham,1,4,A,E0_22_23.csv,1.2,1.8,-0.6000000000000001,2
2023-05-28,Everton,Bournemouth,1,0,H,E0_22_23.csv,1.2,1.4,-0.19999999999999996,0
2023-05-28,Crystal Palace,Nott'm Forest,1,1,D,E0_22_23.csv,1.0,1.2,-0.19999999999999996,1
2023-05-28,Chelsea,Newcastle,1,1,D,E0_22_23.csv,0.8,1.2,-0.3999999999999999,1
2023-05-28,Brentford,Man City,1,0,H,E0_22_23.csv,1.0,1.2,-0.19999999999999996,0
2023-05-28,Aston Villa,Brighton,2,1,H,E0_22_23.csv,1.2,0.6,0.6,0
2023-05-28,Arsenal,Wolves,5,0,H,E0_22_23.csv,2.0,0.6,1.4,0
2023-05-28,Ath Bilbao,Elche,0,1,A,SP1 (3).csv,1.8,0.6,1.2000000000000002,2
2023-05-28,Leicester,West Ham,2,1,H,E0_22_23.csv,2.0,0.6,1.4,0
2023-06-04,Mallorca,Vallecano,3,0,H,SP1 (3).csv,2.4,0.6,1.7999999999999998,0
2023-06-04,Osasuna,Girona,2,1,H,SP1 (3).csv,2.4,0.6,1.7999999999999998,0
2023-06-04,Real Madrid,Ath Bilbao,1,1,D,SP1 (3).csv,1.6,0.8,0.8,1
2023-06-04,Sociedad,Sevilla,2,1,H,SP1 (3).csv,2.0,0.8,1.2,0
2023-06-04,Villarreal,Ath Madrid,2,2,D,SP1 (3).csv,2.0,1.0,1.0,1
2023-06-04,Elche,Cadiz,1,1,D,SP1 (3).csv,1.6,1.2,0.40000000000000013,1
2023-06-04,Celta,Barcelona,2,1,H,SP1 (3).csv,1.6,1.2,0.40000000000000013,0
2023-06-04,Valladolid,Getafe,0,0,D,SP1 (3).csv,1.4,1.0,0.3999999999999999,1
2023-06-04,Espanol,Almeria,3,3,D,SP1 (3).csv,1.6,1.4,0.20000000000000018,1
2023-06-04,Betis,Valencia,1,1,D,SP1 (3).csv,1.4,1.2,0.19999999999999996,1
2023-08-11,Sevilla,Valencia,1,2,A,SP1 (2).csv,1.4,1.4,0.0,2
2023-08-11,Almeria,Vallecano,0,2,A,SP1 (2).csv,1.0,1.6,-0.6000000000000001,2
2023-08-11,Burnley,Man City,0,3,A,E0_23_24.csv,1.0,2.2,-1.2000000000000002,2
2023-08-12,Las Palmas,Mallorca,1,1,D,SP1 (2).csv,0.6,1.8,-1.2000000000000002,1
2023-08-12,Sociedad,Girona,1,1,D,SP1 (2).csv,0.6,1.8,-1.2000000000000002,1
2023-08-12,Newcastle,Aston Villa,5,1,H,E0_23_24.csv,1.4,1.6,-0.20000000000000018,0
2023-08-12,Sheffield United,Crystal Palace,0,1,A,E0_23_24.csv,1.4,1.4,0.0,2
2023-08-12,Everton,Fulham,0,1,A,E0_23_24.csv,1.4,1.0,0.3999999999999999,2
2023-08-12,Brighton,Luton,4,1,H,E0_23_24.csv,2.0,1.0,1.0,0
2023-08-12,Bournemouth,West Ham,1,1,D,E0_23_24.csv,2.0,1.0,1.0,1
2023-08-12,Arsenal,Nott'm Forest,2,1,H,E0_23_24.csv,1.4,1.0,0.3999999999999999,0
2023-08-12,Ath Bilbao,Real Madrid,0,2,A,SP1 (2).csv,1.4,1.2,0.19999999999999996,2
2023-08-13,Getafe,Barcelona,0,0,D,SP1 (2).csv,1.4,1.0,0.3999999999999999,1
2023-08-13,Villarreal,Betis,1,2,A,SP1 (2).csv,0.8,1.2,-0.3999999999999999,2
2023-08-13,Celta,Osasuna,0,2,A,SP1 (2).csv,0.6,1.4,-0.7999999999999999,2
2023-08-13,Chelsea,Liverpool,1,1,D,E0_23_24.csv,0.4,1.4,-0.9999999999999999,1
2023-08-13,Brentford,Tottenham,2,2,D,E0_23_24.csv,0.8,1.4,-0.5999999999999999,1
2023-08-14,Cadiz,Alaves,1,0,H,SP1 (2).csv,1.0,1.4,-0.3999999999999999,0
2023-08-14,Ath Madrid,Granada,3,1,H,SP1 (2).csv,1.4,1.2,0.19999999999999996,0
2023-08-14,Man United,Wolves,1,0,H,E0_23_24.csv,1.6,0.8,0.8,0
2023-08-18,Mallorca,Villarreal,0,1,A,SP1 (2).csv,1.4,0.8,0.5999999999999999,2
2023-08-18,Valencia,Las Palmas,1,0,H,SP1 (2).csv,1.2,0.4,0.7999999999999999,0
2023-08-18,Nott'm Forest,Sheffield United,2,1,H,E0_23_24.csv,1.4,0.6,0.7999999999999999,0
2023-08-19,Fulham,Brentford,0,3,A,E0_23_24.csv,0.8,1.0,-0.19999999999999996,2
2023-08-19,Osasuna,Ath Bilbao,0,2,A,SP1 (2).csv,0.6,1.4,-0.7999999999999999,2
2023-08-19,Man City,Newcastle,1,0,H,E0_23_24.csv,0.8,1.2,-0.3999999999999999,0
2023-08-19,Tottenham,Man United,2,0,H,E0_23_24.csv,1.0,1.2,-0.19999999999999996,0
2023-08-19,Almeria,Real Madrid,1,3,A,SP1 (2).csv,0.8,1.6,-0.8,2
2023-08-19,Liverpool,Bournemouth,3,1,H,E0_23_24.csv,1.4,1.2,0.19999999999999996,0
2023-08-19,Wolves,Brighton,1,4,A,E0_23_24.csv,1.6,1.6,0.0,2
2023-08-19,Sociedad,Celta,1,1,D,SP1 (2).csv,1.6,1.8,-0.19999999999999996,1
2023-08-20,Aston Villa,Everton,4,0,H,E0_23_24.csv,2.0,1.8,0.19999999999999996,0
2023-08-20,West Ham,Chelsea,3,1,H,E0_23_24.csv,2.4,1.4,1.0,0
2023-08-20,Barcelona,Cadiz,2,0,H,SP1 (2).csv,2.2,1.2,1.0000000000000002,0
2023-08-20,Betis,Ath Madrid,0,0,D,SP1 (2).csv,2.0,0.4,1.6,1
2023-08-20,Girona,Getafe,3,0,H,SP1 (2).csv,2.4,0.2,2.1999999999999997,0
2023-08-21,Crystal Palace,Arsenal,0,1,A,E0_23_24.csv,1.6,0.4,1.2000000000000002,2
2023-08-21,Alaves,Sevilla,4,3,H,SP1 (2).csv,1.8,0.8,1.0,0
2023-08-21,Granada,Vallecano,0,2,A,SP1 (2).csv,1.4,1.2,0.19999999999999996,2
2023-08-25,Las Palmas,Sociedad,0,0,D,SP1 (2).csv,1.4,1.2,0.19999999999999996,1
2023-08-25,Celta,Real Madrid,0,1,A,SP1 (2).csv,0.8,1.4,-0.5999999999999999,2
2023-08-25,Chelsea,Luton,3,0,H,E0_23_24.csv,1.4,1.2,0.19999999999999996,0
2023-08-26,Cadiz,Almeria,1,1,D,SP1 (2).csv,0.8,0.8,0.0,1
2023-08-26,Brighton,West Ham,1,3,A,E0_23_24.csv,1.0,1.0,0.0,2
2023-08-26,Bournemouth,Tottenham,0,2,A,E0_23_24.csv,1.0,1.4,-0.3999999999999999,2
2023-08-26,Granada,Mallorca,3,2,H,SP1 (2).csv,1.6,1.6,0.0,0
2023-08-26,Man United,Nott'm Forest,3,2,H,E0_23_24.csv,1.6,2.0,-0.3999999999999999,0
2023-08-26,Arsenal,Fulham,2,2,D,E0_23_24.csv,1.8,2.2,-0.40000000000000013,1
2023-08-26,Brentford,Crystal Palace,1,1,D,E0_23_24.csv,1.8,1.8,0.0,1
2023-08-26,Everton,Wolves,0,1,A,E0_23_24.csv,1.8,1.6,0.19999999999999996,2
2023-08-26,Sevilla,Girona,1,2,A,SP1 (2).csv,1.4,1.6,-0.20000000000000018,2
2023-08-27,Burnley,Aston Villa,1,3,A,E0_23_24.csv,1.0,1.8,-0.8,2
2023-08-27,Newcastle,Liverpool,1,2,A,E0_23_24.csv,0.8,1.8,-1.0,2
2023-08-27,Sheffield United,Man City,1,2,A,E0_23_24.csv,0.8,2.0,-1.2,2
2023-08-27,Ath Bilbao,Betis,4,2,H,SP1 (2).csv,1.6,2.2,-0.6000000000000001,0
2023-08-27,Valencia,Osasuna,1,2,A,SP1 (2).csv,1.6,2.2,-0.6000000000000001,2
2023-08-27,Villarreal,Barcelona,3,4,A,SP1 (2).csv,2.0,2.4,-0.3999999999999999,2
2023-08-28,Vallecano,Ath Madrid,0,7,A,SP1 (2).csv,1.8,3.4,-1.5999999999999999,2
2023-08-28,Getafe,Alaves,1,0,H,SP1 (2).csv,1.8,3.0,-1.2,0
2023-09-01,Luton,West Ham,1,2,A,E0_23_24.csv,1.2,3.0,-1.8,2
2023-09-01,Almeria,Celta,2,3,A,SP1 (2).csv,1.4,3.2,-1.8000000000000003,2
2023-09-01,Cadiz,Villarreal,3,1,H,SP1 (2).csv,1.4,2.6,-1.2000000000000002,0
2023-09-02,Sociedad,Granada,5,3,H,SP1 (2).csv,2.4,1.8,0.5999999999999999,0
2023-09-02,Real Madrid,Getafe,2,1,H,SP1 (2).csv,2.6,2.0,0.6000000000000001,0
2023-09-02,Alaves,Valencia,1,0,H,SP1 (2).csv,2.6,1.6,1.0,0
2023-09-02,Brighton,Newcastle,3,1,H,E0_23_24.csv,2.8,1.2,1.5999999999999999,0
2023-09-02,Chelsea,Nott'm Forest,0,1,A,E0_23_24.csv,2.2,1.2,1.0000000000000002,2
2023-09-02,Burnley,Tottenham,2,5,A,E0_23_24.csv,1.6,1.6,0.0,2
2023-09-02,Sheffield United,Everton,2,2,D,E0_23_24.csv,1.6,1.8,-0.19999999999999996,1
2023-09-02,Brentford,Bournemouth,2,2,D,E0_23_24.csv,1.8,2.2,-0.40000000000000013,1
2023-09-02,Man City,Fulham,5,1,H,E0_23_24.csv,2.2,2.2,0.0,0
2023-09-02,Betis,Vallecano,1,0,H,SP1 (2).csv,2.4,2.0,0.3999999999999999,0
2023-09-03,Arsenal,Man United,3,1,H,E0_23_24.csv,2.6,1.2,1.4000000000000001,0
2023-09-03,Liverpool,Aston Villa,3,0,H,E0_23_24.csv,2.8,0.8,1.9999999999999998,0
2023-09-03,Girona,Las Palmas,1,0,H,SP1 (2).csv,2.6,0.4,2.2,0
2023-09-03,Crystal Palace,Wolves,3,2,H,E0_23_24.csv,2.2,0.6,1.6,0
2023-09-03,Mallorca,Ath Bilbao,0,0,D,SP1 (2).csv,2.0,0.6,1.4,1
2023-09-03,Osasuna,Barcelona,1,2,A,SP1 (2).csv,1.6,0.8,0.8,2
2023-09-15,Vallecano,Alaves,2,0,H,SP1 (2).csv,1.4,0.8,0.5999999999999999,0
2023-09-16,Wolves,Liverpool,1,3,A,E0_23_24.csv,1.4,1.4,0.0,2
2023-09-16,Valencia,Ath Madrid,3,0,H,SP1 (2).csv,1.4,1.0,0.3999999999999999,0
2023-09-16,Celta,Mallorca,0,1,A,SP1 (2).csv,1.4,1.2,0.19999999999999996,2
2023-09-16,Ath Bilbao,Cadiz,3,0,H,SP1 (2).csv,1.8,0.8,1.0,0
2023-09-16,Fulham,Luton,1,0,H,E0_23_24.csv,1.6,0.8,0.8,0
2023-09-16,Barcelona,Betis,5,0,H,SP1 (2).csv,2.4,0.2,2.1999999999999997,0
2023-09-16,Tottenham,Sheffield United,2,1,H,E0_23_24.csv,2.2,0.4,1.8000000000000003,0
2023-09-16,West Ham,Man City,1,3,A,E0_23_24.csv,2.4,0.8,1.5999999999999999,2
2023-09-16,Newcastle,Brentford,1,0,H,E0_23_24.csv,2.0,0.8,1.2,0
2023-09-16,Aston Villa,Crystal Palace,3,1,H,E0_23_24.csv,2.4,1.0,1.4,0
2023-09-16,Man United,Brighton,1,3,A,E0_23_24.csv,1.6,1.6,0.0,2
2023-09-17,Everton,Arsenal,0,1,A,E0_23_24.csv,1.2,1.6,-0.40000000000000013,2
2023-09-17,Bournemouth,Chelsea,0,0,D,E0_23_24.csv,1.0,1.0,0.0,1
2023-09-17,Real Madrid,Sociedad,2,1,H,SP1 (2).csv,1.2,1.2,0.0,0
2023-09-17,Getafe,Osasuna,3,2,H,SP1 (2).csv,1.2,1.4,-0.19999999999999996,0
2023-09-17,Villarreal,Almeria,2,1,H,SP1 (2).csv,1.4,1.0,0.3999999999999999,0
2023-09-17,Sevilla,Las Palmas,1,0,H,SP1 (2).csv,1.6,0.8,0.8,0
2023-09-18,Nott'm Forest,Burnley,1,1,D,E0_23_24.csv,1.8,1.0,0.8,1
2023-09-18,Granada,Girona,2,4,A,SP1 (2).csv,1.8,1.6,0.19999999999999996,2
2023-09-22,Alaves,Ath Bilbao,0,2,A,SP1 (2).csv,1.2,1.6,-0.40000000000000013,2
2023-09-23,Luton,Wolves,1,1,D,E0_23_24.csv,1.0,1.6,-0.6000000000000001,1
2023-09-23,Barcelona,Celta,3,2,H,SP1 (2).csv,1.4,2.0,-0.6000000000000001,0
2023-09-23,Osasuna,Sevilla,0,0,D,SP1 (2).csv,1.2,1.8,-0.6000000000000001,1
2023-09-23,Girona,Mallorca,5,3,H,SP1 (2).csv,1.8,1.6,0.19999999999999996,0
2023-09-23,Crystal Palace,Fulham,0,0,D,E0_23_24.csv,1.8,1.2,0.6000000000000001,1
2023-09-23,Man City,Nott'm Forest,2,0,H,E0_23_24.csv,2.0,1.0,1.0,0
2023-09-23,Burnley,Man United,0,1,A,E0_23_24.csv,1.4,0.8,0.5999999999999999,2
2023-09-23,Brentford,Everton,1,3,A,E0_23_24.csv,1.6,1.4,0.20000000000000018,2
2023-09-23,Almeria,Valencia,2,2,D,SP1 (2).csv,1.0,1.2,-0.19999999999999996,1
2023-09-24,Ath Madrid,Real Madrid,3,1,H,SP1 (2).csv,1.6,1.4,0.20000000000000018,0
2023-09-24,Betis,Cadiz,1,1,D,SP1 (2).csv,1.4,1.6,-0.20000000000000018,1
2023-09-24,Vallecano,Villarreal,1,1,D,SP1 (2).csv,1.6,1.6,0.0,1
2023-09-24,Sociedad,Getafe,4,3,H,SP1 (2).csv,2.2,1.6,0.6000000000000001,0
2023-09-24,Las Palmas,Granada,1,0,H,SP1 (2).csv,2.0,1.2,0.8,0
2023-09-24,Sheffield United,Newcastle,0,8,A,E0_23_24.csv,1.4,2.6,-1.2000000000000002,2
2023-09-24,Chelsea,Aston Villa,0,1,A,E0_23_24.csv,1.2,2.6,-1.4000000000000001,2
2023-09-24,Brighton,Bournemouth,3,1,H,E0_23_24.csv,1.6,2.6,-1.0,0
2023-09-24,Arsenal,Tottenham,2,2,D,E0_23_24.csv,1.2,2.4,-1.2,1
2023-09-24,Liverpool,West Ham,3,1,H,E0_23_24.csv,1.6,2.6,-1.0,0
2023-09-26,Sevilla,Almeria,5,1,H,SP1 (2).csv,2.6,1.2,1.4000000000000001,0
2023-09-26,Mallorca,Barcelona,2,2,D,SP1 (2).csv,3.0,1.4,1.6,1
2023-09-27,Real Madrid,Las Palmas,2,0,H,SP1 (2).csv,2.8,1.2,1.5999999999999999,0
2023-09-27,Villarreal,Girona,1,2,A,SP1 (2).csv,2.6,1.2,1.4000000000000001,2
2023-09-27,Ath Bilbao,Getafe,2,2,D,SP1 (2).csv,2.4,1.4,1.0,1
2023-09-27,Valencia,Sociedad,0,1,A,SP1 (2).csv,1.4,1.4,0.0,2
2023-09-27,Cadiz,Vallecano,0,0,D,SP1 (2).csv,1.0,1.0,0.0,1
2023-09-28,Osasuna,Ath Madrid,0,2,A,SP1 (2).csv,0.6,1.4,-0.7999999999999999,2
2023-09-28,Granada,Betis,1,1,D,SP1 (2).csv,0.6,1.2,-0.6,1
2023-09-28,Celta,Alaves,1,1,D,SP1 (2).csv,0.4,1.0,-0.6,1
2023-09-29,Barcelona,Sevilla,1,0,H,SP1 (2).csv,0.6,0.8,-0.20000000000000007,0
2023-09-30,Man United,Crystal Palace,0,1,A,E0_23_24.csv,0.6,1.0,-0.4,2
2023-09-30,Getafe,Villarreal,0,0,D,SP1 (2).csv,0.6,0.6,0.0,1
2023-09-30,Girona,Real Madrid,0,3,A,SP1 (2).csv,0.4,1.0,-0.6,2
2023-09-30,Sociedad,Ath Bilbao,3,0,H,SP1 (2).csv,0.8,0.8,0.0,0
2023-09-30,Vallecano,Mallorca,2,2,D,SP1 (2).csv,1.0,1.2,-0.19999999999999996,1
2023-09-30,Everton,Luton,1,2,A,E0_23_24.csv,1.2,1.4,-0.19999999999999996,2
2023-09-30,Bournemouth,Arsenal,0,4,A,E0_23_24.csv,1.2,2.2,-1.0000000000000002,2
2023-09-30,Tottenham,Liverpool,2,1,H,E0_23_24.csv,1.6,1.8,-0.19999999999999996,0
2023-09-30,Wolves,Man City,2,1,H,E0_23_24.csv,1.4,2.0,-0.6000000000000001,0
2023-09-30,West Ham,Sheffield United,2,0,H,E0_23_24.csv,1.4,1.6,-0.20000000000000018,0
2023-09-30,Newcastle,Burnley,2,0,H,E0_23_24.csv,1.6,1.2,0.40000000000000013,0
2023-09-30,Aston Villa,Brighton,6,1,H,E0_23_24.csv,2.8,0.6,2.1999999999999997,0
2023-10-01,Nott'm Forest,Brentford,1,1,D,E0_23_24.csv,2.6,0.6,2.0,1
2023-10-01,Betis,Valencia,3,0,H,SP1 (2).csv,2.8,0.4,2.4,0
2023-10-01,Almeria,Granada,3,3,D,SP1 (2).csv,3.0,1.0,2.0,1
2023-10-01,Ath Madrid,Cadiz,3,2,H,SP1 (2).csv,3.2,1.4,1.8000000000000003,0
2023-10-01,Alaves,Osasuna,0,2,A,SP1 (2).csv,2.0,1.6,0.3999999999999999,2
2023-10-02,Fulham,Chelsea,0,2,A,E0_23_24.csv,1.8,1.8,0.0,2
2023-10-02,Las Palmas,Celta,2,1,H,SP1 (2).csv,1.6,2.0,-0.3999999999999999,0
2023-10-03,Luton,Burnley,1,2,A,E0_23_24.csv,1.2,1.8,-0.6000000000000001,2
2023-10-06,Ath Bilbao,Almeria,3,0,H,SP1 (2).csv,1.2,1.4,-0.19999999999999996,0
2023-10-07,Burnley,Chelsea,1,4,A,E0_23_24.csv,1.4,1.8,-0.40000000000000013,2
2023-10-07,Everton,Bournemouth,3,0,H,E0_23_24.csv,2.0,1.4,0.6000000000000001,0
2023-10-07,Luton,Tottenham,0,1,A,E0_23_24.csv,1.6,1.4,0.20000000000000018,2
2023-10-07,Fulham,Sheffield United,3,1,H,E0_23_24.csv,2.0,1.2,0.8,0
2023-10-07,Mallorca,Valencia,1,1,D,SP1 (2).csv,1.6,1.4,0.20000000000000018,1
2023-10-07,Real Madrid,Osasuna,4,0,H,SP1 (2).csv,2.2,0.6,1.6,0
2023-10-07,Man United,Brentford,2,1,H,E0_23_24.csv,2.0,0.8,1.2,0
2023-10-07,Crystal Palace,Nott'm Forest,0,0,D,E0_23_24.csv,2.0,0.6,1.4,1
2023-10-07,Cadiz,Girona,0,1,A,SP1 (2).csv,1.4,0.6,0.7999999999999999,2
2023-10-07,Sevilla,Vallecano,2,2,D,SP1 (2).csv,1.6,0.8,0.8,1
2023-10-08,Villarreal,Las Palmas,1,2,A,SP1 (2).csv,1.0,1.2,-0.19999999999999996,2
2023-10-08,Brighton,Liverpool,2,2,D,E0_23_24.csv,1.0,1.4,-0.3999999999999999,1
2023-10-08,West Ham,Newcastle,2,2,D,E0_23_24.csv,1.4,1.8,-0.40000000000000013,1
2023-10-08,Arsenal,Man City,1,0,H,E0_23_24.csv,1.6,1.6,0.0,0
2023-10-08,Wolves,Aston Villa,1,1,D,E0_23_24.csv,1.4,1.4,0.0,1
2023-10-08,Ath Madrid,Sociedad,2,1,H,SP1 (2).csv,1.6,1.2,0.40000000000000013,0
2023-10-08,Celta,Getafe,2,2,D,SP1 (2).csv,1.6,1.2,0.40000000000000013,1
2023-10-08,Granada,Barcelona,2,2,D,SP1 (2).csv,1.6,1.2,0.40000000000000013,1
2023-10-08,Alaves,Betis,1,1,D,SP1 (2).csv,1.6,1.4,0.20000000000000018,1
2023-10-20,Osasuna,Granada,2,0,H,SP1 (2).csv,1.8,1.2,0.6000000000000001,0
2023-10-21,Newcastle,Crystal Palace,4,0,H,E0_23_24.csv,2.2,1.0,1.2000000000000002,0
2023-10-21,Bournemouth,Wolves,1,2,A,E0_23_24.csv,2.0,1.0,1.0,2
2023-10-21,Brentford,Burnley,3,0,H,E0_23_24.csv,2.2,0.6,1.6,0
2023-10-21,Man City,Brighton,2,1,H,E0_23_24.csv,2.4,0.6,1.7999999999999998,0
2023-10-21,Nott'm Forest,Luton,2,2,D,E0_23_24.csv,2.4,1.0,1.4,1
2023-10-21,Liverpool,Everton,2,0,H,E0_23_24.csv,2.0,1.0,1.0,0
2023-10-21,Chelsea,Arsenal,2,2,D,E0_23_24.csv,2.2,1.0,1.2000000000000002,1
2023-10-21,Sociedad,Mallorca,1,0,H,SP1 (2).csv,1.8,1.0,0.8,0
2023-10-21,Getafe,Betis,1,1,D,SP1 (2).csv,1.6,1.0,0.6000000000000001,1
2023-10-21,Sheffield United,Man United,1,2,A,E0_23_24.csv,1.4,1.0,0.3999999999999999,2
2023-10-21,Celta,Ath Madrid,0,3,A,SP1 (2).csv,1.0,1.6,-0.6000000000000001,2
2023-10-21,Sevilla,Real Madrid,1,1,D,SP1 (2).csv,0.8,1.4,-0.5999999999999999,1
2023-10-22,Las Palmas,Vallecano,0,1,A,SP1 (2).csv,0.6,1.6,-1.0,2
2023-10-22,Villarreal,Alaves,1,1,D,SP1 (2).csv,0.6,1.6,-1.0,1
2023-10-22,Aston Villa,West Ham,4,1,H,E0_23_24.csv,1.2,1.4,-0.19999999999999996,0
2023-10-22,Girona,Almeria,5,2,H,SP1 (2).csv,2.2,1.2,1.0000000000000002,0
2023-10-22,Barcelona,Ath Bilbao,1,0,H,SP1 (2).csv,2.2,1.0,1.2000000000000002,0
2023-10-23,Valencia,Cadiz,2,0,H,SP1 (2).csv,2.6,0.8,1.8,0
2023-10-23,Tottenham,Fulham,2,0,H,E0_23_24.csv,2.8,0.6,2.1999999999999997,0
2023-10-27,Crystal Palace,Tottenham,1,2,A,E0_23_24.csv,2.2,0.8,1.4000000000000001,2
2023-10-27,Girona,Celta,1,0,H,SP1 (2).csv,1.4,0.4,0.9999999999999999,0
2023-10-28,Almeria,Las Palmas,1,2,A,SP1 (2).csv,1.4,0.8,0.5999999999999999,2
2023-10-28,Barcelona,Real Madrid,1,2,A,SP1 (2).csv,1.2,1.2,0.0,2
2023-10-28,Mallorca,Getafe,0,0,D,SP1 (2).csv,0.8,1.2,-0.3999999999999999,1
2023-10-28,Cadiz,Sevilla,2,2,D,SP1 (2).csv,1.0,1.2,-0.19999999999999996,1
2023-10-28,Arsenal,Sheffield United,5,0,H,E0_23_24.csv,1.8,1.2,0.6000000000000001,0
2023-10-28,Wolves,Newcastle,2,2,D,E0_23_24.csv,2.0,1.2,0.8,1
2023-10-28,Bournemouth,Burnley,2,1,H,E0_23_24.csv,2.2,1.0,1.2000000000000002,0
2023-10-28,Chelsea,Brentford,0,2,A,E0_23_24.csv,2.2,1.4,0.8000000000000003,2
2023-10-29,West Ham,Everton,0,1,A,E0_23_24.csv,1.8,1.2,0.6000000000000001,2
2023-10-29,Aston Villa,Luton,3,1,H,E0_23_24.csv,1.4,1.4,0.0,0
2023-10-29,Brighton,Fulham,1,1,D,E0_23_24.csv,1.2,1.2,0.0,1
2023-10-29,Liverpool,Nott'm Forest,3,0,H,E0_23_24.csv,1.4,1.0,0.3999999999999999,0
2023-10-29,Ath Madrid,Alaves,2,1,H,SP1 (2).csv,1.8,0.8,1.0,0
2023-10-29,Ath Bilbao,Valencia,2,2,D,SP1 (2).csv,2.2,1.0,1.2000000000000002,1
2023-10-29,Vallecano,Sociedad,2,2,D,SP1 (2).csv,2.0,1.2,0.8,1
2023-10-29,Betis,Osasuna,2,1,H,SP1 (2).csv,2.2,1.2,1.0000000000000002,0
2023-10-29,Man United,Man City,0,3,A,E0_23_24.csv,1.6,1.8,-0.19999999999999996,2
2023-10-30,Granada,Villarreal,2,3,A,SP1 (2).csv,1.6,2.2,-0.6000000000000001,2
2023-11-03,Las Palmas,Ath Madrid,2,1,H,SP1 (2).csv,1.6,2.0,-0.3999999999999999,0
2023-11-04,Newcastle,Arsenal,1,0,H,E0_23_24.csv,1.4,1.6,-0.20000000000000018,0
2023-11-04,Sheffield United,Wolves,2,1,H,E0_23_24.csv,1.4,1.6,-0.20000000000000018,0
2023-11-04,Man City,Bournemouth,6,1,H,E0_23_24.csv,2.6,1.2,1.4000000000000001,0
2023-11-04,Everton,Brighton,1,1,D,E0_23_24.csv,2.4,0.8,1.5999999999999999,1
2023-11-04,Brentford,West Ham,3,2,H,E0_23_24.csv,2.6,1.0,1.6,0
2023-11-04,Burnley,Crystal Palace,0,2,A,E0_23_24.csv,2.4,1.4,1.0,2
2023-11-04,Sociedad,Barcelona,0,1,A,SP1 (2).csv,2.0,1.4,0.6000000000000001,2
2023-11-04,Celta,Sevilla,1,1,D,SP1 (2).csv,1.0,1.4,-0.3999999999999999,1
2023-11-04,Osasuna,Girona,2,4,A,SP1 (2).csv,1.2,2.0,-0.8,2
2023-11-04,Betis,Mallorca,2,0,H,SP1 (2).csv,1.0,1.6,-0.6000000000000001,0
2023-11-04,Fulham,Man United,0,1,A,E0_23_24.csv,1.0,1.4,-0.3999999999999999,2
2023-11-05,Luton,Liverpool,1,1,D,E0_23_24.csv,1.2,1.4,-0.19999999999999996,1
2023-11-05,Nott'm Forest,Aston Villa,2,0,H,E0_23_24.csv,1.4,1.2,0.19999999999999996,0
2023-11-05,Alaves,Almeria,1,0,H,SP1 (2).csv,1.2,0.4,0.7999999999999999,0
2023-11-05,Valencia,Granada,1,0,H,SP1 (2).csv,1.0,0.4,0.6,0
2023-11-05,Villarreal,Ath Bilbao,2,3,A,SP1 (2).csv,1.4,0.8,0.5999999999999999,2
2023-11-05,Real Madrid,Vallecano,0,0,D,SP1 (2).csv,1.2,0.6,0.6,1
2023-11-06,Getafe,Cadiz,1,0,H,SP1 (2).csv,1.0,0.6,0.4,0
2023-11-06,Tottenham,Chelsea,1,4,A,E0_23_24.csv,1.0,1.4,-0.3999999999999999,2
2023-11-10,Ath Bilbao,Celta,4,3,H,SP1 (2).csv,1.6,2.0,-0.3999999999999999,0
2023-11-11,Osasuna,Las Palmas,1,1,D,SP1 (2).csv,1.4,1.6,-0.20000000000000018,1
2023-11-11,Vallecano,Girona,1,2,A,SP1 (2).csv,1.6,2.0,-0.3999999999999999,2
2023-11-11,Almeria,Sociedad,1,3,A,SP1 (2).csv,1.6,2.6,-1.0,2
2023-11-11,Bournemouth,Newcastle,2,0,H,E0_23_24.csv,1.8,1.8,0.0,0
2023-11-11,Man United,Luton,1,0,H,E0_23_24.csv,1.2,1.2,0.0,0
2023-11-11,Wolves,Tottenham,2,1,H,E0_23_24.csv,1.4,1.2,0.19999999999999996,0
2023-11-11,Arsenal,Burnley,3,1,H,E0_23_24.csv,1.8,1.0,0.8,0
2023-11-11,Granada,Getafe,1,1,D,SP1 (2).csv,1.8,0.6,1.2000000000000002,1
2023-11-11,Real Madrid,Valencia,5,1,H,SP1 (2).csv,2.4,0.8,1.5999999999999999,0
2023-11-11,Crystal Palace,Everton,2,3,A,E0_23_24.csv,2.6,1.4,1.2000000000000002,2
2023-11-12,West Ham,Nott'm Forest,3,2,H,E0_23_24.csv,2.8,1.6,1.1999999999999997,0
2023-11-12,Ath Madrid,Villarreal,3,1,H,SP1 (2).csv,2.8,1.6,1.1999999999999997,0
2023-11-12,Sevilla,Betis,1,1,D,SP1 (2).csv,2.8,1.6,1.1999999999999997,1
2023-11-12,Barcelona,Alaves,2,1,H,SP1 (2).csv,2.2,1.6,0.6000000000000001,0
2023-11-12,Brighton,Sheffield United,1,1,D,E0_23_24.csv,2.0,1.2,0.8,1
2023-11-12,Liverpool,Brentford,3,0,H,E0_23_24.csv,2.0,0.8,1.2,0
2023-11-12,Aston Villa,Fulham,3,1,H,E0_23_24.csv,2.0,0.8,1.2,0
2023-11-12,Chelsea,Man City,4,4,D,E0_23_24.csv,2.6,1.4,1.2000000000000002,1
2023-11-24,Alaves,Granada,3,1,H,SP1 (2).csv,2.8,1.4,1.4,0
2023-11-25,Luton,Crystal Palace,2,1,H,E0_23_24.csv,3.0,1.4,1.6,0
2023-11-25,Getafe,Almeria,2,1,H,SP1 (2).csv,2.8,1.6,1.1999999999999997,0
2023-11-25,Burnley,West Ham,1,2,A,E0_23_24.csv,2.4,1.8,0.5999999999999999,2
2023-11-25,Brentford,Arsenal,0,1,A,E0_23_24.csv,1.6,1.2,0.40000000000000013,2
2023-11-25,Nott'm Forest,Brighton,2,3,A,E0_23_24.csv,1.4,1.6,-0.20000000000000018,2
2023-11-25,Valencia,Celta,0,0,D,SP1 (2).csv,1.0,1.4,-0.3999999999999999,1
2023-11-25,Ath Madrid,Mallorca,1,0,H,SP1 (2).csv,0.8,1.2,-0.3999999999999999,0
2023-11-25,Sheffield United,Bournemouth,1,3,A,E0_23_24.csv,0.8,1.4,-0.5999999999999999,2
2023-11-25,Vallecano,Barcelona,1,1,D,SP1 (2).csv,1.0,1.4,-0.3999999999999999,1
2023-11-25,Man City,Liverpool,1,1,D,E0_23_24.csv,0.8,1.0,-0.19999999999999996,1
2023-11-25,Newcastle,Chelsea,4,1,H,E0_23_24.csv,1.6,1.2,0.40000000000000013,0
2023-11-26,Betis,Las Palmas,1,0,H,SP1 (2).csv,1.6,1.2,0.40000000000000013,0
2023-11-26,Sociedad,Sevilla,2,1,H,SP1 (2).csv,1.8,0.8,1.0,0
2023-11-26,Cadiz,Real Madrid,0,3,A,SP1 (2).csv,1.6,1.2,0.40000000000000013,2
2023-11-26,Tottenham,Aston Villa,1,2,A,E0_23_24.csv,1.6,1.4,0.20000000000000018,2
2023-11-26,Everton,Man United,0,3,A,E0_23_24.csv,0.8,1.8,-1.0,2
2023-11-26,Villarreal,Osasuna,3,1,H,SP1 (2).csv,1.2,2.0,-0.8,0
2023-11-27,Fulham,Wolves,3,2,H,E0_23_24.csv,1.4,2.2,-0.8000000000000003,0
2023-11-27,Girona,Ath Bilbao,1,1,D,SP1 (2).csv,1.6,1.8,-0.19999999999999996,1
2023-11-29,Mallorca,Cadiz,1,1,D,SP1 (2).csv,1.6,1.6,0.0,1
2023-12-01,Las Palmas,Getafe,2,0,H,SP1 (2).csv,2.0,1.0,1.0,0
2023-12-02,Osasuna,Sociedad,1,1,D,SP1 (2).csv,1.6,1.0,0.6000000000000001,1
2023-12-02,Real Madrid,Granada,2,0,H,SP1 (2).csv,1.4,0.6,0.7999999999999999,0
2023-12-02,Ath Bilbao,Vallecano,4,0,H,SP1 (2).csv,2.0,0.4,1.6,0
2023-12-02,Burnley,Sheffield United,5,0,H,E0_23_24.csv,2.8,0.2,2.5999999999999996,0
2023-12-02,Girona,Valencia,2,1,H,SP1 (2).csv,2.8,0.4,2.4,0
2023-12-02,Brentford,Luton,3,1,H,E0_23_24.csv,3.2,0.4,2.8000000000000003,0
2023-12-02,Arsenal,Wolves,2,1,H,E0_23_24.csv,3.2,0.6,2.6,0
2023-12-02,Newcastle,Man United,1,0,H,E0_23_24.csv,2.6,0.6,2.0,0
2023-12-02,Nott'm Forest,Everton,0,1,A,E0_23_24.csv,1.6,0.8,0.8,2
2023-12-03,Man City,Tottenham,3,3,D,E0_23_24.csv,1.8,1.2,0.6000000000000001,1
2023-12-03,Liverpool,Fulham,4,3,H,E0_23_24.csv,2.0,1.6,0.3999999999999999,0
2023-12-03,Chelsea,Brighton,3,2,H,E0_23_24.csv,2.2,1.8,0.40000000000000013,0
2023-12-03,Bournemouth,Aston Villa,2,2,D,E0_23_24.csv,2.4,2.2,0.19999999999999973,1
2023-12-03,West Ham,Crystal Palace,1,1,D,E0_23_24.csv,2.6,2.2,0.3999999999999999,1
2023-12-03,Sevilla,Villarreal,1,1,D,SP1 (2).csv,2.2,1.8,0.40000000000000013,1
2023-12-03,Almeria,Betis,0,0,D,SP1 (2).csv,1.4,1.2,0.19999999999999996,1
2023-12-03,Mallorca,Alaves,0,0,D,SP1 (2).csv,0.8,0.8,0.0,1
2023-12-03,Barcelona,Ath Madrid,1,0,H,SP1 (2).csv,0.6,0.4,0.19999999999999996,0
2023-12-04,Celta,Cadiz,1,1,D,SP1 (2).csv,0.6,0.4,0.19999999999999996,1
2023-12-05,Luton,Arsenal,3,4,A,E0_23_24.csv,1.0,1.0,0.0,2
2023-12-05,Wolves,Burnley,1,0,H,E0_23_24.csv,1.2,1.0,0.19999999999999996,0
2023-12-06,Brighton,Brentford,2,1,H,E0_23_24.csv,1.6,1.2,0.40000000000000013,0
2023-12-06,Crystal Palace,Bournemouth,0,2,A,E0_23_24.csv,1.4,1.6,-0.20000000000000018,2
2023-12-06,Fulham,Nott'm Forest,5,0,H,E0_23_24.csv,2.2,1.4,0.8000000000000003,0
2023-12-06,Sheffield United,Liverpool,0,2,A,E0_23_24.csv,1.6,1.0,0.6000000000000001,2
2023-12-06,Aston Villa,Man City,1,0,H,E0_23_24.csv,1.6,1.0,0.6000000000000001,0
2023-12-06,Man United,Chelsea,2,1,H,E0_23_24.csv,1.6,1.0,0.6000000000000001,0
2023-12-07,Everton,Newcastle,3,0,H,E0_23_24.csv,2.2,0.6,1.6,0
2023-12-07,Tottenham,West Ham,1,2,A,E0_23_24.csv,1.4,1.0,0.3999999999999999,2
2023-12-08,Getafe,Valencia,1,0,H,SP1 (2).csv,1.6,0.6,1.0,0
2023-12-09,Crystal Palace,Liverpool,1,2,A,E0_23_24.csv,1.6,1.0,0.6000000000000001,2
2023-12-09,Brighton,Burnley,1,1,D,E0_23_24.csv,1.4,1.0,0.3999999999999999,1
2023-12-09,Aston Villa,Arsenal,1,0,H,E0_23_24.csv,1.0,1.0,0.0,0
2023-12-09,Sheffield United,Brentford,1,0,H,E0_23_24.csv,1.0,0.6,0.4,0
2023-12-09,Wolves,Nott'm Forest,1,1,D,E0_23_24.csv,1.0,0.8,0.19999999999999996,1
2023-12-09,Alaves,Las Palmas,0,1,A,SP1 (2).csv,0.8,0.6,0.20000000000000007,2
2023-12-09,Betis,Real Madrid,1,1,D,SP1 (2).csv,0.8,0.6,0.20000000000000007,1
2023-12-09,Villarreal,Sociedad,0,3,A,SP1 (2).csv,0.6,1.2,-0.6,2
2023-12-09,Mallorca,Sevilla,1,0,H,SP1 (2).csv,0.6,1.2,-0.6,0
2023-12-09,Man United,Bournemouth,0,3,A,E0_23_24.csv,0.4,1.6,-1.2000000000000002,2
2023-12-10,Ath Madrid,Almeria,2,1,H,SP1 (2).csv,0.8,1.6,-0.8,0
2023-12-10,Cadiz,Osasuna,1,1,D,SP1 (2).csv,0.8,1.6,-0.8,1
2023-12-10,Barcelona,Girona,2,4,A,SP1 (2).csv,1.2,1.8,-0.6000000000000001,2
2023-12-10,Fulham,West Ham,5,0,H,E0_23_24.csv,2.0,1.8,0.19999999999999996,0
2023-12-10,Luton,Man City,1,2,A,E0_23_24.csv,2.2,1.6,0.6000000000000001,2
2023-12-10,Everton,Chelsea,2,0,H,E0_23_24.csv,2.2,1.4,0.8000000000000003,0
2023-12-10,Tottenham,Newcastle,4,1,H,E0_23_24.csv,2.8,1.4,1.4,0
2023-12-11,Granada,Ath Bilbao,1,1,D,SP1 (2).csv,2.6,0.8,1.8,1
2023-12-11,Vallecano,Celta,0,0,D,SP1 (2).csv,1.6,0.8,0.8,1
2023-12-15,Osasuna,Vallecano,1,0,H,SP1 (2).csv,1.6,0.4,1.2000000000000002,0
2023-12-15,Nott'm Forest,Tottenham,0,2,A,E0_23_24.csv,1.2,0.8,0.3999999999999999,2
2023-12-16,Celta,Granada,1,0,H,SP1 (2).csv,0.6,0.6,0.0,0
2023-12-16,Ath Bilbao,Ath Madrid,2,0,H,SP1 (2).csv,0.8,0.4,0.4,0
2023-12-16,Valencia,Barcelona,1,1,D,SP1 (2).csv,1.0,0.6,0.4,1
2023-12-16,Sevilla,Getafe,0,3,A,SP1 (2).csv,0.8,1.2,-0.3999999999999999,2
2023-12-16,Newcastle,Fulham,3,0,H,E0_23_24.csv,1.4,0.8,0.5999999999999999,0
2023-12-16,Man City,Crystal Palace,2,2,D,E0_23_24.csv,1.6,1.2,0.40000000000000013,1
2023-12-16,Burnley,Everton,0,2,A,E0_23_24.csv,1.2,1.6,-0.40000000000000013,2
2023-12-16,Chelsea,Sheffield United,2,0,H,E0_23_24.csv,1.4,1.4,0.0,0
2023-12-17,Real Madrid,Villarreal,4,1,H,SP1 (2).csv,2.2,1.0,1.2000000000000002,0
2023-12-17,Las Palmas,Cadiz,1,1,D,SP1 (2).csv,1.8,1.2,0.6000000000000001,1
2023-12-17,Sociedad,Betis,0,0,D,SP1 (2).csv,1.4,0.8,0.5999999999999999,1
2023-12-17,Almeria,Mallorca,0,0,D,SP1 (2).csv,1.4,0.4,0.9999999999999999,1
2023-12-17,Brentford,Aston Villa,1,2,A,E0_23_24.csv,1.2,0.8,0.3999999999999999,2
2023-12-17,West Ham,Wolves,3,0,H,E0_23_24.csv,1.0,0.6,0.4,0
2023-12-17,Liverpool,Man United,0,0,D,E0_23_24.csv,0.8,0.4,0.4,1
2023-12-17,Arsenal,Brighton,2,0,H,E0_23_24.csv,1.2,0.4,0.7999999999999999,0
2023-12-18,Girona,Alaves,3,0,H,SP1 (2).csv,1.8,0.4,1.4,0
2023-12-19,Vallecano,Valencia,0,1,A,SP1 (2).csv,1.6,0.2,1.4000000000000001,2
2023-12-19,Ath Madrid,Getafe,3,3,D,SP1 (2).csv,1.6,0.8,0.8,1
2023-12-19,Granada,Sevilla,0,3,A,SP1 (2).csv,1.6,1.4,0.20000000000000018,2
2023-12-20,Ath Bilbao,Las Palmas,1,0,H,SP1 (2).csv,1.4,1.4,0.0,0
2023-12-20,Barcelona,Almeria,3,2,H,SP1 (2).csv,1.4,1.8,-0.40000000000000013,0
2023-12-20,Villarreal,Celta,3,2,H,SP1 (2).csv,2.0,2.0,0.0,0
2023-12-21,Betis,Girona,1,1,D,SP1 (2).csv,1.6,1.6,0.0,1
2023-12-21,Cadiz,Sociedad,0,0,D,SP1 (2).csv,1.6,1.0,0.6000000000000001,1
2023-12-21,Alaves,Real Madrid,0,1,A,SP1 (2).csv,1.4,1.2,0.19999999999999996,2
2023-12-21,Mallorca,Osasuna,3,2,H,SP1 (2).csv,1.4,1.2,0.19999999999999996,0
2023-12-21,Crystal Palace,Brighton,1,1,D,E0_23_24.csv,1.0,1.0,0.0,1
2023-12-22,Aston Villa,Sheffield United,1,1,D,E0_23_24.csv,1.0,1.0,0.0,1
2023-12-23,Fulham,Burnley,0,2,A,E0_23_24.csv,1.0,1.4,-0.3999999999999999,2
2023-12-23,Ath Madrid,Sevilla,1,0,H,SP1 (2).csv,1.2,1.2,0.0,0
2023-12-23,West Ham,Man United,2,0,H,E0_23_24.csv,1.0,0.8,0.19999999999999996,0
2023-12-23,Luton,Newcastle,1,0,H,E0_23_24.csv,1.0,0.6,0.4,0
2023-12-23,Nott'm Forest,Bournemouth,2,3,A,E0_23_24.csv,1.2,1.0,0.19999999999999996,2
2023-12-23,Liverpool,Arsenal,1,1,D,E0_23_24.csv,1.4,0.8,0.5999999999999999,1
2023-12-23,Tottenham,Everton,2,1,H,E0_23_24.csv,1.6,1.0,0.6000000000000001,0
2023-12-24,Wolves,Chelsea,2,1,H,E0_23_24.csv,1.6,1.2,0.40000000000000013,0
2023-12-26,Newcastle,Nott'm Forest,1,3,A,E0_23_24.csv,1.6,1.8,-0.19999999999999996,2
2023-12-26,Bournemouth,Fulham,3,0,H,E0_23_24.csv,1.8,1.2,0.6000000000000001,0
2023-12-26,Sheffield United,Luton,2,3,A,E0_23_24.csv,2.0,1.6,0.3999999999999999,2
2023-12-26,Man United,Aston Villa,3,2,H,E0_23_24.csv,2.2,1.8,0.40000000000000013,0
2023-12-26,Burnley,Liverpool,0,2,A,E0_23_24.csv,1.8,2.0,-0.19999999999999996,2
2023-12-27,Brentford,Wolves,1,4,A,E0_23_24.csv,1.8,2.2,-0.40000000000000013,2
2023-12-27,Everton,Man City,1,3,A,E0_23_24.csv,1.4,2.8,-1.4,2
2023-12-27,Chelsea,Crystal Palace,2,1,H,E0_23_24.csv,1.4,2.4,-1.0,0
2023-12-28,Brighton,Tottenham,4,2,H,E0_23_24.csv,1.6,2.4,-0.7999999999999998,0
2023-12-28,Arsenal,West Ham,0,2,A,E0_23_24.csv,1.6,2.4,-0.7999999999999998,2
2023-12-30,Nott'm Forest,Man United,2,1,H,E0_23_24.csv,1.8,1.8,0.0,0
2023-12-30,Luton,Chelsea,2,3,A,E0_23_24.csv,2.0,1.8,0.19999999999999996,2
2023-12-30,Aston Villa,Burnley,3,2,H,E0_23_24.csv,2.2,2.0,0.20000000000000018,0
2023-12-30,Crystal Palace,Brentford,3,1,H,E0_23_24.csv,2.0,1.8,0.19999999999999996,0
2023-12-30,Man City,Sheffield United,2,0,H,E0_23_24.csv,2.4,1.4,1.0,0
2023-12-30,Wolves,Everton,3,0,H,E0_23_24.csv,2.6,1.2,1.4000000000000001,0
2023-12-31,Tottenham,Bournemouth,3,1,H,E0_23_24.csv,2.8,0.8,1.9999999999999998,0
2023-12-31,Fulham,Arsenal,2,1,H,E0_23_24.csv,2.6,0.6,2.0,0
2024-01-01,Liverpool,Newcastle,4,2,H,E0_23_24.csv,2.8,0.8,1.9999999999999998,0
2024-01-02,Valencia,Villarreal,3,1,H,SP1 (2).csv,3.0,1.0,2.0,0
2024-01-02,Sociedad,Alaves,1,1,D,SP1 (2).csv,2.6,1.2,1.4000000000000001,1
2024-01-02,West Ham,Brighton,0,0,D,E0_23_24.csv,2.0,1.0,1.0,1
2024-01-02,Getafe,Vallecano,0,2,A,SP1 (2).csv,1.6,1.2,0.40000000000000013,2
2024-01-03,Granada,Cadiz,2,0,H,SP1 (2).csv,1.2,0.8,0.3999999999999999,0
2024-01-03,Celta,Betis,2,1,H,SP1 (2).csv,1.0,0.8,0.19999999999999996,0
2024-01-03,Real Madrid,Mallorca,1,0,H,SP1 (2).csv,1.0,0.6,0.4,0
2024-01-03,Girona,Ath Madrid,4,3,H,SP1 (2).csv,1.8,1.2,0.6000000000000001,0
2024-01-04,Osasuna,Almeria,1,0,H,SP1 (2).csv,2.0,0.8,1.2,0
2024-01-04,Las Palmas,Barcelona,1,2,A,SP1 (2).csv,1.8,1.2,0.6000000000000001,2
2024-01-04,Sevilla,Ath Bilbao,0,2,A,SP1 (2).csv,1.4,1.4,0.0,2
2024-01-12,Sevilla,Alaves,2,3,A,SP1 (2).csv,1.6,2.0,-0.3999999999999999,2
2024-01-12,Burnley,Luton,1,1,D,E0_23_24.csv,1.0,1.6,-0.6000000000000001,1
2024-01-13,Betis,Granada,1,0,H,SP1 (2).csv,1.0,1.6,-0.6000000000000001,0
2024-01-13,Chelsea,Fulham,1,0,H,E0_23_24.csv,1.0,1.2,-0.19999999999999996,0
2024-01-13,Newcastle,Man City,2,3,A,E0_23_24.csv,1.4,1.4,0.0,2
2024-01-13,Ath Bilbao,Sociedad,2,1,H,SP1 (2).csv,1.4,1.0,0.3999999999999999,0
2024-01-13,Mallorca,Celta,1,1,D,SP1 (2).csv,1.4,1.0,0.3999999999999999,1
2024-01-13,Las Palmas,Villarreal,3,0,H,SP1 (2).csv,1.8,1.0,0.8,0
2024-01-14,Man United,Tottenham,2,2,D,E0_23_24.csv,2.0,1.4,0.6000000000000001,1
2024-01-14,Cadiz,Valencia,1,4,A,SP1 (2).csv,1.8,1.6,0.19999999999999996,2
2024-01-14,Everton,Aston Villa,0,0,D,E0_23_24.csv,1.4,1.4,0.0,1
2024-01-14,Almeria,Girona,0,0,D,SP1 (2).csv,1.2,1.2,0.0,1
2024-01-19,Alaves,Cadiz,1,0,H,SP1 (2).csv,0.8,1.2,-0.3999999999999999,0
2024-01-20,Celta,Sociedad,0,1,A,SP1 (2).csv,0.4,1.0,-0.6,2
2024-01-20,Vallecano,Las Palmas,0,2,A,SP1 (2).csv,0.2,0.6,-0.39999999999999997,2
2024-01-20,Villarreal,Mallorca,1,1,D,SP1 (2).csv,0.4,0.8,-0.4,1
2024-01-20,Valencia,Ath Bilbao,1,0,H,SP1 (2).csv,0.6,0.8,-0.20000000000000007,0
2024-01-20,Brentford,Nott'm Forest,3,2,H,E0_23_24.csv,1.0,1.2,-0.19999999999999996,0
2024-01-20,Arsenal,Crystal Palace,5,0,H,E0_23_24.csv,2.0,1.0,1.0,0
2024-01-21,Girona,Sevilla,5,1,H,SP1 (2).csv,3.0,0.8,2.2,0
2024-01-21,Real Madrid,Almeria,3,2,H,SP1 (2).csv,3.4,1.0,2.4,0
2024-01-21,Betis,Barcelona,2,4,A,SP1 (2).csv,3.6,1.8,1.8,2
2024-01-21,Osasuna,Getafe,3,2,H,SP1 (2).csv,3.6,1.8,1.8,0
2024-01-21,Bournemouth,Liverpool,0,4,A,E0_23_24.csv,2.6,2.6,0.0,2
2024-01-21,Sheffield United,West Ham,2,2,D,E0_23_24.csv,2.0,2.8,-0.7999999999999998,1
2024-01-22,Brighton,Wolves,0,0,D,E0_23_24.csv,1.4,2.4,-1.0,1
2024-01-22,Granada,Ath Madrid,0,1,A,SP1 (2).csv,1.0,1.8,-0.8,2
2024-01-26,Almeria,Alaves,0,3,A,SP1 (2).csv,0.4,2.0,-1.6,2
2024-01-27,Mallorca,Betis,0,1,A,SP1 (2).csv,0.4,1.4,-0.9999999999999999,2
2024-01-27,Sociedad,Vallecano,0,0,D,SP1 (2).csv,0.0,1.0,-1.0,1
2024-01-27,Las Palmas,Real Madrid,1,2,A,SP1 (2).csv,0.2,1.4,-1.2,2
2024-01-27,Barcelona,Villarreal,3,5,A,SP1 (2).csv,0.8,2.2,-1.4000000000000001,2
2024-01-28,Ath Madrid,Valencia,2,0,H,SP1 (2).csv,1.2,1.6,-0.40000000000000013,0
2024-01-28,Sevilla,Osasuna,1,1,D,SP1 (2).csv,1.4,1.6,-0.20000000000000018,1
2024-01-28,Celta,Girona,0,1,A,SP1 (2).csv,1.4,1.8,-0.40000000000000013,2
2024-01-28,Cadiz,Ath Bilbao,0,0,D,SP1 (2).csv,1.2,1.4,-0.19999999999999996,1
2024-01-29,Getafe,Granada,2,0,H,SP1 (2).csv,1.0,0.4,0.6,0
2024-01-30,Aston Villa,Newcastle,1,3,A,E0_23_24.csv,0.8,1.0,-0.19999999999999996,2
2024-01-30,Crystal Palace,Sheffield United,3,2,H,E0_23_24.csv,1.2,1.2,0.0,0
2024-01-30,Luton,Brighton,4,0,H,E0_23_24.csv,2.0,1.0,1.0,0
2024-01-30,Fulham,Everton,0,0,D,E0_23_24.csv,2.0,1.0,1.0,1
2024-01-30,Nott'm Forest,Arsenal,1,2,A,E0_23_24.csv,1.8,1.4,0.40000000000000013,2
2024-01-31,Tottenham,Brentford,3,2,H,E0_23_24.csv,2.2,1.2,1.0000000000000002,0
2024-01-31,Barcelona,Osasuna,1,0,H,SP1 (2).csv,1.8,0.8,1.0,0
2024-01-31,Man City,Burnley,3,1,H,E0_23_24.csv,1.6,1.0,0.6000000000000001,0
2024-01-31,Ath Madrid,Vallecano,2,1,H,SP1 (2).csv,2.0,1.2,0.8,0
2024-01-31,Liverpool,Chelsea,4,1,H,E0_23_24.csv,2.6,1.0,1.6,0
2024-02-01,Wolves,Man United,3,4,A,E0_23_24.csv,2.6,1.4,1.2000000000000002,2
2024-02-01,West Ham,Bournemouth,1,1,D,E0_23_24.csv,2.6,1.6,1.0,1
2024-02-01,Getafe,Real Madrid,0,2,A,SP1 (2).csv,2.0,1.8,0.19999999999999996,2
2024-02-02,Ath Bilbao,Mallorca,4,0,H,SP1 (2).csv,2.4,1.6,0.7999999999999998,0
2024-02-03,Burnley,Fulham,2,2,D,E0_23_24.csv,2.0,1.8,0.19999999999999996,1
2024-02-03,Valencia,Almeria,2,1,H,SP1 (2).csv,1.8,1.2,0.6000000000000001,0
2024-02-03,Sheffield United,Aston Villa,0,5,A,E0_23_24.csv,1.6,2.0,-0.3999999999999999,2
2024-02-03,Newcastle,Luton,4,4,D,E0_23_24.csv,2.4,2.4,0.0,1
2024-02-03,Brighton,Crystal Palace,4,1,H,E0_23_24.csv,2.4,2.6,-0.20000000000000018,0
2024-02-03,Girona,Sociedad,0,0,D,SP1 (2).csv,2.0,2.2,-0.20000000000000018,1
2024-02-03,Granada,Las Palmas,1,1,D,SP1 (2).csv,1.8,2.2,-0.40000000000000013,1
2024-02-03,Alaves,Barcelona,1,3,A,SP1 (2).csv,2.0,1.8,0.19999999999999996,2
2024-02-03,Everton,Tottenham,2,2,D,E0_23_24.csv,1.6,1.4,0.20000000000000018,1
2024-02-04,Villarreal,Cadiz,0,0,D,SP1 (2).csv,0.8,1.2,-0.3999999999999999,1
2024-02-04,Osasuna,Celta,0,3,A,SP1 (2).csv,0.8,1.8,-1.0,2
2024-02-04,Betis,Getafe,1,1,D,SP1 (2).csv,0.8,1.8,-1.0,1
2024-02-04,Real Madrid,Ath Madrid,1,1,D,SP1 (2).csv,0.8,1.4,-0.5999999999999999,1
2024-02-04,Arsenal,Liverpool,3,1,H,E0_23_24.csv,1.0,1.2,-0.19999999999999996,0
2024-02-04,Man United,West Ham,3,0,H,E0_23_24.csv,1.6,1.2,0.40000000000000013,0
2024-02-04,Chelsea,Wolves,2,4,A,E0_23_24.csv,2.0,1.4,0.6000000000000001,2
2024-02-04,Bournemouth,Nott'm Forest,1,1,D,E0_23_24.csv,2.0,1.4,0.6000000000000001,1
2024-02-05,Vallecano,Sevilla,1,2,A,SP1 (2).csv,2.0,1.6,0.3999999999999999,2
2024-02-05,Brentford,Man City,1,3,A,E0_23_24.csv,1.6,2.0,-0.3999999999999999,2
2024-02-09,Cadiz,Betis,0,2,A,SP1 (2).csv,1.0,2.4,-1.4,2
2024-02-10,Fulham,Bournemouth,3,1,H,E0_23_24.csv,1.2,1.8,-0.6000000000000001,0
2024-02-10,Liverpool,Burnley,3,1,H,E0_23_24.csv,1.6,1.8,-0.19999999999999996,0
2024-02-10,Sociedad,Osasuna,0,1,A,SP1 (2).csv,1.4,1.6,-0.20000000000000018,2
2024-02-10,Man City,Everton,2,0,H,E0_23_24.csv,1.6,1.0,0.6000000000000001,0
2024-02-10,Alaves,Villarreal,1,1,D,SP1 (2).csv,1.8,0.8,1.0,1
2024-02-10,Luton,Sheffield United,1,3,A,E0_23_24.csv,1.4,1.2,0.19999999999999996,2
2024-02-10,Nott'm Forest,Newcastle,2,3,A,E0_23_24.csv,1.2,1.6,-0.40000000000000013,2
2024-02-10,Tottenham,Brighton,2,1,H,E0_23_24.csv,1.6,1.6,0.0,0
2024-02-10,Las Palmas,Valencia,2,0,H,SP1 (2).csv,1.6,1.6,0.0,0
2024-02-10,Real Madrid,Girona,4,0,H,SP1 (2).csv,2.2,1.4,0.8000000000000003,0
2024-02-10,Wolves,Brentford,0,2,A,E0_23_24.csv,2.0,1.2,0.8,2
2024-02-11,Aston Villa,Man United,1,2,A,E0_23_24.csv,1.8,1.0,0.8,2
2024-02-11,Getafe,Celta,3,2,H,SP1 (2).csv,2.0,1.2,0.8,0
2024-02-11,Barcelona,Granada,3,3,D,SP1 (2).csv,2.2,1.8,0.40000000000000013,1
2024-02-11,Mallorca,Vallecano,2,1,H,SP1 (2).csv,1.8,2.0,-0.19999999999999996,0
2024-02-11,Sevilla,Ath Madrid,1,0,H,SP1 (2).csv,2.0,1.6,0.3999999999999999,0
2024-02-11,West Ham,Arsenal,0,6,A,E0_23_24.csv,1.8,2.4,-0.5999999999999999,2
2024-02-12,Crystal Palace,Chelsea,1,3,A,E0_23_24.csv,1.4,2.6,-1.2000000000000002,2
2024-02-12,Almeria,Ath Bilbao,0,0,D,SP1 (2).csv,0.8,2.0,-1.2,1
2024-02-16,Villarreal,Getafe,1,1,D,SP1 (2).csv,0.6,2.0,-1.4,1
2024-02-17,Ath Madrid,Las Palmas,5,0,H,SP1 (2).csv,1.4,2.0,-0.6000000000000001,0
2024-02-17,Osasuna,Cadiz,2,0,H,SP1 (2).csv,1.8,0.8,1.0,0
2024-02-17,Celta,Barcelona,1,2,A,SP1 (2).csv,1.8,0.6,1.2000000000000002,2
2024-02-17,Valencia,Sevilla,0,0,D,SP1 (2).csv,1.8,0.6,1.2000000000000002,1
2024-02-17,Newcastle,Bournemouth,2,2,D,E0_23_24.csv,2.0,0.8,1.2,1
2024-02-17,Fulham,Aston Villa,1,2,A,E0_23_24.csv,1.2,1.2,0.0,2
2024-02-17,Man City,Chelsea,1,1,D,E0_23_24.csv,1.0,1.4,-0.3999999999999999,1
2024-02-17,Tottenham,Wolves,1,2,A,E0_23_24.csv,1.0,1.4,-0.3999999999999999,2
2024-02-17,Burnley,Arsenal,0,5,A,E0_23_24.csv,1.0,2.4,-1.4,2
2024-02-17,Nott'm Forest,West Ham,2,0,H,E0_23_24.csv,1.0,2.0,-1.0,0
2024-02-17,Brentford,Liverpool,1,4,A,E0_23_24.csv,1.0,2.4,-1.4,2
2024-02-18,Vallecano,Real Madrid,1,1,D,SP1 (2).csv,1.0,2.4,-1.4,1
2024-02-18,Luton,Man United,1,2,A,E0_23_24.csv,1.0,2.4,-1.4,2
2024-02-18,Sheffield United,Brighton,0,5,A,E0_23_24.csv,1.0,2.4,-1.4,2
2024-02-18,Mallorca,Sociedad,1,2,A,SP1 (2).csv,0.8,2.8,-1.9999999999999998,2
2024-02-18,Granada,Almeria,1,1,D,SP1 (2).csv,0.8,2.2,-1.4000000000000001,1
2024-02-18,Betis,Alaves,0,0,D,SP1 (2).csv,0.6,2.0,-1.4,1
2024-02-19,Everton,Crystal Palace,1,1,D,E0_23_24.csv,0.6,1.8,-1.2000000000000002,1
2024-02-19,Ath Bilbao,Girona,3,2,H,SP1 (2).csv,1.2,1.2,0.0,0
2024-02-20,Man City,Brentford,1,0,H,E0_23_24.csv,1.2,0.8,0.3999999999999999,0
2024-02-21,Liverpool,Luton,4,1,H,E0_23_24.csv,1.8,0.8,1.0,0
2024-02-23,Sociedad,Villarreal,1,3,A,SP1 (2).csv,2.0,1.4,0.6000000000000001,2
2024-02-24,Almeria,Ath Madrid,2,2,D,SP1 (2).csv,2.2,1.6,0.6000000000000001,1
2024-02-24,Alaves,Mallorca,1,1,D,SP1 (2).csv,1.8,1.4,0.40000000000000013,1
2024-02-24,Brighton,Everton,1,1,D,E0_23_24.csv,1.8,1.6,0.19999999999999996,1
2024-02-24,Barcelona,Getafe,4,0,H,SP1 (2).csv,1.8,1.4,0.40000000000000013,0
2024-02-24,Arsenal,Newcastle,4,1,H,E0_23_24.csv,2.4,1.0,1.4,0
2024-02-24,Bournemouth,Man City,0,1,A,E0_23_24.csv,2.0,0.8,1.2,2
2024-02-24,Man United,Fulham,1,2,A,E0_23_24.csv,2.0,1.0,1.0,2
2024-02-24,Crystal Palace,Burnley,3,0,H,E0_23_24.csv,2.4,0.8,1.5999999999999999,0
2024-02-24,Aston Villa,Nott'm Forest,4,2,H,E0_23_24.csv,2.4,1.2,1.2,0
2024-02-25,Betis,Ath Bilbao,3,1,H,SP1 (2).csv,2.2,1.2,1.0000000000000002,0
2024-02-25,Real Madrid,Sevilla,1,0,H,SP1 (2).csv,2.4,1.0,1.4,0
2024-02-25,Wolves,Sheffield United,1,0,H,E0_23_24.csv,2.4,0.6,1.7999999999999998,0
2024-02-25,Cadiz,Celta,2,2,D,SP1 (2).csv,2.2,1.0,1.2000000000000002,1
2024-02-25,Las Palmas,Osasuna,1,1,D,SP1 (2).csv,1.6,0.8,0.8,1
2024-02-26,Girona,Vallecano,3,0,H,SP1 (2).csv,1.6,0.6,1.0,0
2024-02-26,West Ham,Brentford,4,2,H,E0_23_24.csv,2.2,1.0,1.2000000000000002,0
2024-03-01,Celta,Almeria,1,0,H,SP1 (2).csv,2.2,1.0,1.2000000000000002,0
2024-03-02,Nott'm Forest,Liverpool,0,1,A,E0_23_24.csv,1.8,0.8,1.0,2
2024-03-02,Tottenham,Crystal Palace,3,1,H,E0_23_24.csv,2.2,0.8,1.4000000000000001,0
2024-03-02,Newcastle,Wolves,3,0,H,E0_23_24.csv,2.2,0.8,1.4000000000000001,0
2024-03-02,Luton,Aston Villa,2,3,A,E0_23_24.csv,1.8,1.0,0.8,2
2024-03-02,Fulham,Brighton,3,0,H,E0_23_24.csv,2.2,1.0,1.2000000000000002,0
2024-03-02,Valencia,Real Madrid,2,2,D,SP1 (2).csv,2.6,1.2,1.4000000000000001,1
2024-03-02,Brentford,Chelsea,2,2,D,E0_23_24.csv,2.4,1.4,1.0,1
2024-03-02,Sevilla,Sociedad,3,2,H,SP1 (2).csv,2.4,1.8,0.5999999999999999,0
2024-03-02,Vallecano,Cadiz,1,1,D,SP1 (2).csv,2.2,1.4,0.8000000000000003,1
2024-03-02,Getafe,Las Palmas,3,3,D,SP1 (2).csv,2.2,2.0,0.20000000000000018,1
2024-03-02,Everton,West Ham,1,3,A,E0_23_24.csv,2.0,2.2,-0.20000000000000018,2
2024-03-03,Mallorca,Girona,1,0,H,SP1 (2).csv,1.8,1.8,0.0,0
2024-03-03,Burnley,Bournemouth,0,2,A,E0_23_24.csv,1.2,1.8,-0.6000000000000001,2
2024-03-03,Man City,Man United,3,1,H,E0_23_24.csv,1.6,1.8,-0.19999999999999996,0
2024-03-03,Ath Madrid,Betis,2,1,H,SP1 (2).csv,1.4,1.4,0.0,0
2024-03-03,Ath Bilbao,Barcelona,0,0,D,SP1 (2).csv,1.2,0.8,0.3999999999999999,1
2024-03-03,Villarreal,Granada,5,1,H,SP1 (2).csv,2.0,1.0,1.0,0
2024-03-04,Osasuna,Alaves,1,0,H,SP1 (2).csv,2.2,0.6,1.6,0
2024-03-04,Sheffield United,Arsenal,0,6,A,E0_23_24.csv,1.6,1.6,0.0,2
2024-03-08,Barcelona,Mallorca,1,0,H,SP1 (2).csv,1.4,1.4,0.0,0
2024-03-09,Crystal Palace,Luton,1,1,D,E0_23_24.csv,1.6,1.6,0.0,1
2024-03-09,Arsenal,Brentford,2,1,H,E0_23_24.csv,1.0,1.6,-0.6000000000000001,0
2024-03-09,Wolves,Fulham,2,1,H,E0_23_24.csv,1.2,1.8,-0.6000000000000001,0
2024-03-09,Bournemouth,Sheffield United,2,2,D,E0_23_24.csv,1.6,1.0,0.6000000000000001,1
2024-03-09,Valencia,Getafe,1,0,H,SP1 (2).csv,1.6,1.0,0.6000000000000001,0
2024-03-09,Girona,Osasuna,2,0,H,SP1 (2).csv,1.8,0.8,1.0,0
2024-03-09,Granada,Sociedad,2,3,A,SP1 (2).csv,1.8,1.2,0.6000000000000001,2
2024-03-09,Man United,Everton,2,0,H,E0_23_24.csv,1.8,1.0,0.8,0
2024-03-09,Cadiz,Ath Madrid,2,0,H,SP1 (2).csv,1.8,0.6,1.2000000000000002,0
2024-03-10,Aston Villa,Tottenham,0,4,A,E0_23_24.csv,1.6,1.4,0.20000000000000018,2
2024-03-10,West Ham,Burnley,2,2,D,E0_23_24.csv,1.6,1.8,-0.19999999999999996,1
2024-03-10,Liverpool,Man City,1,1,D,E0_23_24.csv,1.4,1.4,0.0,1
2024-03-10,Brighton,Nott'm Forest,1,0,H,E0_23_24.csv,1.2,1.4,-0.19999999999999996,0
2024-03-10,Las Palmas,Ath Bilbao,0,2,A,SP1 (2).csv,0.8,1.8,-1.0,2
2024-03-10,Real Madrid,Celta,4,0,H,SP1 (2).csv,1.6,1.0,0.6000000000000001,0
2024-03-10,Betis,Villarreal,2,3,A,SP1 (2).csv,1.6,1.2,0.40000000000000013,2
2024-03-10,Alaves,Vallecano,1,0,H,SP1 (2).csv,1.6,1.0,0.6000000000000001,0
2024-03-11,Chelsea,Newcastle,3,2,H,E0_23_24.csv,2.0,1.4,0.6000000000000001,0
2024-03-11,Almeria,Sevilla,2,2,D,SP1 (2).csv,2.4,1.4,1.0,1
2024-03-13,Bournemouth,Luton,4,3,H,E0_23_24.csv,2.4,2.0,0.3999999999999999,0
2024-03-15,Sociedad,Cadiz,2,0,H,SP1 (2).csv,2.4,1.4,1.0,0
2024-03-16,Osasuna,Real Madrid,2,4,A,SP1 (2).csv,2.6,2.2,0.3999999999999999,2
2024-03-16,Fulham,Tottenham,3,0,H,E0_23_24.csv,2.6,1.8,0.8,0
2024-03-16,Mallorca,Granada,1,0,H,SP1 (2).csv,2.4,1.4,1.0,0
2024-03-16,Ath Bilbao,Alaves,2,0,H,SP1 (2).csv,2.0,0.8,1.2,0
2024-03-16,Luton,Nott'm Forest,1,1,D,E0_23_24.csv,1.8,1.0,0.8,1
2024-03-16,Burnley,Brentford,2,1,H,E0_23_24.csv,1.8,0.4,1.4,0
2024-03-16,Getafe,Girona,1,0,H,SP1 (2).csv,1.4,0.4,0.9999999999999999,0
2024-03-17,West Ham,Aston Villa,1,1,D,E0_23_24.csv,1.4,0.6,0.7999999999999999,1
2024-03-17,Sevilla,Celta,1,2,A,SP1 (2).csv,1.2,1.0,0.19999999999999996,2
2024-03-17,Las Palmas,Almeria,0,1,A,SP1 (2).csv,1.0,1.0,0.0,2
2024-03-17,Villarreal,Valencia,1,0,H,SP1 (2).csv,0.8,0.8,0.0,0
2024-03-17,Vallecano,Betis,2,0,H,SP1 (2).csv,1.0,0.8,0.19999999999999996,0
2024-03-17,Ath Madrid,Barcelona,0,3,A,SP1 (2).csv,0.8,1.2,-0.3999999999999999,2
2024-03-29,Cadiz,Granada,1,0,H,SP1 (2).csv,0.8,0.8,0.0,0
2024-03-30,Brentford,Man United,1,1,D,E0_23_24.csv,1.0,0.8,0.19999999999999996,1
2024-03-30,Sheffield United,Fulham,3,3,D,E0_23_24.csv,1.4,1.4,0.0,1
2024-03-30,Nott'm Forest,Crystal Palace,1,1,D,E0_23_24.csv,1.2,1.6,-0.40000000000000013,1
2024-03-30,Chelsea,Burnley,2,2,D,E0_23_24.csv,1.6,1.4,0.20000000000000018,1
2024-03-30,Bournemouth,Everton,2,1,H,E0_23_24.csv,1.8,1.6,0.19999999999999996,0
2024-03-30,Aston Villa,Wolves,2,0,H,E0_23_24.csv,2.0,1.4,0.6000000000000001,0
2024-03-30,Barcelona,Las Palmas,1,0,H,SP1 (2).csv,1.6,0.8,0.8,0
2024-03-30,Valencia,Mallorca,0,0,D,SP1 (2).csv,1.4,0.6,0.7999999999999999,1
2024-03-30,Almeria,Osasuna,0,3,A,SP1 (2).csv,1.0,0.8,0.19999999999999996,2
2024-03-30,Getafe,Sevilla,0,1,A,SP1 (2).csv,0.6,0.8,-0.20000000000000007,2
2024-03-30,Newcastle,West Ham,4,3,H,E0_23_24.csv,1.0,1.4,-0.3999999999999999,0
2024-03-30,Tottenham,Luton,2,1,H,E0_23_24.csv,1.2,1.6,-0.40000000000000013,0
2024-03-31,Real Madrid,Ath Bilbao,2,0,H,SP1 (2).csv,1.6,1.6,0.0,0
2024-03-31,Alaves,Sociedad,0,1,A,SP1 (2).csv,1.6,1.2,0.40000000000000013,2
2024-03-31,Girona,Betis,3,2,H,SP1 (2).csv,2.2,1.4,0.8000000000000003,0
2024-03-31,Celta,Vallecano,0,0,D,SP1 (2).csv,1.4,0.8,0.5999999999999999,1
2024-03-31,Man City,Arsenal,0,0,D,E0_23_24.csv,1.0,0.6,0.4,1
2024-03-31,Liverpool,Brighton,2,1,H,E0_23_24.csv,1.0,0.8,0.19999999999999996,0
2024-04-01,Villarreal,Ath Madrid,1,2,A,SP1 (2).csv,1.2,1.0,0.19999999999999996,2
2024-04-02,Newcastle,Everton,1,1,D,E0_23_24.csv,0.8,0.8,0.0,1
2024-04-02,Burnley,Wolves,1,1,D,E0_23_24.csv,1.0,1.0,0.0,1
2024-04-02,Nott'm Forest,Fulham,3,1,H,E0_23_24.csv,1.6,1.2,0.40000000000000013,0
2024-04-02,Bournemouth,Crystal Palace,1,0,H,E0_23_24.csv,1.4,1.0,0.3999999999999999,0
2024-04-02,West Ham,Tottenham,1,1,D,E0_23_24.csv,1.4,0.8,0.5999999999999999,1
2024-04-03,Arsenal,Luton,2,0,H,E0_23_24.csv,1.6,0.6,1.0,0
2024-04-03,Brentford,Brighton,0,0,D,E0_23_24.csv,1.4,0.4,0.9999999999999999,1
2024-04-03,Man City,Aston Villa,4,1,H,E0_23_24.csv,1.6,0.4,1.2000000000000002,0
2024-04-04,Granada,Valencia,0,1,A,SP1 (2).csv,1.4,0.6,0.7999999999999999,2
2024-04-04,Liverpool,Sheffield United,3,1,H,E0_23_24.csv,1.8,0.6,1.2000000000000002,0
2024-04-04,Chelsea,Man United,4,3,H,E0_23_24.csv,2.2,1.2,1.0000000000000002,0
2024-04-06,Fulham,Newcastle,0,1,A,E0_23_24.csv,2.2,1.4,0.8000000000000003,2
2024-04-06,Luton,Bournemouth,2,1,H,E0_23_24.csv,1.8,1.4,0.40000000000000013,0
2024-04-06,Everton,Burnley,1,0,H,E0_23_24.csv,2.0,1.2,0.8,0
2024-04-06,Brighton,Arsenal,0,3,A,E0_23_24.csv,1.4,1.6,-0.20000000000000018,2
2024-04-06,Crystal Palace,Man City,2,4,A,E0_23_24.csv,1.0,1.8,-0.8,2
2024-04-06,Aston Villa,Brentford,3,3,D,E0_23_24.csv,1.6,2.2,-0.6000000000000001,1
2024-04-06,Wolves,West Ham,1,2,A,E0_23_24.csv,1.4,2.4,-1.0,2
2024-04-07,Sheffield United,Chelsea,2,2,D,E0_23_24.csv,1.6,2.8,-1.1999999999999997,1
2024-04-07,Tottenham,Nott'm Forest,3,1,H,E0_23_24.csv,2.2,2.4,-0.19999999999999973,0
2024-04-07,Man United,Liverpool,2,2,D,E0_23_24.csv,2.2,2.0,0.20000000000000018,1
2024-04-12,Betis,Celta,2,1,H,SP1 (2).csv,2.0,1.6,0.3999999999999999,0
2024-04-13,Cadiz,Barcelona,0,1,A,SP1 (2).csv,1.8,1.4,0.40000000000000013,2
2024-04-13,Mallorca,Real Madrid,0,1,A,SP1 (2).csv,1.4,1.2,0.19999999999999996,2
2024-04-13,Ath Madrid,Girona,3,1,H,SP1 (2).csv,1.4,1.2,0.19999999999999996,0
2024-04-13,Vallecano,Getafe,0,0,D,SP1 (2).csv,1.0,0.8,0.19999999999999996,1
2024-04-13,Bournemouth,Man United,2,2,D,E0_23_24.csv,1.0,1.0,0.0,1
2024-04-13,Nott'm Forest,Wolves,2,2,D,E0_23_24.csv,1.4,1.2,0.19999999999999996,1
2024-04-13,Man City,Luton,5,1,H,E0_23_24.csv,2.4,1.2,1.2,0
2024-04-13,Burnley,Brighton,1,1,D,E0_23_24.csv,2.0,1.2,0.8,1
2024-04-13,Brentford,Sheffield United,2,0,H,E0_23_24.csv,2.4,1.2,1.2,0
2024-04-13,Newcastle,Tottenham,4,0,H,E0_23_24.csv,2.8,0.8,1.9999999999999998,0
2024-04-14,Granada,Alaves,2,0,H,SP1 (2).csv,2.8,0.4,2.4,0
2024-04-14,Las Palmas,Sevilla,0,2,A,SP1 (2).csv,1.8,0.6,1.2000000000000002,2
2024-04-14,Arsenal,Aston Villa,0,2,A,E0_23_24.csv,1.6,0.8,0.8,2
2024-04-14,Ath Bilbao,Villarreal,1,1,D,SP1 (2).csv,1.4,1.0,0.3999999999999999,1
2024-04-14,Liverpool,Crystal Palace,0,1,A,E0_23_24.csv,0.6,1.2,-0.6,2
2024-04-14,Sociedad,Almeria,2,2,D,SP1 (2).csv,0.6,1.6,-1.0,1
2024-04-14,West Ham,Fulham,0,2,A,E0_23_24.csv,0.6,1.6,-1.0,2
2024-04-15,Chelsea,Everton,6,0,H,E0_23_24.csv,1.8,1.2,0.6000000000000001,0
2024-04-15,Osasuna,Valencia,0,1,A,SP1 (2).csv,1.6,1.2,0.40000000000000013,2
2024-04-19,Ath Bilbao,Granada,1,1,D,SP1 (2).csv,1.8,1.2,0.6000000000000001,1
2024-04-20,Vallecano,Osasuna,2,1,H,SP1 (2).csv,1.8,1.0,0.8,0
2024-04-20,Valencia,Betis,1,2,A,SP1 (2).csv,2.0,1.0,1.0,2
2024-04-20,Celta,Las Palmas,4,1,H,SP1 (2).csv,1.6,1.2,0.40000000000000013,0
2024-04-20,Luton,Brentford,1,5,A,E0_23_24.csv,1.8,2.0,-0.19999999999999996,2
2024-04-20,Wolves,Arsenal,0,2,A,E0_23_24.csv,1.6,2.2,-0.6000000000000001,2
2024-04-20,Sheffield United,Burnley,1,4,A,E0_23_24.csv,1.4,2.8,-1.4,2
2024-04-20,Girona,Cadiz,4,1,H,SP1 (2).csv,2.0,2.6,-0.6000000000000001,0
2024-04-21,Crystal Palace,West Ham,5,2,H,E0_23_24.csv,2.2,2.8,-0.5999999999999996,0
2024-04-21,Aston Villa,Bournemouth,3,1,H,E0_23_24.csv,2.6,2.0,0.6000000000000001,0
2024-04-21,Everton,Nott'm Forest,2,0,H,E0_23_24.csv,3.0,1.6,1.4,0
2024-04-21,Getafe,Sociedad,1,1,D,SP1 (2).csv,3.0,1.0,2.0,1
2024-04-21,Alaves,Ath Madrid,2,0,H,SP1 (2).csv,2.6,0.8,1.8,0
2024-04-21,Real Madrid,Barcelona,3,2,H,SP1 (2).csv,2.2,0.8,1.4000000000000001,0
2024-04-21,Fulham,Liverpool,1,3,A,E0_23_24.csv,1.8,1.2,0.6000000000000001,2
2024-04-21,Almeria,Villarreal,1,2,A,SP1 (2).csv,1.6,1.6,0.0,2
2024-04-22,Sevilla,Mallorca,2,1,H,SP1 (2).csv,1.8,1.6,0.19999999999999996,0
2024-04-23,Arsenal,Chelsea,5,0,H,E0_23_24.csv,2.4,1.6,0.7999999999999998,0
2024-04-24,Man United,Sheffield United,4,2,H,E0_23_24.csv,2.6,1.6,1.0,0
2024-04-24,Wolves,Bournemouth,0,1,A,E0_23_24.csv,2.4,1.2,1.2,2
2024-04-24,Everton,Liverpool,2,0,H,E0_23_24.csv,2.6,0.8,1.8,0
2024-04-24,Crystal Palace,Newcastle,2,0,H,E0_23_24.csv,2.6,0.6,2.0,0
2024-04-25,Brighton,Man City,0,4,A,E0_23_24.csv,1.6,1.4,0.20000000000000018,2
2024-04-26,Sociedad,Real Madrid,0,1,A,SP1 (2).csv,0.8,1.2,-0.3999999999999999,2
2024-04-27,Almeria,Getafe,1,3,A,SP1 (2).csv,1.0,1.6,-0.6000000000000001,2
2024-04-27,Newcastle,Sheffield United,5,1,H,E0_23_24.csv,1.6,1.8,-0.19999999999999996,0
2024-04-27,Ath Madrid,Ath Bilbao,3,1,H,SP1 (2).csv,1.8,2.0,-0.19999999999999996,0
2024-04-27,Alaves,Celta,3,0,H,SP1 (2).csv,2.4,1.2,1.2,0
2024-04-27,Las Palmas,Girona,0,2,A,SP1 (2).csv,2.4,1.4,1.0,2
2024-04-27,Fulham,Crystal Palace,1,1,D,E0_23_24.csv,2.4,1.0,1.4,1
2024-04-27,Everton,Brentford,1,0,H,E0_23_24.csv,1.6,0.8,0.8,0
2024-04-27,West Ham,Liverpool,2,2,D,E0_23_24.csv,1.4,1.0,0.3999999999999999,1
2024-04-27,Wolves,Luton,2,1,H,E0_23_24.csv,1.2,1.2,0.0,0
2024-04-27,Aston Villa,Chelsea,2,2,D,E0_23_24.csv,1.6,1.2,0.40000000000000013,1
2024-04-27,Man United,Burnley,1,1,D,E0_23_24.csv,1.6,1.2,0.40000000000000013,1
2024-04-28,Cadiz,Mallorca,1,1,D,SP1 (2).csv,1.6,1.4,0.20000000000000018,1
2024-04-28,Bournemouth,Brighton,3,0,H,E0_23_24.csv,1.8,1.0,0.8,0
2024-04-28,Nott'm Forest,Man City,0,2,A,E0_23_24.csv,1.4,1.2,0.19999999999999996,2
2024-04-28,Tottenham,Arsenal,2,3,A,E0_23_24.csv,1.4,1.4,0.0,2
2024-04-28,Villarreal,Vallecano,3,0,H,SP1 (2).csv,1.8,1.2,0.6000000000000001,0
2024-04-28,Granada,Osasuna,3,0,H,SP1 (2).csv,2.2,1.0,1.2000000000000002,0
2024-04-28,Betis,Sevilla,1,1,D,SP1 (2).csv,1.8,1.2,0.6000000000000001,1
2024-04-29,Barcelona,Valencia,4,2,H,SP1 (2).csv,2.6,1.2,1.4000000000000001,0
2024-05-02,Chelsea,Tottenham,2,0,H,E0_23_24.csv,2.6,0.6,2.0,0
2024-05-03,Luton,Everton,1,1,D,E0_23_24.csv,2.2,0.8,1.4000000000000001,1
2024-05-03,Getafe,Ath Bilbao,0,2,A,SP1 (2).csv,1.6,1.2,0.40000000000000013,2
2024-05-04,Real Madrid,Cadiz,3,0,H,SP1 (2).csv,2.0,1.0,1.0,0
2024-05-04,Girona,Barcelona,4,2,H,SP1 (2).csv,2.0,1.0,1.0,0
2024-05-04,Mallorca,Ath Madrid,0,1,A,SP1 (2).csv,1.6,1.2,0.40000000000000013,2
2024-05-04,Burnley,Newcastle,1,4,A,E0_23_24.csv,1.6,1.8,-0.19999999999999996,2
2024-05-04,Sheffield United,Nott'm Forest,1,3,A,E0_23_24.csv,1.8,2.0,-0.19999999999999996,2
2024-05-04,Man City,Wolves,5,1,H,E0_23_24.csv,2.2,2.2,0.0,0
2024-05-04,Sociedad,Las Palmas,2,0,H,SP1 (2).csv,1.8,1.8,0.0,0
2024-05-04,Brentford,Fulham,0,0,D,E0_23_24.csv,1.8,1.6,0.19999999999999996,1
2024-05-04,Arsenal,Bournemouth,3,0,H,E0_23_24.csv,2.2,0.8,1.4000000000000001,0
2024-05-05,Valencia,Alaves,0,1,A,SP1 (2).csv,2.0,0.4,1.6,2
2024-05-05,Vallecano,Almeria,0,1,A,SP1 (2).csv,1.0,0.4,0.6,2
2024-05-05,Osasuna,Betis,0,2,A,SP1 (2).csv,0.6,0.8,-0.20000000000000007,2
2024-05-05,Sevilla,Granada,3,0,H,SP1 (2).csv,1.2,0.8,0.3999999999999999,0
2024-05-05,Chelsea,West Ham,5,0,H,E0_23_24.csv,1.6,0.8,0.8,0
2024-05-05,Liverpool,Tottenham,4,2,H,E0_23_24.csv,2.4,1.0,1.4,0
2024-05-05,Celta,Villarreal,3,2,H,SP1 (2).csv,3.0,1.2,1.8,0
2024-05-05,Brighton,Aston Villa,1,0,H,E0_23_24.csv,3.2,0.8,2.4000000000000004,0
2024-05-06,Crystal Palace,Man United,4,0,H,E0_23_24.csv,3.4,0.8,2.5999999999999996,0
2024-05-10,Alaves,Girona,2,2,D,SP1 (2).csv,2.8,1.2,1.5999999999999999,1
2024-05-11,Wolves,Crystal Palace,1,3,A,E0_23_24.csv,2.2,1.4,0.8000000000000003,2
2024-05-11,Mallorca,Las Palmas,1,0,H,SP1 (2).csv,1.8,1.0,0.8,0
2024-05-11,Granada,Real Madrid,0,4,A,SP1 (2).csv,1.6,1.8,-0.19999999999999996,2
2024-05-11,Ath Bilbao,Osasuna,2,2,D,SP1 (2).csv,1.2,2.2,-1.0000000000000002,1
2024-05-11,Nott'm Forest,Chelsea,2,3,A,E0_23_24.csv,1.2,2.4,-1.2,2
2024-05-11,Villarreal,Sevilla,3,2,H,SP1 (2).csv,1.6,2.2,-0.6000000000000001,0
2024-05-11,Bournemouth,Brentford,1,2,A,E0_23_24.csv,1.6,2.6,-1.0,2
2024-05-11,Tottenham,Burnley,2,1,H,E0_23_24.csv,2.0,2.0,0.0,0
2024-05-11,Newcastle,Brighton,1,1,D,E0_23_24.csv,1.8,1.8,0.0,1
2024-05-11,Everton,Sheffield United,1,0,H,E0_23_24.csv,1.6,1.2,0.40000000000000013,0
2024-05-11,Fulham,Man City,0,4,A,E0_23_24.csv,1.0,1.6,-0.6000000000000001,2
2024-05-11,West Ham,Luton,3,1,H,E0_23_24.csv,1.4,1.4,0.0,0
2024-05-12,Ath Madrid,Celta,1,0,H,SP1 (2).csv,1.2,1.2,0.0,0
2024-05-12,Cadiz,Getafe,1,0,H,SP1 (2).csv,1.2,1.0,0.19999999999999996,0
2024-05-12,Betis,Almeria,3,2,H,SP1 (2).csv,1.6,1.4,0.20000000000000018,0
2024-05-12,Valencia,Vallecano,0,0,D,SP1 (2).csv,1.6,0.6,1.0,1
2024-05-12,Man United,Arsenal,0,1,A,E0_23_24.csv,1.0,0.6,0.4,2
2024-05-13,Aston Villa,Liverpool,3,3,D,E0_23_24.csv,1.4,1.2,0.19999999999999996,1
2024-05-13,Barcelona,Sociedad,2,0,H,SP1 (2).csv,1.6,1.2,0.40000000000000013,0
2024-05-14,Tottenham,Man City,0,2,A,E0_23_24.csv,1.0,1.2,-0.19999999999999996,2
2024-05-14,Osasuna,Mallorca,1,1,D,SP1 (2).csv,1.2,1.4,-0.19999999999999996,1
2024-05-14,Real Madrid,Alaves,5,0,H,SP1 (2).csv,2.2,1.2,1.0000000000000002,0
2024-05-14,Girona,Villarreal,0,1,A,SP1 (2).csv,1.6,0.8,0.8,2
2024-05-15,Brighton,Chelsea,1,2,A,E0_23_24.csv,1.4,1.2,0.19999999999999996,2
2024-05-15,Sevilla,Cadiz,0,1,A,SP1 (2).csv,1.4,1.0,0.3999999999999999,2
2024-05-15,Man United,Newcastle,3,2,H,E0_23_24.csv,1.8,1.2,0.6000000000000001,0
2024-05-15,Celta,Ath Bilbao,2,1,H,SP1 (2).csv,1.2,1.4,-0.19999999999999996,0
2024-05-15,Getafe,Ath Madrid,0,3,A,SP1 (2).csv,1.2,1.8,-0.6000000000000001,2
2024-05-15,Vallecano,Granada,2,1,H,SP1 (2).csv,1.4,1.6,-0.20000000000000018,0
2024-05-16,Sociedad,Valencia,1,0,H,SP1 (2).csv,1.6,1.4,0.20000000000000018,0
2024-05-16,Las Palmas,Betis,2,2,D,SP1 (2).csv,1.4,1.4,0.0,1
2024-05-16,Almeria,Barcelona,0,2,A,SP1 (2).csv,1.0,1.6,-0.6000000000000001,2
2024-05-18,Alaves,Getafe,1,0,H,SP1 (2).csv,1.2,1.0,0.19999999999999996,0
2024-05-19,Sheffield United,Tottenham,0,3,A,E0_23_24.csv,0.8,1.4,-0.5999999999999999,2
2024-05-19,Man City,West Ham,3,1,H,E0_23_24.csv,1.2,1.6,-0.40000000000000013,0
2024-05-19,Luton,Fulham,2,4,A,E0_23_24.csv,1.2,2.0,-0.8,2
2024-05-19,Liverpool,Wolves,2,0,H,E0_23_24.csv,1.6,1.6,0.0,0
2024-05-19,Crystal Palace,Aston Villa,5,0,H,E0_23_24.csv,2.4,1.6,0.7999999999999998,0
2024-05-19,Chelsea,Bournemouth,2,1,H,E0_23_24.csv,2.8,1.2,1.5999999999999999,0
2024-05-19,Burnley,Nott'm Forest,1,2,A,E0_23_24.csv,2.4,1.4,1.0,2
2024-05-19,Valencia,Girona,1,3,A,SP1 (2).csv,2.2,1.2,1.0000000000000002,2
2024-05-19,Villarreal,Real Madrid,4,4,D,SP1 (2).csv,2.6,2.0,0.6000000000000001,1
2024-05-19,Brighton,Man United,0,2,A,E0_23_24.csv,1.6,2.4,-0.7999999999999998,2
2024-05-19,Mallorca,Almeria,2,2,D,SP1 (2).csv,1.6,2.6,-1.0,1
2024-05-19,Granada,Celta,1,2,A,SP1 (2).csv,1.6,2.6,-1.0,2
2024-05-19,Cadiz,Las Palmas,0,0,D,SP1 (2).csv,1.4,2.0,-0.6000000000000001,1
2024-05-19,Betis,Sociedad,0,2,A,SP1 (2).csv,0.6,1.6,-1.0,2
2024-05-19,Barcelona,Vallecano,3,0,H,SP1 (2).csv,1.2,1.2,0.0,0
2024-05-19,Ath Madrid,Osasuna,1,4,A,SP1 (2).csv,1.0,1.6,-0.6000000000000001,2
2024-05-19,Ath Bilbao,Sevilla,2,0,H,SP1 (2).csv,1.2,1.2,0.0,0
2024-05-19,Brentford,Newcastle,2,4,A,E0_23_24.csv,1.6,2.0,-0.3999999999999999,2
2024-05-19,Arsenal,Everton,2,1,H,E0_23_24.csv,2.0,1.8,0.19999999999999996,0
2024-05-24,Girona,Granada,7,0,H,SP1 (2).csv,2.8,1.8,0.9999999999999998,0
2024-05-25,Vallecano,Ath Bilbao,0,1,A,SP1 (2).csv,2.6,1.2,1.4000000000000001,2
2024-05-25,Almeria,Cadiz,6,1,H,SP1 (2).csv,3.4,1.4,2.0,0
2024-05-25,Sociedad,Ath Madrid,0,2,A,SP1 (2).csv,3.0,1.0,2.0,2
2024-05-25,Real Madrid,Betis,0,0,D,SP1 (2).csv,2.6,0.8,1.8,1
2024-05-25,Osasuna,Villarreal,1,1,D,SP1 (2).csv,1.4,1.0,0.3999999999999999,1
2024-05-26,Getafe,Mallorca,1,2,A,SP1 (2).csv,1.6,1.2,0.40000000000000013,2
2024-05-26,Celta,Valencia,2,2,D,SP1 (2).csv,0.8,1.4,-0.5999999999999999,1
2024-05-26,Las Palmas,Alaves,1,1,D,SP1 (2).csv,1.0,1.2,-0.19999999999999996,1
2024-05-26,Sevilla,Barcelona,1,2,A,SP1 (2).csv,1.2,1.6,-0.40000000000000013,2
2024-08-15,Betis,Girona,1,1,D,SP1 (1).csv,1.2,1.6,-0.40000000000000013,1
2024-08-15,Ath Bilbao,Getafe,1,1,D,SP1 (1).csv,1.2,1.4,-0.19999999999999996,1
2024-08-16,Las Palmas,Sevilla,2,2,D,SP1 (1).csv,1.2,1.4,-0.19999999999999996,1
2024-08-16,Man United,Fulham,1,0,H,E0_24_25.csv,1.2,1.2,0.0,0
2024-08-16,Celta,Alaves,2,1,H,SP1 (1).csv,1.4,1.0,0.3999999999999999,0
2024-08-17,Everton,Brighton,0,3,A,E0_24_25.csv,1.2,1.4,-0.19999999999999996,2
2024-08-17,Newcastle,Southampton,1,0,H,E0_24_25.csv,1.2,1.2,0.0,0
2024-08-17,Valencia,Barcelona,1,2,A,SP1 (1).csv,1.0,1.2,-0.19999999999999996,2
2024-08-17,Osasuna,Leganes,1,1,D,SP1 (1).csv,1.0,1.4,-0.3999999999999999,1
2024-08-17,Ipswich,Liverpool,0,2,A,E0_24_25.csv,0.6,1.6,-1.0,2
2024-08-17,West Ham,Aston Villa,1,2,A,E0_24_25.csv,0.8,1.4,-0.5999999999999999,2
2024-08-17,Nott'm Forest,Bournemouth,1,1,D,E0_24_25.csv,0.8,1.6,-0.8,1
2024-08-17,Arsenal,Wolves,2,0,H,E0_24_25.csv,1.0,1.2,-0.19999999999999996,0
2024-08-18,Chelsea,Man City,0,2,A,E0_24_25.csv,0.8,1.4,-0.5999999999999999,2
2024-08-18,Brentford,Crystal Palace,2,1,H,E0_24_25.csv,1.2,1.2,0.0,0
2024-08-18,Sociedad,Vallecano,1,2,A,SP1 (1).csv,1.2,1.2,0.0,2
2024-08-18,Mallorca,Real Madrid,1,1,D,SP1 (1).csv,1.2,1.2,0.0,1
2024-08-19,Villarreal,Ath Madrid,2,2,D,SP1 (1).csv,1.2,1.6,-0.40000000000000013,1
2024-08-19,Leicester,Tottenham,1,1,D,E0_24_25.csv,1.4,1.4,0.0,1
2024-08-19,Valladolid,Espanol,1,0,H,SP1 (1).csv,1.2,1.2,0.0,0
2024-08-23,Celta,Valencia,3,1,H,SP1 (1).csv,1.6,1.0,0.6000000000000001,0
2024-08-23,Sevilla,Villarreal,1,2,A,SP1 (1).csv,1.6,1.2,0.40000000000000013,2
2024-08-24,Crystal Palace,West Ham,0,2,A,E0_24_25.csv,1.2,1.2,0.0,2
2024-08-24,Aston Villa,Arsenal,0,2,A,E0_24_25.csv,1.0,1.4,-0.3999999999999999,2
2024-08-24,Barcelona,Ath Bilbao,2,1,H,SP1 (1).csv,1.2,1.6,-0.40000000000000013,0
2024-08-24,Osasuna,Mallorca,1,0,H,SP1 (1).csv,0.8,1.4,-0.5999999999999999,0
2024-08-24,Espanol,Sociedad,0,1,A,SP1 (1).csv,0.6,1.2,-0.6,2
2024-08-24,Man City,Ipswich,4,1,H,E0_24_25.csv,1.4,1.0,0.3999999999999999,0
2024-08-24,Tottenham,Everton,4,0,H,E0_24_25.csv,2.2,0.6,1.6,0
2024-08-24,Fulham,Leicester,2,1,H,E0_24_25.csv,2.2,0.6,1.6,0
2024-08-24,Brighton,Man United,2,1,H,E0_24_25.csv,2.4,0.8,1.5999999999999999,0
2024-08-24,Getafe,Vallecano,0,0,D,SP1 (1).csv,2.4,0.6,1.7999999999999998,1
2024-08-24,Southampton,Nott'm Forest,0,1,A,E0_24_25.csv,1.6,0.6,1.0,2
2024-08-25,Leganes,Las Palmas,2,1,H,SP1 (1).csv,1.2,0.8,0.3999999999999999,0
2024-08-25,Wolves,Chelsea,2,6,A,E0_24_25.csv,1.2,1.8,-0.6000000000000001,2
2024-08-25,Real Madrid,Valladolid,3,0,H,SP1 (1).csv,1.4,1.6,-0.20000000000000018,0
2024-08-25,Alaves,Betis,0,0,D,SP1 (1).csv,1.4,1.6,-0.20000000000000018,1
2024-08-25,Bournemouth,Newcastle,1,1,D,E0_24_25.csv,1.6,1.6,0.0,1
2024-08-25,Ath Madrid,Girona,3,0,H,SP1 (1).csv,1.8,1.4,0.40000000000000013,0
2024-08-25,Liverpool,Brentford,2,0,H,E0_24_25.csv,1.8,0.2,1.6,0
2024-08-26,Villarreal,Celta,4,3,H,SP1 (1).csv,2.0,0.8,1.2,0
2024-08-27,Vallecano,Barcelona,1,2,A,SP1 (1).csv,2.2,1.2,1.0000000000000002,2
2024-08-27,Mallorca,Sevilla,0,0,D,SP1 (1).csv,2.0,1.0,1.0,1
2024-08-28,Ath Bilbao,Valencia,1,0,H,SP1 (1).csv,1.6,1.0,0.6000000000000001,0
2024-08-28,Valladolid,Leganes,0,0,D,SP1 (1).csv,1.2,1.0,0.19999999999999996,1
2024-08-28,Ath Madrid,Espanol,0,0,D,SP1 (1).csv,0.4,0.4,0.0,1
2024-08-28,Sociedad,Alaves,1,2,A,SP1 (1).csv,0.4,0.4,0.0,2
2024-08-29,Girona,Osasuna,4,0,H,SP1 (1).csv,1.2,0.4,0.7999999999999999,0
2024-08-29,Las Palmas,Real Madrid,1,1,D,SP1 (1).csv,1.2,0.6,0.6,1
2024-08-31,Leganes,Mallorca,0,1,A,SP1 (1).csv,1.2,0.8,0.3999999999999999,2
2024-08-31,Arsenal,Brighton,1,1,D,E0_24_25.csv,1.4,1.0,0.3999999999999999,1
2024-08-31,Valencia,Villarreal,1,1,D,SP1 (1).csv,1.4,0.8,0.5999999999999999,1
2024-08-31,Espanol,Vallecano,2,1,H,SP1 (1).csv,1.0,1.0,0.0,0
2024-08-31,Barcelona,Valladolid,7,0,H,SP1 (1).csv,2.2,0.8,1.4000000000000001,0
2024-08-31,Everton,Bournemouth,2,3,A,E0_24_25.csv,2.6,1.2,1.4000000000000001,2
2024-08-31,West Ham,Man City,1,3,A,E0_24_25.csv,2.6,1.6,1.0,2
2024-08-31,Leicester,Aston Villa,1,2,A,E0_24_25.csv,2.6,1.8,0.8,2
2024-08-31,Nott'm Forest,Wolves,1,1,D,E0_24_25.csv,2.4,1.8,0.5999999999999999,1
2024-08-31,Brentford,Southampton,3,1,H,E0_24_25.csv,1.6,2.0,-0.3999999999999999,0
2024-08-31,Ath Bilbao,Ath Madrid,0,1,A,SP1 (1).csv,1.2,1.6,-0.40000000000000013,2
2024-08-31,Ipswich,Fulham,1,1,D,E0_24_25.csv,1.2,1.2,0.0,1
2024-09-01,Chelsea,Crystal Palace,1,1,D,E0_24_25.csv,1.2,1.0,0.19999999999999996,1
2024-09-01,Alaves,Las Palmas,2,0,H,SP1 (1).csv,1.4,0.8,0.5999999999999999,0
2024-09-01,Man United,Liverpool,0,3,A,E0_24_25.csv,0.8,1.2,-0.3999999999999999,2
2024-09-01,Real Madrid,Betis,2,0,H,SP1 (1).csv,1.2,1.0,0.19999999999999996,0
2024-09-01,Newcastle,Tottenham,2,1,H,E0_24_25.csv,1.4,1.0,0.3999999999999999,0
2024-09-01,Sevilla,Girona,0,2,A,SP1 (1).csv,1.2,1.2,0.0,2
2024-09-01,Osasuna,Celta,3,2,H,SP1 (1).csv,1.4,1.6,-0.20000000000000018,0
2024-09-01,Getafe,Sociedad,0,0,D,SP1 (1).csv,1.4,1.0,0.3999999999999999,1
2024-09-13,Betis,Leganes,2,0,H,SP1 (1).csv,1.4,1.0,0.3999999999999999,0
2024-09-14,Aston Villa,Everton,3,2,H,E0_24_25.csv,1.6,1.2,0.40000000000000013,0
2024-09-14,Man City,Brentford,2,1,H,E0_24_25.csv,2.0,1.0,1.0,0
2024-09-14,Liverpool,Nott'm Forest,0,1,A,E0_24_25.csv,1.4,0.8,0.5999999999999999,2
2024-09-14,Southampton,Man United,0,3,A,E0_24_25.csv,1.4,1.4,0.0,2
2024-09-14,Brighton,Ipswich,0,0,D,E0_24_25.csv,1.0,1.4,-0.3999999999999999,1
2024-09-14,Bournemouth,Chelsea,0,1,A,E0_24_25.csv,0.4,1.2,-0.7999999999999999,2
2024-09-14,Mallorca,Villarreal,1,2,A,SP1 (1).csv,0.2,1.4,-1.2,2
2024-09-14,Espanol,Alaves,3,2,H,SP1 (1).csv,0.8,1.6,-0.8,0
2024-09-14,Sevilla,Getafe,1,0,H,SP1 (1).csv,1.0,1.0,0.0,0
2024-09-14,Fulham,West Ham,1,1,D,E0_24_25.csv,1.2,1.2,0.0,1
2024-09-14,Crystal Palace,Leicester,2,2,D,E0_24_25.csv,1.6,1.4,0.20000000000000018,1
2024-09-14,Sociedad,Real Madrid,0,2,A,SP1 (1).csv,1.4,1.4,0.0,2
2024-09-15,Ath Madrid,Valencia,3,0,H,SP1 (1).csv,1.4,1.0,0.3999999999999999,0
2024-09-15,Wolves,Newcastle,1,2,A,E0_24_25.csv,1.4,1.4,0.0,2
2024-09-15,Celta,Valladolid,3,1,H,SP1 (1).csv,1.8,1.4,0.40000000000000013,0
2024-09-15,Las Palmas,Ath Bilbao,2,3,A,SP1 (1).csv,1.8,1.6,0.19999999999999996,2
2024-09-15,Tottenham,Arsenal,0,1,A,E0_24_25.csv,1.8,1.4,0.40000000000000013,2
2024-09-15,Girona,Barcelona,1,4,A,SP1 (1).csv,1.4,2.2,-0.8000000000000003,2
2024-09-16,Vallecano,Osasuna,3,1,H,SP1 (1).csv,1.8,2.0,-0.19999999999999996,0
2024-09-17,Mallorca,Sociedad,1,0,H,SP1 (1).csv,1.4,1.8,-0.40000000000000013,0
2024-09-18,Betis,Getafe,2,1,H,SP1 (1).csv,1.4,1.4,0.0,0
2024-09-19,Leganes,Ath Bilbao,0,2,A,SP1 (1).csv,1.4,1.6,-0.20000000000000018,2
2024-09-20,Alaves,Sevilla,2,1,H,SP1 (1).csv,1.6,1.0,0.6000000000000001,0
2024-09-21,Liverpool,Bournemouth,3,0,H,E0_24_25.csv,1.6,0.8,0.8,0
2024-09-21,Valencia,Girona,2,0,H,SP1 (1).csv,1.8,0.8,1.0,0
2024-09-21,Osasuna,Las Palmas,2,1,H,SP1 (1).csv,1.8,0.8,1.0,0
2024-09-21,Valladolid,Sociedad,0,0,D,SP1 (1).csv,1.8,0.4,1.4,1
2024-09-21,Crystal Palace,Man United,0,0,D,E0_24_25.csv,1.4,0.2,1.2,1
2024-09-21,Tottenham,Brentford,3,1,H,E0_24_25.csv,1.4,0.4,0.9999999999999999,0
2024-09-21,Aston Villa,Wolves,3,1,H,E0_24_25.csv,1.6,0.6,1.0,0
2024-09-21,Real Madrid,Espanol,4,1,H,SP1 (1).csv,2.0,0.6,1.4,0
2024-09-21,West Ham,Chelsea,0,3,A,E0_24_25.csv,2.0,1.2,0.8,2
2024-09-21,Fulham,Newcastle,3,1,H,E0_24_25.csv,2.6,1.4,1.2000000000000002,0
2024-09-21,Leicester,Everton,1,1,D,E0_24_25.csv,2.2,1.4,0.8000000000000003,1
2024-09-21,Southampton,Ipswich,1,1,D,E0_24_25.csv,1.8,1.4,0.40000000000000013,1
2024-09-22,Getafe,Leganes,1,1,D,SP1 (1).csv,1.2,1.4,-0.19999999999999996,1
2024-09-22,Brighton,Nott'm Forest,2,2,D,E0_24_25.csv,1.6,1.2,0.40000000000000013,1
2024-09-22,Man City,Arsenal,2,2,D,E0_24_25.csv,1.4,1.4,0.0,1
2024-09-22,Vallecano,Ath Madrid,1,1,D,SP1 (1).csv,1.4,1.4,0.0,1
2024-09-22,Villarreal,Barcelona,1,5,A,SP1 (1).csv,1.4,2.2,-0.8000000000000003,2
2024-09-22,Ath Bilbao,Celta,3,1,H,SP1 (1).csv,1.8,2.2,-0.40000000000000013,0
2024-09-23,Betis,Mallorca,1,2,A,SP1 (1).csv,1.6,2.2,-0.6000000000000001,2
2024-09-24,Sevilla,Valladolid,2,1,H,SP1 (1).csv,1.6,2.0,-0.3999999999999999,0
2024-09-24,Valencia,Osasuna,0,0,D,SP1 (1).csv,1.4,1.8,-0.40000000000000013,1
2024-09-24,Real Madrid,Alaves,3,2,H,SP1 (1).csv,1.8,1.2,0.6000000000000001,0
2024-09-25,Barcelona,Getafe,1,0,H,SP1 (1).csv,1.4,1.0,0.3999999999999999,0
2024-09-25,Girona,Vallecano,0,0,D,SP1 (1).csv,1.2,0.6,0.6,1
2024-09-26,Las Palmas,Betis,1,1,D,SP1 (1).csv,1.0,0.6,0.4,1
2024-09-26,Celta,Ath Madrid,0,1,A,SP1 (1).csv,1.0,0.8,0.19999999999999996,2
2024-09-26,Espanol,Villarreal,1,2,A,SP1 (1).csv,0.6,0.8,-0.20000000000000007,2
2024-09-27,Valladolid,Mallorca,1,2,A,SP1 (1).csv,0.6,1.2,-0.6,2
2024-09-28,Vallecano,Leganes,1,1,D,SP1 (1).csv,0.8,1.4,-0.5999999999999999,1
2024-09-28,Newcastle,Man City,1,1,D,E0_24_25.csv,0.8,1.4,-0.5999999999999999,1
2024-09-28,Osasuna,Barcelona,4,2,H,SP1 (1).csv,1.6,1.6,0.0,0
2024-09-28,Sociedad,Valencia,3,0,H,SP1 (1).csv,2.0,1.2,0.8,0
2024-09-28,Getafe,Alaves,2,0,H,SP1 (1).csv,2.2,0.8,1.4000000000000001,0
2024-09-28,Wolves,Liverpool,1,2,A,E0_24_25.csv,2.2,1.0,1.2000000000000002,2
2024-09-28,Brentford,West Ham,1,1,D,E0_24_25.csv,2.2,1.0,1.2000000000000002,1
2024-09-28,Chelsea,Brighton,4,2,H,E0_24_25.csv,2.2,1.0,1.2000000000000002,0
2024-09-28,Everton,Crystal Palace,2,1,H,E0_24_25.csv,2.0,1.2,0.8,0
2024-09-28,Nott'm Forest,Fulham,0,1,A,E0_24_25.csv,1.6,1.4,0.20000000000000018,2
2024-09-28,Arsenal,Leicester,4,2,H,E0_24_25.csv,2.2,1.4,0.8000000000000003,0
2024-09-29,Ipswich,Aston Villa,2,2,D,E0_24_25.csv,2.4,1.6,0.7999999999999998,1
2024-09-29,Betis,Espanol,1,0,H,SP1 (1).csv,1.8,1.2,0.6000000000000001,0
2024-09-29,Man United,Tottenham,0,3,A,E0_24_25.csv,1.4,1.6,-0.20000000000000018,2
2024-09-29,Celta,Girona,1,1,D,SP1 (1).csv,1.6,1.6,0.0,1
2024-09-29,Ath Bilbao,Sevilla,1,1,D,SP1 (1).csv,1.0,1.4,-0.3999999999999999,1
2024-09-29,Ath Madrid,Real Madrid,1,1,D,SP1 (1).csv,0.8,1.2,-0.3999999999999999,1
2024-09-30,Villarreal,Las Palmas,3,1,H,SP1 (1).csv,1.2,1.4,-0.19999999999999996,0
2024-09-30,Bournemouth,Southampton,3,1,H,E0_24_25.csv,1.8,1.0,0.8,0
2024-10-04,Leganes,Valencia,0,0,D,SP1 (1).csv,1.6,0.8,0.8,1
2024-10-05,Valladolid,Vallecano,1,2,A,SP1 (1).csv,1.6,1.0,0.6000000000000001,2
2024-10-05,Man City,Fulham,3,2,H,E0_24_25.csv,2.0,1.2,0.8,0
2024-10-05,West Ham,Ipswich,4,1,H,E0_24_25.csv,2.2,1.2,1.0000000000000002,0
2024-10-05,Espanol,Mallorca,2,1,H,SP1 (1).csv,2.0,1.2,0.8,0
2024-10-05,Getafe,Osasuna,1,1,D,SP1 (1).csv,2.2,1.4,0.8000000000000003,1
2024-10-05,Las Palmas,Celta,0,1,A,SP1 (1).csv,2.0,1.2,0.8,2
2024-10-05,Everton,Newcastle,0,0,D,E0_24_25.csv,1.4,0.8,0.5999999999999999,1
2024-10-05,Leicester,Bournemouth,1,0,H,E0_24_25.csv,0.8,0.6,0.20000000000000007,0
2024-10-05,Real Madrid,Villarreal,2,0,H,SP1 (1).csv,0.8,0.4,0.4,0
2024-10-05,Crystal Palace,Liverpool,0,1,A,E0_24_25.csv,0.6,0.4,0.19999999999999996,2
2024-10-05,Arsenal,Southampton,3,1,H,E0_24_25.csv,1.2,0.4,0.7999999999999999,0
2024-10-05,Brentford,Wolves,5,3,H,E0_24_25.csv,2.2,1.0,1.2000000000000002,0
2024-10-06,Sevilla,Betis,1,0,H,SP1 (1).csv,2.2,1.0,1.2000000000000002,0
2024-10-06,Sociedad,Ath Madrid,1,1,D,SP1 (1).csv,2.0,1.2,0.8,1
2024-10-06,Chelsea,Nott'm Forest,1,1,D,E0_24_25.csv,2.2,1.2,1.0000000000000002,1
2024-10-06,Aston Villa,Man United,0,0,D,E0_24_25.csv,1.6,1.0,0.6000000000000001,1
2024-10-06,Brighton,Tottenham,3,2,H,E0_24_25.csv,1.2,0.8,0.3999999999999999,0
2024-10-06,Alaves,Barcelona,0,3,A,SP1 (1).csv,1.0,1.4,-0.3999999999999999,2
2024-10-06,Girona,Ath Bilbao,2,1,H,SP1 (1).csv,1.2,1.4,-0.19999999999999996,0
2024-10-18,Alaves,Valladolid,2,3,A,SP1 (1).csv,1.4,1.8,-0.40000000000000013,2
2024-10-19,Ipswich,Everton,0,2,A,E0_24_25.csv,1.4,2.2,-0.8000000000000003,2
2024-10-19,Celta,Real Madrid,1,2,A,SP1 (1).csv,1.0,2.2,-1.2000000000000002,2
2024-10-19,Girona,Sociedad,0,1,A,SP1 (1).csv,1.0,1.8,-0.8,2
2024-10-19,Ath Bilbao,Espanol,4,1,H,SP1 (1).csv,1.4,1.8,-0.40000000000000013,0
2024-10-19,Tottenham,West Ham,4,1,H,E0_24_25.csv,1.8,1.4,0.40000000000000013,0
2024-10-19,Osasuna,Betis,1,2,A,SP1 (1).csv,2.0,1.4,0.6000000000000001,2
2024-10-19,Man United,Brentford,2,1,H,E0_24_25.csv,2.2,1.2,1.0000000000000002,0
2024-10-19,Newcastle,Brighton,0,1,A,E0_24_25.csv,2.2,1.2,1.0000000000000002,2
2024-10-19,Southampton,Leicester,2,3,A,E0_24_25.csv,1.8,1.6,0.19999999999999996,2
2024-10-19,Bournemouth,Arsenal,2,0,H,E0_24_25.csv,1.4,1.4,0.0,0
2024-10-19,Fulham,Aston Villa,1,3,A,E0_24_25.csv,1.4,1.6,-0.20000000000000018,2
2024-10-20,Liverpool,Chelsea,2,1,H,E0_24_25.csv,1.4,1.6,-0.20000000000000018,0
2024-10-20,Ath Madrid,Leganes,3,1,H,SP1 (1).csv,2.0,1.6,0.3999999999999999,0
2024-10-20,Villarreal,Getafe,1,1,D,SP1 (1).csv,1.8,1.2,0.6000000000000001,1
2024-10-20,Barcelona,Sevilla,5,1,H,SP1 (1).csv,2.4,1.4,1.0,0
2024-10-20,Wolves,Man City,1,2,A,E0_24_25.csv,2.4,1.2,1.2,2
2024-10-20,Mallorca,Vallecano,1,0,H,SP1 (1).csv,2.2,1.0,1.2000000000000002,0
2024-10-21,Nott'm Forest,Crystal Palace,1,0,H,E0_24_25.csv,1.8,0.8,1.0,0
2024-10-21,Valencia,Las Palmas,2,3,A,SP1 (1).csv,2.0,1.2,0.8,2
2024-10-25,Espanol,Sevilla,0,2,A,SP1 (1).csv,1.0,1.4,-0.3999999999999999,2
2024-10-25,Leicester,Nott'm Forest,1,3,A,E0_24_25.csv,1.0,1.6,-0.6000000000000001,2
2024-10-26,Real Madrid,Barcelona,0,4,A,SP1 (1).csv,0.8,2.4,-1.5999999999999999,2
2024-10-26,Everton,Fulham,1,1,D,E0_24_25.csv,0.8,2.6,-1.8,1
2024-10-26,Man City,Southampton,1,0,H,E0_24_25.csv,0.6,2.0,-1.4,0
2024-10-26,Las Palmas,Girona,1,0,H,SP1 (1).csv,0.8,1.6,-0.8,0
2024-10-26,Vallecano,Alaves,1,0,H,SP1 (1).csv,0.8,1.0,-0.19999999999999996,0
2024-10-26,Aston Villa,Bournemouth,1,1,D,E0_24_25.csv,1.0,0.4,0.6,1
2024-10-26,Brighton,Wolves,2,2,D,E0_24_25.csv,1.2,0.6,0.6,1
2024-10-26,Brentford,Ipswich,4,3,H,E0_24_25.csv,1.8,1.2,0.6000000000000001,0
2024-10-26,Valladolid,Villarreal,1,2,A,SP1 (1).csv,1.8,1.6,0.19999999999999996,2
2024-10-27,Sociedad,Osasuna,0,2,A,SP1 (1).csv,1.6,2.0,-0.3999999999999999,2
2024-10-27,Betis,Ath Madrid,1,0,H,SP1 (1).csv,1.6,1.8,-0.19999999999999996,0
2024-10-27,Getafe,Valencia,1,1,D,SP1 (1).csv,1.4,1.6,-0.20000000000000018,1
2024-10-27,Leganes,Celta,3,0,H,SP1 (1).csv,1.2,1.0,0.19999999999999996,0
2024-10-27,West Ham,Man United,2,1,H,E0_24_25.csv,1.4,0.8,0.5999999999999999,0
2024-10-27,Crystal Palace,Tottenham,1,0,H,E0_24_25.csv,1.6,0.4,1.2000000000000002,0
2024-10-27,Chelsea,Newcastle,2,1,H,E0_24_25.csv,1.8,0.6,1.2000000000000002,0
2024-10-27,Arsenal,Liverpool,2,2,D,E0_24_25.csv,2.0,0.8,1.2,1
2024-10-28,Mallorca,Ath Bilbao,0,0,D,SP1 (1).csv,1.4,0.8,0.5999999999999999,1
2024-11-01,Alaves,Mallorca,1,0,H,SP1 (1).csv,1.2,0.6,0.6,0
2024-11-02,Southampton,Everton,1,0,H,E0_24_25.csv,1.2,0.6,0.6,0
2024-11-02,Ipswich,Leicester,1,1,D,E0_24_25.csv,1.0,0.6,0.4,1
2024-11-02,Nott'm Forest,West Ham,3,0,H,E0_24_25.csv,1.2,0.2,1.0,0
2024-11-02,Liverpool,Brighton,2,1,H,E0_24_25.csv,1.6,0.4,1.2000000000000002,0
2024-11-02,Newcastle,Arsenal,1,0,H,E0_24_25.csv,1.6,0.4,1.2000000000000002,0
2024-11-02,Wolves,Crystal Palace,2,2,D,E0_24_25.csv,1.8,0.8,1.0,1
2024-11-02,Girona,Leganes,4,3,H,SP1 (1).csv,2.4,1.2,1.2,0
2024-11-02,Osasuna,Valladolid,1,0,H,SP1 (1).csv,2.0,1.2,0.8,0
2024-11-02,Bournemouth,Man City,2,1,H,E0_24_25.csv,2.0,1.2,0.8,0
2024-11-03,Ath Madrid,Las Palmas,2,0,H,SP1 (1).csv,2.2,1.2,1.0000000000000002,0
2024-11-03,Sevilla,Sociedad,0,2,A,SP1 (1).csv,1.8,1.2,0.6000000000000001,2
2024-11-03,Barcelona,Espanol,3,1,H,SP1 (1).csv,1.6,0.8,0.8,0
2024-11-03,Tottenham,Aston Villa,4,1,H,E0_24_25.csv,2.2,1.0,1.2000000000000002,0
2024-11-03,Man United,Chelsea,1,1,D,E0_24_25.csv,2.0,1.0,1.0,1
2024-11-03,Ath Bilbao,Betis,1,1,D,SP1 (1).csv,1.8,1.2,0.6000000000000001,1
2024-11-04,Celta,Getafe,1,0,H,SP1 (1).csv,2.0,0.8,1.2,0
2024-11-04,Fulham,Brentford,2,1,H,E0_24_25.csv,1.8,0.8,1.0,0
2024-11-08,Vallecano,Las Palmas,1,3,A,SP1 (1).csv,1.2,1.2,0.0,2
2024-11-09,West Ham,Everton,0,0,D,E0_24_25.csv,1.0,1.0,0.0,1
2024-11-09,Brentford,Bournemouth,3,2,H,E0_24_25.csv,1.4,1.2,0.19999999999999996,0
2024-11-09,Crystal Palace,Fulham,0,2,A,E0_24_25.csv,1.2,1.6,-0.40000000000000013,2
2024-11-09,Wolves,Southampton,2,0,H,E0_24_25.csv,1.2,1.4,-0.19999999999999996,0
2024-11-09,Villarreal,Alaves,3,0,H,SP1 (1).csv,1.6,0.8,0.8,0
2024-11-09,Real Madrid,Osasuna,4,0,H,SP1 (1).csv,2.4,0.8,1.5999999999999999,0
2024-11-09,Liverpool,Aston Villa,2,0,H,E0_24_25.csv,2.2,0.4,1.8000000000000003,0
2024-11-09,Leganes,Sevilla,1,0,H,SP1 (1).csv,2.4,0.0,2.4,0
2024-11-09,Brighton,Man City,2,1,H,E0_24_25.csv,2.4,0.2,2.1999999999999997,0
2024-11-10,Getafe,Girona,0,1,A,SP1 (1).csv,1.8,0.4,1.4,2
2024-11-10,Nott'm Forest,Newcastle,1,3,A,E0_24_25.csv,1.2,1.0,0.19999999999999996,2
2024-11-10,Man United,Leicester,3,0,H,E0_24_25.csv,1.4,1.0,0.3999999999999999,0
2024-11-10,Tottenham,Ipswich,1,2,A,E0_24_25.csv,1.4,1.4,0.0,2
2024-11-10,Betis,Celta,2,2,D,SP1 (1).csv,1.4,1.6,-0.20000000000000018,1
2024-11-10,Valladolid,Ath Bilbao,1,1,D,SP1 (1).csv,1.6,1.6,0.0,1
2024-11-10,Chelsea,Arsenal,1,1,D,E0_24_25.csv,1.6,1.2,0.40000000000000013,1
2024-11-10,Mallorca,Ath Madrid,0,1,A,SP1 (1).csv,1.0,1.4,-0.3999999999999999,2
2024-11-10,Sociedad,Barcelona,1,0,H,SP1 (1).csv,1.0,1.0,0.0,0
2024-11-22,Getafe,Valladolid,2,0,H,SP1 (1).csv,1.0,0.6,0.4,0
2024-11-23,Man City,Tottenham,0,4,A,E0_24_25.csv,0.8,1.2,-0.3999999999999999,2
2024-11-23,Girona,Espanol,4,1,H,SP1 (1).csv,1.4,1.2,0.19999999999999996,0
2024-11-23,Valencia,Betis,4,2,H,SP1 (1).csv,2.2,1.4,0.8000000000000003,0
2024-11-23,Ath Madrid,Alaves,2,1,H,SP1 (1).csv,2.4,1.6,0.7999999999999998,0
2024-11-23,Arsenal,Nott'm Forest,3,0,H,E0_24_25.csv,2.6,1.6,1.0,0
2024-11-23,Aston Villa,Crystal Palace,2,2,D,E0_24_25.csv,3.0,1.2,1.8,1
2024-11-23,Everton,Brentford,0,0,D,E0_24_25.csv,2.2,1.0,1.2000000000000002,1
2024-11-23,Fulham,Wolves,1,4,A,E0_24_25.csv,1.6,1.4,0.20000000000000018,2
2024-11-23,Leicester,Chelsea,1,2,A,E0_24_25.csv,1.4,1.6,-0.20000000000000018,2
2024-11-23,Celta,Barcelona,2,2,D,SP1 (1).csv,1.2,2.0,-0.8,1
2024-11-23,Las Palmas,Mallorca,2,3,A,SP1 (1).csv,1.2,2.2,-1.0000000000000002,2
2024-11-23,Bournemouth,Brighton,1,2,A,E0_24_25.csv,1.4,2.6,-1.2000000000000002,2
2024-11-24,Ipswich,Man United,1,1,D,E0_24_25.csv,1.4,2.0,-0.6000000000000001,1
2024-11-24,Southampton,Liverpool,2,3,A,E0_24_25.csv,1.6,2.2,-0.6000000000000001,2
2024-11-24,Leganes,Real Madrid,0,3,A,SP1 (1).csv,1.2,2.4,-1.2,2
2024-11-24,Sevilla,Vallecano,1,0,H,SP1 (1).csv,1.0,1.8,-0.8,0
2024-11-24,Osasuna,Villarreal,2,2,D,SP1 (1).csv,1.2,1.8,-0.6000000000000001,1
2024-11-24,Ath Bilbao,Sociedad,1,0,H,SP1 (1).csv,1.2,1.6,-0.40000000000000013,0
2024-11-25,Newcastle,West Ham,0,2,A,E0_24_25.csv,0.8,1.4,-0.5999999999999999,2
2024-11-29,Brighton,Southampton,1,1,D,E0_24_25.csv,1.0,1.0,0.0,1
2024-11-29,Mallorca,Valencia,2,1,H,SP1 (1).csv,1.2,1.2,0.0,0
2024-11-30,Espanol,Celta,3,1,H,SP1 (1).csv,1.4,1.0,0.3999999999999999,0
2024-11-30,Barcelona,Las Palmas,1,2,A,SP1 (1).csv,1.4,1.4,0.0,2
2024-11-30,Alaves,Leganes,1,1,D,SP1 (1).csv,1.6,1.2,0.40000000000000013,1
2024-11-30,Valladolid,Ath Madrid,0,5,A,SP1 (1).csv,1.4,2.0,-0.6000000000000001,2
2024-11-30,West Ham,Arsenal,2,5,A,E0_24_25.csv,1.4,2.8,-1.4,2
2024-11-30,Nott'm Forest,Ipswich,1,0,H,E0_24_25.csv,1.0,2.6,-1.6,0
2024-11-30,Crystal Palace,Newcastle,1,1,D,E0_24_25.csv,1.0,2.4,-1.4,1
2024-11-30,Brentford,Leicester,4,1,H,E0_24_25.csv,1.6,2.4,-0.7999999999999998,0
2024-11-30,Wolves,Bournemouth,2,4,A,E0_24_25.csv,2.0,2.2,-0.20000000000000018,2
2024-12-01,Tottenham,Fulham,1,1,D,E0_24_25.csv,1.8,1.4,0.40000000000000013,1
2024-12-01,Liverpool,Man City,2,0,H,E0_24_25.csv,2.0,1.4,0.6000000000000001,0
2024-12-01,Man United,Everton,4,0,H,E0_24_25.csv,2.6,1.2,1.4000000000000001,0
2024-12-01,Chelsea,Aston Villa,3,0,H,E0_24_25.csv,2.4,1.0,1.4,0
2024-12-01,Real Madrid,Getafe,2,0,H,SP1 (1).csv,2.4,0.2,2.1999999999999997,0
2024-12-01,Villarreal,Girona,2,2,D,SP1 (1).csv,2.6,0.4,2.2,1
2024-12-01,Vallecano,Ath Bilbao,1,2,A,SP1 (1).csv,2.4,0.8,1.5999999999999999,2
2024-12-01,Sociedad,Betis,2,0,H,SP1 (1).csv,2.0,0.8,1.2,0
2024-12-02,Sevilla,Osasuna,1,1,D,SP1 (1).csv,1.6,1.0,0.6000000000000001,1
2024-12-03,Mallorca,Barcelona,1,5,A,SP1 (1).csv,1.4,2.0,-0.6000000000000001,2
2024-12-03,Leicester,West Ham,3,1,H,E0_24_25.csv,1.6,1.8,-0.19999999999999996,0
2024-12-03,Ipswich,Crystal Palace,0,1,A,E0_24_25.csv,1.4,1.6,-0.20000000000000018,2
2024-12-04,Man City,Nott'm Forest,3,0,H,E0_24_25.csv,1.6,1.6,0.0,0
2024-12-04,Ath Bilbao,Real Madrid,2,1,H,SP1 (1).csv,1.8,1.6,0.19999999999999996,0
2024-12-04,Newcastle,Liverpool,3,3,D,E0_24_25.csv,2.2,1.2,1.0000000000000002,1
2024-12-04,Arsenal,Man United,2,0,H,E0_24_25.csv,2.0,1.0,1.0,0
2024-12-04,Aston Villa,Brentford,3,1,H,E0_24_25.csv,2.6,1.0,1.6,0
2024-12-04,Everton,Wolves,4,0,H,E0_24_25.csv,2.8,1.0,1.7999999999999998,0
2024-12-04,Southampton,Chelsea,1,5,A,E0_24_25.csv,2.6,1.8,0.8,2
2024-12-05,Fulham,Brighton,3,1,H,E0_24_25.csv,2.6,1.4,1.2000000000000002,0
2024-12-05,Bournemouth,Tottenham,1,0,H,E0_24_25.csv,2.4,1.4,1.0,0
2024-12-06,Celta,Mallorca,2,0,H,SP1 (1).csv,2.2,1.2,1.0000000000000002,0
2024-12-07,Betis,Barcelona,2,2,D,SP1 (1).csv,1.8,1.6,0.19999999999999996,1
2024-12-07,Las Palmas,Valladolid,2,1,H,SP1 (1).csv,2.0,0.8,1.2,0
2024-12-07,Aston Villa,Southampton,1,0,H,E0_24_25.csv,1.6,0.6,1.0,0
2024-12-07,Valencia,Vallecano,0,1,A,SP1 (1).csv,1.4,0.8,0.5999999999999999,2
2024-12-07,Man United,Nott'm Forest,2,3,A,E0_24_25.csv,1.4,1.4,0.0,2
2024-12-07,Crystal Palace,Man City,2,2,D,E0_24_25.csv,1.4,1.4,0.0,1
2024-12-07,Brentford,Newcastle,4,2,H,E0_24_25.csv,1.8,1.6,0.19999999999999996,0
2024-12-07,Girona,Real Madrid,0,3,A,SP1 (1).csv,1.6,2.2,-0.6000000000000001,2
2024-12-08,Osasuna,Alaves,2,2,D,SP1 (1).csv,2.0,2.4,-0.3999999999999999,1
2024-12-08,Fulham,Arsenal,1,1,D,E0_24_25.csv,1.8,2.0,-0.19999999999999996,1
2024-12-08,Ipswich,Bournemouth,1,2,A,E0_24_25.csv,1.6,2.0,-0.3999999999999999,2
2024-12-08,Leicester,Brighton,2,2,D,E0_24_25.csv,1.2,2.0,-0.8,1
2024-12-08,Tottenham,Chelsea,3,4,A,E0_24_25.csv,1.8,2.2,-0.40000000000000013,2
2024-12-08,Leganes,Sociedad,0,3,A,SP1 (1).csv,1.4,2.4,-1.0,2
2024-12-08,Ath Bilbao,Villarreal,2,0,H,SP1 (1).csv,1.6,2.2,-0.6000000000000001,0
2024-12-08,Ath Madrid,Sevilla,4,3,H,SP1 (1).csv,2.2,2.4,-0.19999999999999973,0
2024-12-09,West Ham,Wolves,2,1,H,E0_24_25.csv,2.2,2.2,0.0,0
2024-12-09,Getafe,Espanol,1,0,H,SP1 (1).csv,1.8,1.4,0.40000000000000013,0
2024-12-13,Valladolid,Valencia,1,0,H,SP1 (1).csv,2.0,0.8,1.2,0
2024-12-14,Mallorca,Girona,2,1,H,SP1 (1).csv,2.0,1.0,1.0,0
2024-12-14,Espanol,Osasuna,0,0,D,SP1 (1).csv,1.2,0.4,0.7999999999999999,1
2024-12-14,Arsenal,Everton,0,0,D,E0_24_25.csv,0.8,0.2,0.6000000000000001,1
2024-12-14,Newcastle,Leicester,4,0,H,E0_24_25.csv,1.4,0.2,1.2,0
2024-12-14,Liverpool,Fulham,2,2,D,E0_24_25.csv,1.6,0.6,1.0,1
2024-12-14,Nott'm Forest,Aston Villa,2,1,H,E0_24_25.csv,1.6,0.6,1.0,0
2024-12-14,Sevilla,Celta,1,0,H,SP1 (1).csv,1.8,0.6,1.2000000000000002,0
2024-12-14,Wolves,Ipswich,1,2,A,E0_24_25.csv,2.0,1.0,1.0,2
2024-12-14,Vallecano,Real Madrid,3,3,D,SP1 (1).csv,1.8,1.6,0.19999999999999996,1
2024-12-15,Alaves,Ath Bilbao,1,1,D,SP1 (1).csv,1.6,1.4,0.20000000000000018,1
2024-12-15,Sociedad,Las Palmas,0,0,D,SP1 (1).csv,1.2,1.2,0.0,1
2024-12-15,Ath Madrid,Getafe,1,0,H,SP1 (1).csv,1.2,1.2,0.0,0
2024-12-15,Villarreal,Betis,1,2,A,SP1 (1).csv,1.2,1.2,0.0,2
2024-12-15,Chelsea,Brentford,2,1,H,E0_24_25.csv,1.0,0.8,0.19999999999999996,0
2024-12-15,Southampton,Tottenham,0,5,A,E0_24_25.csv,0.8,1.6,-0.8,2
2024-12-15,Barcelona,Leganes,0,1,A,SP1 (1).csv,0.8,1.8,-1.0,2
2024-12-15,Man City,Man United,1,2,A,E0_24_25.csv,0.8,2.2,-1.4000000000000001,2
2024-12-15,Brighton,Crystal Palace,1,3,A,E0_24_25.csv,0.8,2.4,-1.5999999999999999,2
2024-12-16,Bournemouth,West Ham,1,1,D,E0_24_25.csv,0.6,2.4,-1.7999999999999998,1
2024-12-18,Villarreal,Vallecano,1,1,D,SP1 (1).csv,0.8,1.6,-0.8,1
2024-12-18,Espanol,Valencia,1,1,D,SP1 (1).csv,1.0,1.6,-0.6000000000000001,1
2024-12-20,Girona,Valladolid,3,0,H,SP1 (1).csv,1.4,1.2,0.19999999999999996,0
2024-12-21,West Ham,Brighton,1,1,D,E0_24_25.csv,1.4,0.8,0.5999999999999999,1
2024-12-21,Aston Villa,Man City,2,1,H,E0_24_25.csv,1.6,0.8,0.8,0
2024-12-21,Getafe,Mallorca,0,1,A,SP1 (1).csv,1.4,0.8,0.5999999999999999,2
2024-12-21,Celta,Sociedad,2,0,H,SP1 (1).csv,1.6,0.6,1.0,0
2024-12-21,Crystal Palace,Arsenal,1,5,A,E0_24_25.csv,1.2,1.6,-0.40000000000000013,2
2024-12-21,Barcelona,Ath Madrid,1,2,A,SP1 (1).csv,1.2,1.8,-0.6000000000000001,2
2024-12-21,Ipswich,Newcastle,0,4,A,E0_24_25.csv,0.8,2.4,-1.5999999999999999,2
2024-12-21,Brentford,Nott'm Forest,0,2,A,E0_24_25.csv,0.8,2.6,-1.8,2
2024-12-21,Osasuna,Ath Bilbao,1,2,A,SP1 (1).csv,0.6,3.0,-2.4,2
2024-12-22,Las Palmas,Espanol,1,0,H,SP1 (1).csv,0.6,2.0,-1.4,0
2024-12-22,Man United,Bournemouth,0,3,A,E0_24_25.csv,0.4,2.2,-1.8000000000000003,2
2024-12-22,Betis,Vallecano,1,1,D,SP1 (1).csv,0.6,1.6,-1.0,1
2024-12-22,Leganes,Villarreal,2,5,A,SP1 (1).csv,1.0,2.2,-1.2000000000000002,2
2024-12-22,Real Madrid,Sevilla,4,2,H,SP1 (1).csv,1.6,2.2,-0.6000000000000001,0
2024-12-22,Valencia,Alaves,2,2,D,SP1 (1).csv,1.8,2.6,-0.8,1
2024-12-22,Tottenham,Liverpool,3,6,A,E0_24_25.csv,2.4,3.2,-0.8000000000000003,2
2024-12-22,Leicester,Wolves,0,3,A,E0_24_25.csv,2.2,3.6,-1.4,2
2024-12-22,Fulham,Southampton,0,0,D,E0_24_25.csv,1.8,2.6,-0.8,1
2024-12-22,Everton,Chelsea,0,0,D,E0_24_25.csv,1.0,2.2,-1.2000000000000002,1
2024-12-26,Nott'm Forest,Tottenham,1,0,H,E0_24_25.csv,0.8,1.8,-1.0,0
2024-12-26,Wolves,Man United,2,0,H,E0_24_25.csv,0.6,0.6,0.0,0
2024-12-26,Southampton,West Ham,0,1,A,E0_24_25.csv,0.6,0.2,0.39999999999999997,2
2024-12-26,Liverpool,Leicester,3,1,H,E0_24_25.csv,1.2,0.4,0.7999999999999999,0
2024-12-26,Chelsea,Fulham,1,2,A,E0_24_25.csv,1.4,0.8,0.5999999999999999,2
2024-12-26,Bournemouth,Crystal Palace,0,0,D,E0_24_25.csv,1.2,0.8,0.3999999999999999,1
2024-12-26,Man City,Everton,1,1,D,E0_24_25.csv,1.0,1.0,0.0,1
2024-12-26,Newcastle,Aston Villa,3,0,H,E0_24_25.csv,1.6,0.8,0.8,0
2024-12-27,Arsenal,Ipswich,1,0,H,E0_24_25.csv,1.2,0.6,0.6,0
2024-12-27,Brighton,Brentford,0,0,D,E0_24_25.csv,1.0,0.2,0.8,1
2024-12-29,Everton,Nott'm Forest,0,2,A,E0_24_25.csv,1.0,0.6,0.4,2
2024-12-29,Fulham,Bournemouth,2,2,D,E0_24_25.csv,1.2,0.8,0.3999999999999999,1
2024-12-29,West Ham,Liverpool,0,5,A,E0_24_25.csv,0.6,1.8,-1.2000000000000002,2
2024-12-29,Tottenham,Wolves,2,2,D,E0_24_25.csv,0.8,2.2,-1.4000000000000001,1
2024-12-29,Crystal Palace,Southampton,2,1,H,E0_24_25.csv,1.2,2.4,-1.2,0
2024-12-29,Leicester,Man City,0,2,A,E0_24_25.csv,1.2,2.4,-1.2,2
2024-12-30,Aston Villa,Brighton,2,2,D,E0_24_25.csv,1.2,2.4,-1.2,1
2024-12-30,Ipswich,Chelsea,2,0,H,E0_24_25.csv,1.6,1.4,0.20000000000000018,0
2024-12-30,Man United,Newcastle,0,2,A,E0_24_25.csv,1.2,1.4,-0.19999999999999996,2
2025-01-01,Brentford,Arsenal,1,3,A,E0_24_25.csv,1.0,1.8,-0.8,2
2025-01-03,Valencia,Real Madrid,1,2,A,SP1 (1).csv,1.2,1.8,-0.6000000000000001,2
2025-01-04,Brighton,Arsenal,1,1,D,E0_24_25.csv,1.0,1.6,-0.6000000000000001,1
2025-01-04,Crystal Palace,Chelsea,1,1,D,E0_24_25.csv,0.8,1.8,-1.0,1
2025-01-04,Man City,West Ham,4,1,H,E0_24_25.csv,1.6,1.6,0.0,0
2025-01-04,Bournemouth,Everton,1,0,H,E0_24_25.csv,1.6,1.0,0.6000000000000001,0
2025-01-04,Aston Villa,Leicester,2,1,H,E0_24_25.csv,1.8,0.8,1.0,0
2025-01-04,Tottenham,Newcastle,1,2,A,E0_24_25.csv,1.8,1.0,0.8,2
2025-01-04,Southampton,Brentford,0,5,A,E0_24_25.csv,1.6,1.8,-0.19999999999999996,2
2025-01-05,Fulham,Ipswich,2,2,D,E0_24_25.csv,1.2,2.0,-0.8,1
2025-01-05,Liverpool,Man United,2,2,D,E0_24_25.csv,1.4,2.4,-1.0,1
2025-01-06,Wolves,Nott'm Forest,0,3,A,E0_24_25.csv,1.0,2.8,-1.7999999999999998,2
2025-01-10,Vallecano,Celta,2,1,H,SP1 (1).csv,1.2,2.6,-1.4000000000000001,0
2025-01-11,Espanol,Leganes,1,1,D,SP1 (1).csv,1.4,1.8,-0.40000000000000013,1
2025-01-11,Valladolid,Betis,1,0,H,SP1 (1).csv,1.2,1.4,-0.19999999999999996,0
2025-01-11,Alaves,Girona,0,1,A,SP1 (1).csv,0.8,1.2,-0.3999999999999999,2
2025-01-11,Sevilla,Valencia,1,1,D,SP1 (1).csv,1.0,0.8,0.19999999999999996,1
2025-01-12,Ath Madrid,Osasuna,1,0,H,SP1 (1).csv,0.8,0.6,0.20000000000000007,0
2025-01-12,Las Palmas,Getafe,1,2,A,SP1 (1).csv,0.8,0.8,0.0,2
2025-01-13,Sociedad,Villarreal,1,0,H,SP1 (1).csv,0.8,0.8,0.0,0
2025-01-14,Brentford,Man City,2,2,D,E0_24_25.csv,1.2,1.0,0.19999999999999996,1
2025-01-14,Chelsea,Bournemouth,2,2,D,E0_24_25.csv,1.4,1.2,0.19999999999999996,1
2025-01-14,West Ham,Fulham,3,2,H,E0_24_25.csv,1.8,1.6,0.19999999999999996,0
2025-01-14,Nott'm Forest,Liverpool,1,1,D,E0_24_25.csv,1.8,1.4,0.40000000000000013,1
2025-01-15,Leicester,Crystal Palace,0,2,A,E0_24_25.csv,1.6,1.8,-0.19999999999999996,2
2025-01-15,Newcastle,Wolves,3,0,H,E0_24_25.csv,1.8,1.4,0.40000000000000013,0
2025-01-15,Arsenal,Tottenham,2,1,H,E0_24_25.csv,1.8,1.2,0.6000000000000001,0
2025-01-15,Everton,Aston Villa,0,1,A,E0_24_25.csv,1.2,1.0,0.19999999999999996,2
2025-01-16,Ipswich,Brighton,0,2,A,E0_24_25.csv,1.0,1.2,-0.19999999999999996,2
2025-01-16,Man United,Southampton,3,1,H,E0_24_25.csv,1.6,1.0,0.6000000000000001,0
2025-01-17,Espanol,Valladolid,2,1,H,SP1 (1).csv,1.4,1.2,0.19999999999999996,0
2025-01-18,Leganes,Ath Madrid,1,0,H,SP1 (1).csv,1.2,1.0,0.19999999999999996,0
2025-01-18,Arsenal,Aston Villa,2,2,D,E0_24_25.csv,1.6,1.2,0.40000000000000013,1
2025-01-18,Newcastle,Bournemouth,1,4,A,E0_24_25.csv,1.8,1.6,0.19999999999999996,2
2025-01-18,Girona,Sevilla,1,2,A,SP1 (1).csv,1.4,1.8,-0.40000000000000013,2
2025-01-18,Brentford,Liverpool,0,2,A,E0_24_25.csv,1.0,2.0,-1.0,2
2025-01-18,Betis,Alaves,1,3,A,SP1 (1).csv,1.0,2.6,-1.6,2
2025-01-18,West Ham,Crystal Palace,0,2,A,E0_24_25.csv,0.6,2.6,-2.0,2
2025-01-18,Getafe,Barcelona,1,1,D,SP1 (1).csv,0.6,2.0,-1.4,1
2025-01-18,Leicester,Fulham,0,2,A,E0_24_25.csv,0.4,2.0,-1.6,2
2025-01-19,Everton,Tottenham,3,2,H,E0_24_25.csv,1.0,2.0,-1.0,0
2025-01-19,Ipswich,Man City,0,6,A,E0_24_25.csv,0.8,2.6,-1.8,2
2025-01-19,Celta,Ath Bilbao,1,2,A,SP1 (1).csv,1.0,2.6,-1.6,2
2025-01-19,Valencia,Sociedad,1,0,H,SP1 (1).csv,1.0,2.4,-1.4,0
2025-01-19,Osasuna,Vallecano,1,1,D,SP1 (1).csv,1.2,2.2,-1.0000000000000002,1
2025-01-19,Real Madrid,Las Palmas,4,1,H,SP1 (1).csv,1.4,2.0,-0.6000000000000001,0
2025-01-19,Nott'm Forest,Southampton,3,2,H,E0_24_25.csv,2.0,1.2,0.8,0
2025-01-19,Man United,Brighton,1,3,A,E0_24_25.csv,2.0,1.4,0.6000000000000001,2
2025-01-20,Villarreal,Mallorca,4,0,H,SP1 (1).csv,2.6,1.4,1.2000000000000002,0
2025-01-20,Chelsea,Wolves,3,1,H,E0_24_25.csv,3.0,1.4,1.6,0
2025-01-24,Las Palmas,Osasuna,1,1,D,SP1 (1).csv,2.4,1.4,1.0,1
2025-01-25,Wolves,Arsenal,0,1,A,E0_24_25.csv,1.8,1.2,0.6000000000000001,2
2025-01-25,Man City,Chelsea,3,1,H,E0_24_25.csv,2.2,0.8,1.4000000000000001,0
2025-01-25,Southampton,Newcastle,1,3,A,E0_24_25.csv,1.6,1.4,0.20000000000000018,2
2025-01-25,Mallorca,Betis,0,1,A,SP1 (1).csv,1.0,1.4,-0.3999999999999999,2
2025-01-25,Ath Madrid,Villarreal,1,1,D,SP1 (1).csv,1.0,1.4,-0.3999999999999999,1
2025-01-25,Liverpool,Ipswich,4,1,H,E0_24_25.csv,1.8,1.4,0.40000000000000013,0
2025-01-25,Valladolid,Real Madrid,0,3,A,SP1 (1).csv,1.2,1.8,-0.6000000000000001,2
2025-01-25,Brighton,Everton,0,1,A,E0_24_25.csv,1.0,1.4,-0.3999999999999999,2
2025-01-25,Bournemouth,Nott'm Forest,5,0,H,E0_24_25.csv,2.0,1.2,0.8,0
2025-01-25,Sevilla,Espanol,1,1,D,SP1 (1).csv,2.0,1.2,0.8,1
2025-01-26,Aston Villa,West Ham,1,1,D,E0_24_25.csv,1.4,1.2,0.19999999999999996,1
2025-01-26,Barcelona,Valencia,7,1,H,SP1 (1).csv,2.8,0.8,1.9999999999999998,0
2025-01-26,Fulham,Man United,0,1,A,E0_24_25.csv,2.8,0.8,1.9999999999999998,2
2025-01-26,Tottenham,Leicester,1,2,A,E0_24_25.csv,2.0,1.2,0.8,2
2025-01-26,Sociedad,Getafe,0,3,A,SP1 (1).csv,1.8,1.6,0.19999999999999996,2
2025-01-26,Vallecano,Girona,2,1,H,SP1 (1).csv,2.0,1.6,0.3999999999999999,0
2025-01-26,Crystal Palace,Brentford,1,2,A,E0_24_25.csv,0.8,1.8,-1.0,2
2025-01-26,Ath Bilbao,Leganes,0,0,D,SP1 (1).csv,0.8,1.6,-0.8,1
2025-01-27,Alaves,Celta,1,1,D,SP1 (1).csv,0.8,1.4,-0.5999999999999999,1
2025-01-31,Leganes,Vallecano,0,1,A,SP1 (1).csv,0.8,1.0,-0.19999999999999996,2
2025-02-01,Wolves,Aston Villa,2,0,H,E0_24_25.csv,0.8,0.8,0.0,0
2025-02-01,Newcastle,Fulham,1,2,A,E0_24_25.csv,0.8,0.8,0.0,2
2025-02-01,Bournemouth,Liverpool,0,2,A,E0_24_25.csv,0.8,1.2,-0.3999999999999999,2
2025-02-01,Villarreal,Valladolid,5,1,H,SP1 (1).csv,1.6,1.2,0.40000000000000013,0
2025-02-01,Getafe,Sevilla,0,0,D,SP1 (1).csv,1.6,1.0,0.6000000000000001,1
2025-02-01,Espanol,Real Madrid,1,0,H,SP1 (1).csv,1.4,1.0,0.3999999999999999,0
2025-02-01,Everton,Leicester,4,0,H,E0_24_25.csv,2.0,0.6,1.4,0
2025-02-01,Nott'm Forest,Brighton,7,0,H,E0_24_25.csv,3.4,0.2,3.1999999999999997,0
2025-02-01,Ipswich,Southampton,1,2,A,E0_24_25.csv,2.6,0.4,2.2,2
2025-02-01,Ath Madrid,Mallorca,2,0,H,SP1 (1).csv,3.0,0.4,2.6,0
2025-02-02,Arsenal,Man City,5,1,H,E0_24_25.csv,3.8,0.6,3.1999999999999997,0
2025-02-02,Man United,Crystal Palace,0,2,A,E0_24_25.csv,3.0,1.0,2.0,2
2025-02-02,Brentford,Tottenham,0,2,A,E0_24_25.csv,1.6,1.4,0.20000000000000018,2
2025-02-02,Barcelona,Alaves,1,0,H,SP1 (1).csv,1.6,1.0,0.6000000000000001,0
2025-02-02,Valencia,Celta,2,1,H,SP1 (1).csv,1.6,1.2,0.40000000000000013,0
2025-02-02,Osasuna,Sociedad,2,1,H,SP1 (1).csv,1.0,1.2,-0.19999999999999996,0
2025-02-02,Betis,Ath Bilbao,2,2,D,SP1 (1).csv,1.4,1.2,0.19999999999999996,1
2025-02-03,Chelsea,West Ham,2,1,H,E0_24_25.csv,1.8,1.0,0.8,0
2025-02-03,Girona,Las Palmas,2,1,H,SP1 (1).csv,2.0,1.2,0.8,0
2025-02-07,Vallecano,Valladolid,1,0,H,SP1 (1).csv,1.8,1.0,0.8,0
2025-02-08,Ath Bilbao,Girona,3,0,H,SP1 (1).csv,2.0,0.8,1.2,0
2025-02-08,Las Palmas,Villarreal,1,2,A,SP1 (1).csv,1.8,0.8,1.0,2
2025-02-08,Real Madrid,Ath Madrid,1,1,D,SP1 (1).csv,1.6,0.8,0.8,1
2025-02-08,Celta,Betis,3,2,H,SP1 (1).csv,1.8,1.0,0.8,0
2025-02-09,Sevilla,Barcelona,1,4,A,SP1 (1).csv,1.8,1.8,0.0,2
2025-02-09,Alaves,Getafe,0,1,A,SP1 (1).csv,1.2,2.0,-0.8,2
2025-02-09,Valencia,Leganes,2,0,H,SP1 (1).csv,1.4,1.6,-0.20000000000000018,0
2025-02-09,Sociedad,Espanol,2,1,H,SP1 (1).csv,1.6,1.6,0.0,0
2025-02-10,Mallorca,Osasuna,1,1,D,SP1 (1).csv,1.2,1.4,-0.19999999999999996,1
2025-02-12,Everton,Liverpool,2,2,D,E0_24_25.csv,1.4,1.0,0.3999999999999999,1
2025-02-14,Girona,Getafe,1,2,A,SP1 (1).csv,1.6,1.2,0.40000000000000013,2
2025-02-14,Brighton,Chelsea,3,0,H,E0_24_25.csv,1.8,1.2,0.6000000000000001,0
2025-02-15,Ath Madrid,Celta,1,1,D,SP1 (1).csv,1.6,1.2,0.40000000000000013,1
2025-02-15,Osasuna,Real Madrid,1,1,D,SP1 (1).csv,1.6,1.2,0.40000000000000013,1
2025-02-15,Leganes,Alaves,3,3,D,SP1 (1).csv,1.8,1.4,0.40000000000000013,1
2025-02-15,Southampton,Bournemouth,1,3,A,E0_24_25.csv,1.8,1.6,0.19999999999999996,2
2025-02-15,Man City,Newcastle,4,0,H,E0_24_25.csv,2.0,1.6,0.3999999999999999,0
2025-02-15,Villarreal,Valencia,1,1,D,SP1 (1).csv,2.0,1.6,0.3999999999999999,1
2025-02-15,West Ham,Brentford,0,1,A,E0_24_25.csv,1.8,1.6,0.19999999999999996,2
2025-02-15,Leicester,Arsenal,0,2,A,E0_24_25.csv,1.2,1.4,-0.19999999999999996,2
2025-02-15,Aston Villa,Ipswich,1,1,D,E0_24_25.csv,1.2,1.0,0.19999999999999996,1
2025-02-15,Fulham,Nott'm Forest,2,1,H,E0_24_25.csv,0.8,1.2,-0.3999999999999999,0
2025-02-15,Crystal Palace,Everton,1,2,A,E0_24_25.csv,0.8,1.4,-0.5999999999999999,2
2025-02-16,Espanol,Ath Bilbao,1,1,D,SP1 (1).csv,1.0,1.4,-0.3999999999999999,1
2025-02-16,Valladolid,Sevilla,0,4,A,SP1 (1).csv,1.0,1.8,-0.8,2
2025-02-16,Liverpool,Wolves,2,1,H,E0_24_25.csv,1.2,1.8,-0.6000000000000001,0
2025-02-16,Tottenham,Man United,1,0,H,E0_24_25.csv,1.0,1.6,-0.6000000000000001,0
2025-02-16,Mallorca,Las Palmas,3,1,H,SP1 (1).csv,1.4,1.4,0.0,0
2025-02-16,Betis,Sociedad,3,0,H,SP1 (1).csv,1.8,1.2,0.6000000000000001,0
2025-02-17,Barcelona,Vallecano,1,0,H,SP1 (1).csv,2.0,0.4,1.6,0
2025-02-19,Aston Villa,Liverpool,2,2,D,E0_24_25.csv,2.0,0.6,1.4,1
2025-02-21,Celta,Osasuna,1,0,H,SP1 (1).csv,2.0,0.6,1.4,0
2025-02-21,Leicester,Brentford,0,4,A,E0_24_25.csv,1.4,1.2,0.19999999999999996,2
2025-02-22,Vallecano,Villarreal,0,1,A,SP1 (1).csv,0.8,1.4,-0.5999999999999999,2
2025-02-22,Everton,Man United,2,2,D,E0_24_25.csv,1.0,1.8,-0.8,1
2025-02-22,Bournemouth,Wolves,0,1,A,E0_24_25.csv,0.6,1.6,-1.0,2
2025-02-22,Fulham,Crystal Palace,0,2,A,E0_24_25.csv,0.4,2.0,-1.6,2
2025-02-22,Ipswich,Tottenham,1,4,A,E0_24_25.csv,0.6,2.0,-1.4,2
2025-02-22,Southampton,Brighton,0,4,A,E0_24_25.csv,0.6,2.6,-2.0,2
2025-02-22,Aston Villa,Chelsea,2,1,H,E0_24_25.csv,0.6,2.4,-1.7999999999999998,0
2025-02-22,Las Palmas,Barcelona,0,2,A,SP1 (1).csv,0.6,2.6,-2.0,2
2025-02-22,Valencia,Ath Madrid,0,3,A,SP1 (1).csv,0.6,2.8,-2.1999999999999997,2
2025-02-22,Arsenal,West Ham,0,1,A,E0_24_25.csv,0.4,2.2,-1.8000000000000003,2
2025-02-22,Alaves,Espanol,0,1,A,SP1 (1).csv,0.4,1.6,-1.2000000000000002,2
2025-02-23,Real Madrid,Girona,2,0,H,SP1 (1).csv,0.4,1.4,-0.9999999999999999,0
2025-02-23,Getafe,Betis,1,2,A,SP1 (1).csv,0.6,1.4,-0.7999999999999999,2
2025-02-23,Ath Bilbao,Valladolid,7,1,H,SP1 (1).csv,2.0,1.0,1.0,0
2025-02-23,Man City,Liverpool,0,2,A,E0_24_25.csv,2.0,1.2,0.8,2
2025-02-23,Sociedad,Leganes,3,0,H,SP1 (1).csv,2.6,1.0,1.6,0
2025-02-23,Newcastle,Nott'm Forest,4,3,H,E0_24_25.csv,3.0,1.6,1.4,0
2025-02-24,Sevilla,Mallorca,1,1,D,SP1 (1).csv,3.0,1.4,1.6,1
2025-02-25,Wolves,Fulham,1,2,A,E0_24_25.csv,1.8,1.6,0.19999999999999996,2
2025-02-25,Chelsea,Southampton,4,0,H,E0_24_25.csv,2.6,1.2,1.4000000000000001,0
2025-02-25,Crystal Palace,Aston Villa,4,1,H,E0_24_25.csv,2.8,1.4,1.4,0
2025-02-25,Brighton,Bournemouth,2,1,H,E0_24_25.csv,2.4,1.0,1.4,0
2025-02-26,Brentford,Everton,1,1,D,E0_24_25.csv,2.4,1.0,1.4,1
2025-02-26,Man United,Ipswich,3,2,H,E0_24_25.csv,2.8,1.0,1.7999999999999998,0
2025-02-26,Nott'm Forest,Arsenal,0,0,D,E0_24_25.csv,2.0,1.0,1.0,1
2025-02-26,Tottenham,Man City,0,1,A,E0_24_25.csv,1.2,1.0,0.19999999999999996,2
2025-02-26,Liverpool,Newcastle,2,0,H,E0_24_25.csv,1.2,0.8,0.3999999999999999,0
2025-02-27,West Ham,Leicester,2,0,H,E0_24_25.csv,1.4,0.6,0.7999999999999999,0
2025-02-28,Valladolid,Las Palmas,1,1,D,SP1 (1).csv,1.0,0.4,0.6,1
2025-03-01,Ath Madrid,Ath Bilbao,1,0,H,SP1 (1).csv,1.2,0.4,0.7999999999999999,0
2025-03-01,Betis,Real Madrid,2,1,H,SP1 (1).csv,1.6,0.4,1.2000000000000002,0
2025-03-01,Vallecano,Sevilla,1,1,D,SP1 (1).csv,1.4,0.6,0.7999999999999999,1
2025-03-01,Girona,Celta,2,2,D,SP1 (1).csv,1.4,1.0,0.3999999999999999,1
2025-03-02,Leganes,Getafe,1,0,H,SP1 (1).csv,1.4,0.8,0.5999999999999999,0
2025-03-02,Barcelona,Sociedad,4,0,H,SP1 (1).csv,2.0,0.8,1.2,0
2025-03-02,Osasuna,Valencia,3,3,D,SP1 (1).csv,2.2,1.2,1.0000000000000002,1
2025-03-02,Mallorca,Alaves,1,1,D,SP1 (1).csv,2.2,1.2,1.0000000000000002,1
2025-03-08,Nott'm Forest,Man City,1,0,H,E0_24_25.csv,2.0,0.8,1.2,0
2025-03-08,Valencia,Valladolid,2,1,H,SP1 (1).csv,2.2,1.0,1.2000000000000002,0
2025-03-08,Celta,Leganes,2,1,H,SP1 (1).csv,1.8,1.2,0.6000000000000001,0
2025-03-08,Alaves,Villarreal,1,0,H,SP1 (1).csv,1.4,0.6,0.7999999999999999,0
2025-03-08,Wolves,Everton,1,1,D,E0_24_25.csv,1.4,0.6,0.7999999999999999,1
2025-03-08,Liverpool,Southampton,3,1,H,E0_24_25.csv,1.8,0.8,1.0,0
2025-03-08,Brentford,Aston Villa,0,1,A,E0_24_25.csv,1.4,0.8,0.5999999999999999,2
2025-03-08,Brighton,Fulham,2,1,H,E0_24_25.csv,1.4,0.8,0.5999999999999999,0
2025-03-08,Crystal Palace,Ipswich,1,0,H,E0_24_25.csv,1.4,0.8,0.5999999999999999,0
2025-03-09,Betis,Las Palmas,1,0,H,SP1 (1).csv,1.4,0.6,0.7999999999999999,0
2025-03-09,Ath Bilbao,Mallorca,1,1,D,SP1 (1).csv,1.0,0.6,0.4,1
2025-03-09,Tottenham,Bournemouth,2,2,D,E0_24_25.csv,1.4,0.8,0.5999999999999999,1
2025-03-09,Man United,Arsenal,1,1,D,E0_24_25.csv,1.2,0.8,0.3999999999999999,1
2025-03-09,Real Madrid,Vallecano,2,1,H,SP1 (1).csv,1.4,1.0,0.3999999999999999,0
2025-03-09,Getafe,Ath Madrid,2,1,H,SP1 (1).csv,1.6,1.2,0.40000000000000013,0
2025-03-09,Sociedad,Sevilla,0,1,A,SP1 (1).csv,1.4,1.2,0.19999999999999996,2
2025-03-09,Chelsea,Leicester,1,0,H,E0_24_25.csv,1.2,0.8,0.3999999999999999,0
2025-03-10,West Ham,Newcastle,0,1,A,E0_24_25.csv,1.0,0.8,0.19999999999999996,2
2025-03-10,Espanol,Girona,1,1,D,SP1 (1).csv,0.8,0.8,0.0,1
2025-03-14,Las Palmas,Alaves,2,2,D,SP1 (1).csv,0.8,1.0,-0.19999999999999996,1
2025-03-15,Girona,Valencia,1,1,D,SP1 (1).csv,1.0,1.0,0.0,1
2025-03-15,Bournemouth,Brentford,1,2,A,E0_24_25.csv,1.0,1.4,-0.3999999999999999,2
2025-03-15,Valladolid,Celta,0,1,A,SP1 (1).csv,1.0,1.4,-0.3999999999999999,2
2025-03-15,Everton,West Ham,1,1,D,E0_24_25.csv,1.0,1.4,-0.3999999999999999,1
2025-03-15,Ipswich,Nott'm Forest,2,4,A,E0_24_25.csv,1.0,1.8,-0.8,2
2025-03-15,Villarreal,Real Madrid,1,2,A,SP1 (1).csv,1.0,2.0,-1.0,2
2025-03-15,Mallorca,Espanol,2,1,H,SP1 (1).csv,1.2,1.8,-0.6000000000000001,0
2025-03-15,Southampton,Wolves,1,2,A,E0_24_25.csv,1.4,2.0,-0.6000000000000001,2
2025-03-15,Man City,Brighton,2,2,D,E0_24_25.csv,1.6,2.2,-0.6000000000000001,1
2025-03-16,Osasuna,Getafe,1,2,A,SP1 (1).csv,1.4,1.8,-0.40000000000000013,2
2025-03-16,Ath Madrid,Barcelona,2,4,A,SP1 (1).csv,1.6,2.2,-0.6000000000000001,2
2025-03-16,Vallecano,Sociedad,2,2,D,SP1 (1).csv,1.6,2.4,-0.7999999999999998,1
2025-03-16,Sevilla,Ath Bilbao,0,1,A,SP1 (1).csv,1.4,2.2,-0.8000000000000003,2
2025-03-16,Fulham,Tottenham,2,0,H,E0_24_25.csv,1.4,1.8,-0.40000000000000013,0
2025-03-16,Arsenal,Chelsea,1,0,H,E0_24_25.csv,1.4,1.4,0.0,0
2025-03-16,Leganes,Betis,2,3,A,SP1 (1).csv,1.4,1.2,0.19999999999999996,2
2025-03-16,Leicester,Man United,0,3,A,E0_24_25.csv,1.0,1.4,-0.3999999999999999,2
2025-03-27,Barcelona,Osasuna,3,0,H,SP1 (1).csv,1.6,1.2,0.40000000000000013,0
2025-03-29,Espanol,Ath Madrid,1,1,D,SP1 (1).csv,1.4,1.4,0.0,1
2025-03-29,Sociedad,Valladolid,2,1,H,SP1 (1).csv,1.6,1.6,0.0,0
2025-03-29,Alaves,Vallecano,0,2,A,SP1 (1).csv,1.2,1.4,-0.19999999999999996,2
2025-03-29,Real Madrid,Leganes,3,2,H,SP1 (1).csv,1.8,1.2,0.6000000000000001,0
2025-03-30,Barcelona,Girona,4,1,H,SP1 (1).csv,2.0,1.4,0.6000000000000001,0
2025-03-30,Ath Bilbao,Osasuna,0,0,D,SP1 (1).csv,1.8,1.2,0.6000000000000001,1
2025-03-30,Valencia,Mallorca,1,0,H,SP1 (1).csv,1.6,1.0,0.6000000000000001,0
2025-03-30,Betis,Sevilla,2,1,H,SP1 (1).csv,2.0,0.8,1.2,0
2025-03-30,Getafe,Villarreal,1,2,A,SP1 (1).csv,1.6,0.8,0.8,2
2025-03-31,Celta,Las Palmas,1,1,D,SP1 (1).csv,1.0,0.8,0.19999999999999996,1
2025-04-01,Nott'm Forest,Man United,1,0,H,E0_24_25.csv,1.2,0.8,0.3999999999999999,0
2025-04-01,Arsenal,Fulham,2,1,H,E0_24_25.csv,1.4,1.0,0.3999999999999999,0
2025-04-01,Wolves,West Ham,1,0,H,E0_24_25.csv,1.2,0.8,0.3999999999999999,0
2025-04-02,Bournemouth,Ipswich,1,2,A,E0_24_25.csv,1.2,0.8,0.3999999999999999,2
2025-04-02,Man City,Leicester,2,0,H,E0_24_25.csv,1.4,0.6,0.7999999999999999,0
2025-04-02,Brighton,Aston Villa,0,3,A,E0_24_25.csv,1.2,1.2,0.0,2
2025-04-02,Southampton,Crystal Palace,1,1,D,E0_24_25.csv,1.0,1.2,-0.19999999999999996,1
2025-04-02,Liverpool,Everton,1,0,H,E0_24_25.csv,1.0,1.2,-0.19999999999999996,0
2025-04-02,Newcastle,Brentford,2,1,H,E0_24_25.csv,1.2,1.0,0.19999999999999996,0
2025-04-03,Chelsea,Tottenham,1,0,H,E0_24_25.csv,1.0,1.0,0.0,0
2025-04-04,Vallecano,Espanol,0,4,A,SP1 (1).csv,1.0,1.2,-0.19999999999999996,2
2025-04-05,Aston Villa,Nott'm Forest,2,1,H,E0_24_25.csv,1.2,1.2,0.0,0
2025-04-05,Mallorca,Celta,1,2,A,SP1 (1).csv,1.2,1.6,-0.40000000000000013,2
2025-04-05,Everton,Arsenal,1,1,D,E0_24_25.csv,1.0,1.6,-0.6000000000000001,1
2025-04-05,Girona,Alaves,0,1,A,SP1 (1).csv,0.8,1.8,-1.0,2
2025-04-05,Crystal Palace,Brighton,2,1,H,E0_24_25.csv,1.2,1.2,0.0,0
2025-04-05,Barcelona,Betis,1,1,D,SP1 (1).csv,1.0,1.2,-0.19999999999999996,1
2025-04-05,Ipswich,Wolves,1,2,A,E0_24_25.csv,1.0,1.2,-0.19999999999999996,2
2025-04-05,West Ham,Bournemouth,2,2,D,E0_24_25.csv,1.2,1.4,-0.19999999999999996,1
2025-04-05,Real Madrid,Valencia,1,2,A,SP1 (1).csv,1.4,1.6,-0.20000000000000018,2
2025-04-06,Villarreal,Ath Bilbao,0,0,D,SP1 (1).csv,1.0,1.4,-0.3999999999999999,1
2025-04-06,Valladolid,Getafe,0,4,A,SP1 (1).csv,0.8,2.0,-1.2,2
2025-04-06,Sevilla,Ath Madrid,1,2,A,SP1 (1).csv,0.8,2.0,-1.2,2
2025-04-06,Las Palmas,Sociedad,1,3,A,SP1 (1).csv,0.6,2.2,-1.6,2
2025-04-06,Brentford,Chelsea,0,0,D,E0_24_25.csv,0.4,1.8,-1.4,1
2025-04-06,Tottenham,Southampton,3,1,H,E0_24_25.csv,1.0,2.0,-1.0,0
2025-04-06,Fulham,Liverpool,3,2,H,E0_24_25.csv,1.6,1.6,0.0,0
2025-04-06,Man United,Man City,0,0,D,E0_24_25.csv,1.4,1.2,0.19999999999999996,1
2025-04-07,Leganes,Osasuna,1,1,D,SP1 (1).csv,1.4,0.8,0.5999999999999999,1
2025-04-07,Leicester,Newcastle,0,3,A,E0_24_25.csv,1.4,1.4,0.0,2
2025-04-11,Valencia,Sevilla,1,0,H,SP1 (1).csv,1.0,1.2,-0.19999999999999996,0
2025-04-12,Leganes,Barcelona,0,1,A,SP1 (1).csv,0.4,1.0,-0.6,2
2025-04-12,Sociedad,Mallorca,0,2,A,SP1 (1).csv,0.4,1.4,-0.9999999999999999,2
2025-04-12,Getafe,Las Palmas,1,3,A,SP1 (1).csv,0.4,1.8,-1.4,2
2025-04-12,Brighton,Leicester,2,2,D,E0_24_25.csv,0.8,1.6,-0.8,1
2025-04-12,Celta,Espanol,0,2,A,SP1 (1).csv,0.6,2.0,-1.4,2
2025-04-12,Arsenal,Brentford,1,1,D,E0_24_25.csv,0.8,2.0,-1.2,1
2025-04-12,Man City,Crystal Palace,5,2,H,E0_24_25.csv,1.8,2.0,-0.19999999999999996,0
2025-04-12,Nott'm Forest,Everton,0,1,A,E0_24_25.csv,1.6,1.6,0.0,2
2025-04-12,Southampton,Aston Villa,0,3,A,E0_24_25.csv,1.2,1.8,-0.6000000000000001,2
2025-04-13,Wolves,Tottenham,4,2,H,E0_24_25.csv,2.0,1.8,0.19999999999999996,0
2025-04-13,Osasuna,Girona,2,1,H,SP1 (1).csv,2.2,1.8,0.40000000000000013,0
2025-04-13,Newcastle,Man United,4,1,H,E0_24_25.csv,2.0,1.6,0.3999999999999999,0
2025-04-13,Alaves,Real Madrid,0,1,A,SP1 (1).csv,2.0,1.6,0.3999999999999999,2
2025-04-13,Betis,Villarreal,1,2,A,SP1 (1).csv,2.2,1.4,0.8000000000000003,2
2025-04-13,Ath Bilbao,Vallecano,3,1,H,SP1 (1).csv,2.0,1.2,0.8,0
2025-04-13,Chelsea,Ipswich,2,2,D,E0_24_25.csv,2.0,1.4,0.6000000000000001,1
2025-04-13,Liverpool,West Ham,2,1,H,E0_24_25.csv,1.6,1.4,0.20000000000000018,0
2025-04-14,Ath Madrid,Valladolid,4,2,H,SP1 (1).csv,2.4,1.6,0.7999999999999998,0
2025-04-14,Bournemouth,Fulham,1,0,H,E0_24_25.csv,2.4,1.2,1.2,0
2025-04-16,Newcastle,Crystal Palace,5,0,H,E0_24_25.csv,2.8,1.0,1.7999999999999998,0
2025-04-18,Espanol,Getafe,1,0,H,SP1 (1).csv,2.6,0.6,2.0,0
2025-04-19,Brentford,Brighton,4,2,H,E0_24_25.csv,3.0,0.8,2.2,0
2025-04-19,Aston Villa,Newcastle,4,1,H,E0_24_25.csv,3.0,0.6,2.4,0
2025-04-19,Everton,Man City,0,2,A,E0_24_25.csv,2.8,1.0,1.7999999999999998,2
2025-04-19,West Ham,Southampton,1,1,D,E0_24_25.csv,2.0,1.2,0.8,1
2025-04-19,Crystal Palace,Bournemouth,0,0,D,E0_24_25.csv,1.8,1.2,0.6000000000000001,1
2025-04-19,Barcelona,Celta,4,3,H,SP1 (1).csv,1.8,1.4,0.40000000000000013,0
2025-04-19,Mallorca,Leganes,0,0,D,SP1 (1).csv,1.0,1.2,-0.19999999999999996,1
2025-04-19,Las Palmas,Ath Madrid,1,0,H,SP1 (1).csv,1.2,0.8,0.3999999999999999,0
2025-04-19,Vallecano,Valencia,1,1,D,SP1 (1).csv,1.2,0.8,0.3999999999999999,1
2025-04-20,Leicester,Liverpool,0,1,A,E0_24_25.csv,1.2,1.0,0.19999999999999996,2
2025-04-20,Ipswich,Arsenal,0,4,A,E0_24_25.csv,0.4,1.2,-0.7999999999999999,2
2025-04-20,Fulham,Chelsea,1,2,A,E0_24_25.csv,0.6,1.6,-1.0,2
2025-04-20,Valladolid,Osasuna,2,3,A,SP1 (1).csv,0.8,2.2,-1.4000000000000001,2
2025-04-20,Villarreal,Sociedad,2,2,D,SP1 (1).csv,1.0,2.4,-1.4,1
2025-04-20,Sevilla,Alaves,1,1,D,SP1 (1).csv,1.2,2.4,-1.2,1
2025-04-20,Real Madrid,Ath Bilbao,1,0,H,SP1 (1).csv,1.4,1.6,-0.20000000000000018,0
2025-04-20,Man United,Wolves,0,1,A,E0_24_25.csv,1.2,1.4,-0.19999999999999996,2
2025-04-21,Girona,Betis,1,3,A,SP1 (1).csv,1.0,1.4,-0.3999999999999999,2
2025-04-21,Tottenham,Nott'm Forest,1,2,A,E0_24_25.csv,0.8,1.4,-0.5999999999999999,2
2025-04-22,Barcelona,Mallorca,1,0,H,SP1 (1).csv,0.8,1.2,-0.3999999999999999,0
2025-04-22,Man City,Aston Villa,2,1,H,E0_24_25.csv,1.0,1.4,-0.3999999999999999,0
2025-04-22,Valencia,Espanol,1,1,D,SP1 (1).csv,1.2,1.4,-0.19999999999999996,1
2025-04-23,Celta,Villarreal,3,0,H,SP1 (1).csv,1.6,0.8,0.8,0
2025-04-23,Alaves,Sociedad,1,0,H,SP1 (1).csv,1.6,0.4,1.2000000000000002,0
2025-04-23,Ath Bilbao,Las Palmas,1,0,H,SP1 (1).csv,1.6,0.4,1.2000000000000002,0
2025-04-23,Arsenal,Crystal Palace,2,2,D,E0_24_25.csv,1.6,0.6,1.0,1
2025-04-23,Getafe,Real Madrid,0,1,A,SP1 (1).csv,1.4,0.6,0.7999999999999999,2
2025-04-24,Leganes,Girona,1,1,D,SP1 (1).csv,1.0,0.8,0.19999999999999996,1
2025-04-24,Osasuna,Sevilla,1,0,H,SP1 (1).csv,1.0,0.8,0.19999999999999996,0
2025-04-24,Ath Madrid,Vallecano,3,0,H,SP1 (1).csv,1.4,0.8,0.5999999999999999,0
2025-04-24,Betis,Valladolid,5,1,H,SP1 (1).csv,2.0,0.6,1.4,0
2025-04-26,Chelsea,Everton,1,0,H,E0_24_25.csv,2.2,0.4,1.8000000000000003,0
2025-04-26,Brighton,West Ham,3,2,H,E0_24_25.csv,2.6,0.6,2.0,0
2025-04-26,Newcastle,Ipswich,3,0,H,E0_24_25.csv,3.0,0.6,2.4,0
2025-04-26,Wolves,Leicester,3,0,H,E0_24_25.csv,3.0,0.6,2.4,0
2025-04-26,Southampton,Fulham,1,2,A,E0_24_25.csv,2.2,0.8,1.4000000000000001,2
2025-04-27,Liverpool,Tottenham,5,1,H,E0_24_25.csv,3.0,1.0,2.0,0
2025-04-27,Villarreal,Espanol,1,0,H,SP1 (1).csv,2.6,0.6,2.0,0
2025-04-27,Bournemouth,Man United,1,1,D,E0_24_25.csv,2.2,0.8,1.4000000000000001,1
2025-05-01,Nott'm Forest,Brentford,0,2,A,E0_24_25.csv,1.6,1.2,0.40000000000000013,2
2025-05-02,Man City,Wolves,1,0,H,E0_24_25.csv,1.6,0.8,0.8,0
2025-05-02,Vallecano,Getafe,1,0,H,SP1 (1).csv,0.8,0.6,0.20000000000000007,0
2025-05-03,Villarreal,Osasuna,4,2,H,SP1 (1).csv,1.4,1.0,0.3999999999999999,0
2025-05-03,Las Palmas,Valencia,2,3,A,SP1 (1).csv,1.6,1.4,0.20000000000000018,2
2025-05-03,Everton,Ipswich,2,2,D,E0_24_25.csv,2.0,1.4,0.6000000000000001,1
2025-05-03,Valladolid,Barcelona,1,2,A,SP1 (1).csv,2.0,1.8,0.19999999999999996,2
2025-05-03,Arsenal,Bournemouth,1,2,A,E0_24_25.csv,2.0,2.2,-0.20000000000000018,2
2025-05-03,Alaves,Ath Madrid,0,0,D,SP1 (1).csv,1.2,1.8,-0.6000000000000001,1
2025-05-03,Aston Villa,Fulham,1,0,H,E0_24_25.csv,1.0,1.2,-0.19999999999999996,0
2025-05-03,Leicester,Southampton,2,0,H,E0_24_25.csv,1.0,0.8,0.19999999999999996,0
2025-05-04,Real Madrid,Celta,3,2,H,SP1 (1).csv,1.4,0.8,0.5999999999999999,0
2025-05-04,Sevilla,Leganes,2,2,D,SP1 (1).csv,1.6,0.8,0.8,1
2025-05-04,Espanol,Betis,1,2,A,SP1 (1).csv,1.8,1.2,0.6000000000000001,2
2025-05-04,Sociedad,Ath Bilbao,0,0,D,SP1 (1).csv,1.6,1.2,0.40000000000000013,1
2025-05-04,Brighton,Newcastle,1,1,D,E0_24_25.csv,1.4,1.4,0.0,1
2025-05-04,West Ham,Tottenham,1,1,D,E0_24_25.csv,1.0,1.2,-0.19999999999999996,1
2025-05-04,Chelsea,Liverpool,3,1,H,E0_24_25.csv,1.2,1.0,0.19999999999999996,0
2025-05-04,Brentford,Man United,4,3,H,E0_24_25.csv,1.8,1.2,0.6000000000000001,0
2025-05-05,Girona,Mallorca,1,0,H,SP1 (1).csv,2.0,1.2,0.8,0
2025-05-05,Crystal Palace,Nott'm Forest,1,1,D,E0_24_25.csv,2.0,1.2,0.8,1
2025-05-09,Las Palmas,Vallecano,0,1,A,SP1 (1).csv,1.8,1.2,0.6000000000000001,2
2025-05-10,Celta,Sevilla,3,2,H,SP1 (1).csv,1.8,1.4,0.40000000000000013,0
2025-05-10,Girona,Villarreal,0,1,A,SP1 (1).csv,1.0,1.0,0.0,2
2025-05-10,Ipswich,Brentford,0,1,A,E0_24_25.csv,0.8,1.2,-0.3999999999999999,2
2025-05-10,Valencia,Getafe,3,0,H,SP1 (1).csv,1.2,1.0,0.19999999999999996,0
2025-05-10,Mallorca,Valladolid,2,1,H,SP1 (1).csv,1.6,1.0,0.6000000000000001,0
2025-05-10,Bournemouth,Aston Villa,0,1,A,E0_24_25.csv,1.0,0.8,0.19999999999999996,2
2025-05-10,Southampton,Man City,0,0,D,E0_24_25.csv,1.0,0.6,0.4,1
2025-05-10,Fulham,Everton,1,3,A,E0_24_25.csv,1.2,1.0,0.19999999999999996,2
2025-05-10,Ath Madrid,Sociedad,4,0,H,SP1 (1).csv,1.4,1.0,0.3999999999999999,0
2025-05-10,Wolves,Brighton,0,2,A,E0_24_25.csv,1.0,1.2,-0.19999999999999996,2
2025-05-11,Leganes,Espanol,3,2,H,SP1 (1).csv,1.6,1.4,0.20000000000000018,0
2025-05-11,Barcelona,Real Madrid,4,3,H,SP1 (1).csv,2.4,2.0,0.3999999999999999,0
2025-05-11,Ath Bilbao,Alaves,1,0,H,SP1 (1).csv,2.4,1.4,1.0,0
2025-05-11,Betis,Osasuna,1,1,D,SP1 (1).csv,1.8,1.6,0.19999999999999996,1
2025-05-11,Nott'm Forest,Leicester,2,2,D,E0_24_25.csv,2.2,1.6,0.6000000000000001,1
2025-05-11,Tottenham,Crystal Palace,0,2,A,E0_24_25.csv,1.6,1.6,0.0,2
2025-05-11,Newcastle,Chelsea,2,0,H,E0_24_25.csv,1.2,1.0,0.19999999999999996,0
2025-05-11,Man United,West Ham,0,2,A,E0_24_25.csv,1.0,1.4,-0.3999999999999999,2
2025-05-11,Liverpool,Arsenal,2,2,D,E0_24_25.csv,1.2,1.6,-0.40000000000000013,1
2025-05-13,Sevilla,Las Palmas,1,0,H,SP1 (1).csv,1.0,1.2,-0.19999999999999996,0
2025-05-13,Sociedad,Celta,0,1,A,SP1 (1).csv,1.0,1.0,0.0,2
2025-05-13,Valladolid,Girona,0,1,A,SP1 (1).csv,0.6,1.2,-0.6,2
2025-05-14,Real Madrid,Mallorca,2,1,H,SP1 (1).csv,1.0,1.0,0.0,0
2025-05-14,Villarreal,Leganes,3,0,H,SP1 (1).csv,1.2,0.6,0.6,0
2025-05-14,Alaves,Valencia,1,0,H,SP1 (1).csv,1.2,0.6,0.6,0
2025-05-15,Vallecano,Betis,2,2,D,SP1 (1).csv,1.6,0.8,0.8,1
2025-05-15,Osasuna,Ath Madrid,2,0,H,SP1 (1).csv,2.0,0.6,1.4,0
2025-05-15,Espanol,Barcelona,0,2,A,SP1 (1).csv,1.6,0.8,0.8,2
2025-05-15,Getafe,Ath Bilbao,0,2,A,SP1 (1).csv,1.0,1.2,-0.19999999999999996,2
2025-05-16,Chelsea,Man United,1,0,H,E0_24_25.csv,1.0,1.2,-0.19999999999999996,0
2025-05-16,Aston Villa,Tottenham,2,0,H,E0_24_25.csv,1.0,0.8,0.19999999999999996,0
2025-05-18,Osasuna,Espanol,2,0,H,SP1 (1).csv,1.0,0.8,0.19999999999999996,0
2025-05-18,Arsenal,Newcastle,1,0,H,E0_24_25.csv,1.2,0.4,0.7999999999999999,0
2025-05-18,Sociedad,Girona,3,2,H,SP1 (1).csv,1.8,0.4,1.4,0
2025-05-18,Brentford,Fulham,2,3,A,E0_24_25.csv,2.0,1.0,1.0,2
2025-05-18,Valencia,Ath Bilbao,0,1,A,SP1 (1).csv,1.6,1.2,0.40000000000000013,2
2025-05-18,Sevilla,Real Madrid,0,2,A,SP1 (1).csv,1.2,1.6,-0.40000000000000013,2
2025-05-18,Las Palmas,Leganes,0,1,A,SP1 (1).csv,1.0,1.8,-0.8,2
2025-05-18,Mallorca,Getafe,1,2,A,SP1 (1).csv,0.6,1.8,-1.2000000000000002,2
2025-05-18,Barcelona,Villarreal,2,3,A,SP1 (1).csv,0.6,1.8,-1.2000000000000002,2
2025-05-18,Ath Madrid,Betis,4,1,H,SP1 (1).csv,1.4,1.8,-0.40000000000000013,0
2025-05-18,Leicester,Ipswich,2,0,H,E0_24_25.csv,1.8,1.4,0.40000000000000013,0
2025-05-18,Valladolid,Alaves,0,1,A,SP1 (1).csv,1.8,1.4,0.40000000000000013,2
2025-05-18,West Ham,Nott'm Forest,1,2,A,E0_24_25.csv,1.8,1.4,0.40000000000000013,2
2025-05-18,Everton,Southampton,2,0,H,E0_24_25.csv,1.8,0.8,1.0,0
2025-05-18,Celta,Vallecano,1,2,A,SP1 (1).csv,1.2,1.0,0.19999999999999996,2
2025-05-19,Brighton,Liverpool,3,2,H,E0_24_25.csv,1.4,1.4,0.0,0
2025-05-20,Crystal Palace,Wolves,4,2,H,E0_24_25.csv,2.2,1.6,0.6000000000000001,0
2025-05-20,Man City,Bournemouth,3,1,H,E0_24_25.csv,2.6,1.4,1.2000000000000002,0
2025-05-23,Betis,Valencia,1,1,D,SP1 (1).csv,2.4,1.6,0.7999999999999998,1
2025-05-24,Vallecano,Mallorca,0,0,D,SP1 (1).csv,2.2,1.2,1.0000000000000002,1
2025-05-24,Getafe,Celta,1,2,A,SP1 (1).csv,1.8,1.2,0.6000000000000001,2
2025-05-24,Real Madrid,Sociedad,2,0,H,SP1 (1).csv,1.4,0.8,0.5999999999999999,0
2025-05-24,Leganes,Valladolid,3,0,H,SP1 (1).csv,1.4,0.6,0.7999999999999999,0
2025-05-24,Espanol,Las Palmas,2,0,H,SP1 (1).csv,1.6,0.4,1.2000000000000002,0
2025-05-24,Alaves,Osasuna,1,1,D,SP1 (1).csv,1.8,0.6,1.2000000000000002,1
2025-05-25,Ipswich,West Ham,1,3,A,E0_24_25.csv,1.8,0.8,1.0,2
2025-05-25,Liverpool,Crystal Palace,1,1,D,E0_24_25.csv,1.6,1.0,0.6000000000000001,1
2025-05-25,Fulham,Man City,0,2,A,E0_24_25.csv,1.0,1.4,-0.3999999999999999,2
2025-05-25,Newcastle,Everton,0,1,A,E0_24_25.csv,0.6,1.6,-1.0,2
2025-05-25,Man United,Aston Villa,2,0,H,E0_24_25.csv,0.8,1.4,-0.5999999999999999,0
2025-05-25,Nott'm Forest,Chelsea,0,1,A,E0_24_25.csv,0.6,1.0,-0.4,2
2025-05-25,Girona,Ath Madrid,0,4,A,SP1 (1).csv,0.4,1.6,-1.2000000000000002,2
2025-05-25,Tottenham,Brighton,1,4,A,E0_24_25.csv,0.6,2.0,-1.4,2
2025-05-25,Wolves,Brentford,1,1,D,E0_24_25.csv,0.8,2.0,-1.2,1
2025-05-25,Ath Bilbao,Barcelona,0,3,A,SP1 (1).csv,0.4,2.6,-2.2,2
2025-05-25,Bournemouth,Leicester,2,0,H,E0_24_25.csv,0.8,2.4,-1.5999999999999999,0
2025-05-25,Villarreal,Sevilla,4,2,H,SP1 (1).csv,1.6,2.0,-0.3999999999999999,0
2025-05-25,Southampton,Arsenal,1,2,A,E0_24_25.csv,1.6,1.6,0.0,2
2025-08-15,Liverpool,Bournemouth,4,2,H,E0_25_26.csv,2.2,1.8,0.40000000000000013,0
2025-08-15,Girona,Vallecano,1,3,A,SP1.csv,2.4,1.8,0.5999999999999999,2
2025-08-15,Villarreal,Oviedo,2,0,H,SP1.csv,2.4,1.8,0.5999999999999999,0
2025-08-16,Mallorca,Barcelona,0,3,A,SP1.csv,1.6,2.0,-0.3999999999999999,2
2025-08-16,Alaves,Levante,2,1,H,SP1.csv,1.8,1.8,0.0,0
2025-08-16,Wolves,Man City,0,4,A,E0_25_26.csv,1.0,2.2,-1.2000000000000002,2
2025-08-16,Valencia,Sociedad,1,1,D,SP1.csv,1.0,1.8,-0.8,1
2025-08-16,Sunderland,West Ham,3,0,H,E0_25_26.csv,1.2,1.8,-0.6000000000000001,0
2025-08-16,Brighton,Fulham,1,1,D,E0_25_26.csv,1.4,1.4,0.0,1
2025-08-16,Aston Villa,Newcastle,0,0,D,E0_25_26.csv,1.0,1.2,-0.19999999999999996,1
2025-08-16,Tottenham,Burnley,3,0,H,E0_25_26.csv,1.6,0.4,1.2000000000000002,0
2025-08-17,Celta,Getafe,0,2,A,SP1.csv,1.4,0.6,0.7999999999999999,2
2025-08-17,Espanol,Ath Madrid,2,1,H,SP1.csv,1.2,0.8,0.3999999999999999,0
2025-08-17,Ath Bilbao,Sevilla,3,2,H,SP1.csv,1.6,1.0,0.6000000000000001,0
2025-08-17,Man United,Arsenal,0,1,A,E0_25_26.csv,1.6,1.2,0.40000000000000013,2
2025-08-17,Nott'm Forest,Brentford,3,1,H,E0_25_26.csv,1.6,1.4,0.20000000000000018,0
2025-08-17,Chelsea,Crystal Palace,0,0,D,E0_25_26.csv,1.6,1.0,0.6000000000000001,1
2025-08-18,Leeds,Everton,1,0,H,E0_25_26.csv,1.4,0.8,0.5999999999999999,0
2025-08-18,Elche,Betis,1,1,D,SP1.csv,1.0,0.6,0.4,1
2025-08-19,Real Madrid,Osasuna,1,0,H,SP1.csv,1.2,0.4,0.7999999999999999,0
2025-08-22,West Ham,Chelsea,1,5,A,E0_25_26.csv,0.8,1.2,-0.3999999999999999,2
2025-08-22,Betis,Alaves,1,0,H,SP1.csv,1.0,1.2,-0.19999999999999996,0
2025-08-23,Mallorca,Celta,1,1,D,SP1.csv,1.0,1.4,-0.3999999999999999,1
2025-08-23,Arsenal,Leeds,5,0,H,E0_25_26.csv,1.8,1.2,0.6000000000000001,0
2025-08-23,Burnley,Sunderland,2,0,H,E0_25_26.csv,2.0,1.2,0.8,0
2025-08-23,Brentford,Aston Villa,1,0,H,E0_25_26.csv,2.0,0.2,1.8,0
2025-08-23,Bournemouth,Wolves,1,0,H,E0_25_26.csv,2.0,0.2,1.8,0
2025-08-23,Ath Madrid,Elche,1,1,D,SP1.csv,2.0,0.2,1.8,1
2025-08-23,Levante,Barcelona,2,3,A,SP1.csv,1.4,0.8,0.5999999999999999,2
2025-08-23,Man City,Tottenham,0,2,A,E0_25_26.csv,1.0,1.2,-0.19999999999999996,2
2025-08-24,Osasuna,Valencia,1,0,H,SP1.csv,1.0,1.2,-0.19999999999999996,0
2025-08-24,Crystal Palace,Nott'm Forest,1,1,D,E0_25_26.csv,1.0,1.4,-0.3999999999999999,1
2025-08-24,Everton,Brighton,2,0,H,E0_25_26.csv,1.2,1.2,0.0,0
2025-08-24,Villarreal,Girona,5,0,H,SP1.csv,1.8,0.6,1.2000000000000002,0
2025-08-24,Sociedad,Espanol,2,2,D,SP1.csv,2.2,0.6,1.6,1
2025-08-24,Fulham,Man United,1,1,D,E0_25_26.csv,2.2,0.8,1.4000000000000001,1
2025-08-24,Oviedo,Real Madrid,0,3,A,SP1.csv,2.0,1.2,0.8,2
2025-08-25,Ath Bilbao,Vallecano,1,0,H,SP1.csv,1.8,1.2,0.6000000000000001,0
2025-08-25,Sevilla,Getafe,1,2,A,SP1.csv,1.0,1.6,-0.6000000000000001,2
2025-08-25,Newcastle,Liverpool,2,3,A,E0_25_26.csv,1.0,1.8,-0.8,2
2025-08-27,Celta,Betis,1,1,D,SP1.csv,1.0,1.8,-0.8,1
2025-08-29,Elche,Levante,2,0,H,SP1.csv,1.4,1.2,0.19999999999999996,0
2025-08-29,Valencia,Getafe,3,0,H,SP1.csv,1.8,1.2,0.6000000000000001,0
2025-08-30,Leeds,Newcastle,0,0,D,E0_25_26.csv,1.6,0.8,0.8,1
2025-08-30,Wolves,Everton,2,3,A,E0_25_26.csv,1.6,0.8,0.8,2
2025-08-30,Tottenham,Bournemouth,0,1,A,E0_25_26.csv,1.4,0.8,0.5999999999999999,2
2025-08-30,Sunderland,Brentford,2,1,H,E0_25_26.csv,1.4,1.0,0.3999999999999999,0
2025-08-30,Man United,Burnley,3,2,H,E0_25_26.csv,1.4,1.4,0.0,0
2025-08-30,Alaves,Ath Madrid,1,1,D,SP1.csv,1.6,1.6,0.0,1
2025-08-30,Oviedo,Sociedad,1,0,H,SP1.csv,1.4,1.0,0.3999999999999999,0
2025-08-30,Real Madrid,Mallorca,2,1,H,SP1.csv,1.8,1.0,0.8,0
2025-08-30,Girona,Sevilla,0,2,A,SP1.csv,1.4,1.2,0.19999999999999996,2
2025-08-30,Chelsea,Fulham,2,0,H,E0_25_26.csv,1.2,0.8,0.3999999999999999,0
2025-08-31,Nott'm Forest,West Ham,0,3,A,E0_25_26.csv,1.0,1.2,-0.19999999999999996,2
2025-08-31,Aston Villa,Crystal Palace,0,3,A,E0_25_26.csv,0.8,1.8,-1.0,2
2025-08-31,Liverpool,Arsenal,1,0,H,E0_25_26.csv,0.6,1.6,-1.0,0
2025-08-31,Brighton,Man City,2,1,H,E0_25_26.csv,1.0,1.4,-0.3999999999999999,0
2025-08-31,Espanol,Osasuna,1,0,H,SP1.csv,0.8,1.4,-0.5999999999999999,0
2025-08-31,Vallecano,Barcelona,1,1,D,SP1.csv,1.0,1.0,0.0,1
2025-08-31,Celta,Villarreal,1,1,D,SP1.csv,1.2,0.6,0.6,1
2025-08-31,Betis,Ath Bilbao,1,2,A,SP1.csv,1.2,1.0,0.19999999999999996,2
2025-09-12,Sevilla,Elche,2,2,D,SP1.csv,1.2,1.2,0.0,1
2025-09-13,Newcastle,Wolves,1,0,H,E0_25_26.csv,1.2,1.2,0.0,0
2025-09-13,Arsenal,Nott'm Forest,3,0,H,E0_25_26.csv,1.6,1.0,0.6000000000000001,0
2025-09-13,Bournemouth,Brighton,2,1,H,E0_25_26.csv,1.8,1.0,0.8,0
2025-09-13,Crystal Palace,Sunderland,0,0,D,E0_25_26.csv,1.6,0.6,1.0,1
2025-09-13,Everton,Aston Villa,0,0,D,E0_25_26.csv,1.2,0.2,1.0,1
2025-09-13,Fulham,Leeds,1,0,H,E0_25_26.csv,1.2,0.2,1.0,0
2025-09-13,West Ham,Tottenham,0,3,A,E0_25_26.csv,0.6,0.8,-0.20000000000000007,2
2025-09-13,Getafe,Oviedo,2,0,H,SP1.csv,0.6,0.6,0.0,0
2025-09-13,Ath Bilbao,Alaves,0,1,A,SP1.csv,0.6,0.8,-0.20000000000000007,2
2025-09-13,Sociedad,Real Madrid,1,2,A,SP1.csv,0.8,1.2,-0.3999999999999999,2
2025-09-13,Brentford,Chelsea,2,2,D,E0_25_26.csv,1.0,1.6,-0.6000000000000001,1
2025-09-13,Ath Madrid,Villarreal,2,0,H,SP1.csv,1.4,1.0,0.3999999999999999,0
2025-09-14,Burnley,Liverpool,0,1,A,E0_25_26.csv,1.0,1.2,-0.19999999999999996,2
2025-09-14,Man City,Man United,3,0,H,E0_25_26.csv,1.6,1.0,0.6000000000000001,0
2025-09-14,Celta,Girona,1,1,D,SP1.csv,1.6,0.8,0.8,1
2025-09-14,Levante,Betis,2,2,D,SP1.csv,1.6,0.8,0.8,1
2025-09-14,Osasuna,Vallecano,2,0,H,SP1.csv,1.6,0.8,0.8,0
2025-09-14,Barcelona,Valencia,6,0,H,SP1.csv,2.8,0.6,2.1999999999999997,0
2025-09-15,Espanol,Mallorca,3,2,H,SP1.csv,2.8,1.0,1.7999999999999998,0
2025-09-19,Betis,Sociedad,3,1,H,SP1.csv,3.2,1.0,2.2,0
2025-09-20,Alaves,Sevilla,1,2,A,SP1.csv,3.0,1.0,2.0,2
2025-09-20,Liverpool,Everton,2,1,H,E0_25_26.csv,3.0,1.2,1.8,0
2025-09-20,Fulham,Brentford,3,1,H,E0_25_26.csv,2.4,1.4,1.0,0
2025-09-20,Girona,Levante,0,4,A,SP1.csv,1.8,1.8,0.0,2
2025-09-20,Real Madrid,Espanol,2,0,H,SP1.csv,1.6,1.6,0.0,0
2025-09-20,Villarreal,Osasuna,2,1,H,SP1.csv,1.8,1.4,0.40000000000000013,0
2025-09-20,Brighton,Tottenham,2,2,D,E0_25_26.csv,1.8,1.6,0.19999999999999996,1
2025-09-20,Burnley,Nott'm Forest,1,1,D,E0_25_26.csv,1.4,1.6,-0.20000000000000018,1
2025-09-20,West Ham,Crystal Palace,1,2,A,E0_25_26.csv,1.6,1.2,0.40000000000000013,2
2025-09-20,Wolves,Leeds,1,3,A,E0_25_26.csv,1.4,1.8,-0.40000000000000013,2
2025-09-20,Man United,Chelsea,2,1,H,E0_25_26.csv,1.4,1.8,-0.40000000000000013,0
2025-09-20,Valencia,Ath Bilbao,2,0,H,SP1.csv,1.4,1.4,0.0,0
2025-09-21,Bournemouth,Newcastle,0,0,D,E0_25_26.csv,1.2,1.2,0.0,1
2025-09-21,Vallecano,Celta,1,1,D,SP1.csv,1.2,1.0,0.19999999999999996,1
2025-09-21,Sunderland,Aston Villa,1,1,D,E0_25_26.csv,1.2,0.6,0.6,1
2025-09-21,Elche,Oviedo,1,0,H,SP1.csv,1.0,0.4,0.6,0
2025-09-21,Mallorca,Ath Madrid,1,1,D,SP1.csv,0.8,0.6,0.20000000000000007,1
2025-09-21,Arsenal,Man City,1,1,D,E0_25_26.csv,1.0,0.8,0.19999999999999996,1
2025-09-21,Barcelona,Getafe,3,0,H,SP1.csv,1.4,0.6,0.7999999999999999,0
2025-09-23,Ath Bilbao,Girona,1,1,D,SP1.csv,1.4,0.6,0.7999999999999999,1
2025-09-23,Espanol,Valencia,2,2,D,SP1.csv,1.6,1.0,0.6000000000000001,1
2025-09-23,Sevilla,Villarreal,1,2,A,SP1.csv,1.6,1.2,0.40000000000000013,2
2025-09-23,Levante,Real Madrid,1,4,A,SP1.csv,1.6,1.8,-0.19999999999999996,2
2025-09-24,Getafe,Alaves,1,1,D,SP1.csv,1.2,2.0,-0.8,1
2025-09-24,Ath Madrid,Vallecano,3,2,H,SP1.csv,1.6,2.2,-0.6000000000000001,0
2025-09-24,Sociedad,Mallorca,1,0,H,SP1.csv,1.4,1.8,-0.40000000000000013,0
2025-09-25,Oviedo,Barcelona,1,3,A,SP1.csv,1.4,2.0,-0.6000000000000001,2
2025-09-25,Osasuna,Elche,1,1,D,SP1.csv,1.4,1.4,0.0,1
2025-09-26,Girona,Espanol,0,0,D,SP1.csv,1.2,1.2,0.0,1
2025-09-27,Leeds,Bournemouth,2,2,D,E0_25_26.csv,1.0,1.2,-0.19999999999999996,1
2025-09-27,Tottenham,Wolves,1,1,D,E0_25_26.csv,1.0,1.4,-0.3999999999999999,1
2025-09-27,Nott'm Forest,Sunderland,0,1,A,E0_25_26.csv,0.8,1.0,-0.19999999999999996,2
2025-09-27,Man City,Burnley,5,1,H,E0_25_26.csv,1.6,1.0,0.6000000000000001,0
2025-09-27,Crystal Palace,Liverpool,2,1,H,E0_25_26.csv,2.0,1.2,0.8,0
2025-09-27,Chelsea,Brighton,1,3,A,E0_25_26.csv,1.8,1.4,0.40000000000000013,2
2025-09-27,Getafe,Levante,1,1,D,SP1.csv,1.8,1.4,0.40000000000000013,1
2025-09-27,Ath Madrid,Real Madrid,5,2,H,SP1.csv,2.8,1.6,1.1999999999999997,0
2025-09-27,Mallorca,Alaves,1,0,H,SP1.csv,2.0,1.4,0.6000000000000001,0
2025-09-27,Villarreal,Ath Bilbao,1,0,H,SP1.csv,1.8,1.2,0.6000000000000001,0
2025-09-27,Brentford,Man United,3,1,H,E0_25_26.csv,2.2,0.8,1.4000000000000001,0
2025-09-28,Vallecano,Sevilla,0,1,A,SP1.csv,2.0,0.8,1.2,2
2025-09-28,Elche,Celta,2,1,H,SP1.csv,1.4,0.6,0.7999999999999999,0
2025-09-28,Barcelona,Sociedad,2,1,H,SP1.csv,1.6,0.8,0.8,0
2025-09-28,Betis,Osasuna,2,0,H,SP1.csv,1.8,0.8,1.0,0
2025-09-28,Newcastle,Arsenal,1,2,A,E0_25_26.csv,1.4,1.0,0.3999999999999999,2
2025-09-28,Aston Villa,Fulham,3,1,H,E0_25_26.csv,2.0,1.0,1.0,0
2025-09-29,Everton,West Ham,1,1,D,E0_25_26.csv,1.8,1.0,0.8,1
2025-09-30,Valencia,Oviedo,1,2,A,SP1.csv,1.6,1.2,0.40000000000000013,2
2025-10-03,Osasuna,Getafe,2,1,H,SP1.csv,1.6,1.4,0.20000000000000018,0
2025-10-03,Bournemouth,Fulham,3,1,H,E0_25_26.csv,2.0,1.2,0.8,0
2025-10-04,Man United,Sunderland,2,0,H,E0_25_26.csv,1.8,1.0,0.8,0
2025-10-04,Arsenal,West Ham,2,0,H,E0_25_26.csv,2.0,0.8,1.2,0
2025-10-04,Oviedo,Levante,0,2,A,SP1.csv,1.8,0.8,1.0,2
2025-10-04,Girona,Valencia,2,1,H,SP1.csv,1.8,0.8,1.0,0
2025-10-04,Ath Bilbao,Mallorca,2,1,H,SP1.csv,1.6,0.8,0.8,0
2025-10-04,Real Madrid,Villarreal,3,1,H,SP1.csv,1.8,1.0,0.8,0
2025-10-04,Leeds,Tottenham,1,2,A,E0_25_26.csv,1.6,1.4,0.20000000000000018,2
2025-10-04,Chelsea,Liverpool,2,1,H,E0_25_26.csv,2.0,1.2,0.8,0
2025-10-05,Wolves,Brighton,1,1,D,E0_25_26.csv,1.8,1.2,0.6000000000000001,1
2025-10-05,Aston Villa,Burnley,2,1,H,E0_25_26.csv,1.8,1.2,0.6000000000000001,0
2025-10-05,Everton,Crystal Palace,2,1,H,E0_25_26.csv,1.6,1.2,0.40000000000000013,0
2025-10-05,Newcastle,Nott'm Forest,2,0,H,E0_25_26.csv,1.8,0.8,1.0,0
2025-10-05,Brentford,Man City,0,1,A,E0_25_26.csv,1.4,0.8,0.5999999999999999,2
2025-10-05,Sociedad,Vallecano,0,1,A,SP1.csv,1.2,0.8,0.3999999999999999,2
2025-10-05,Espanol,Betis,1,2,A,SP1.csv,1.0,1.0,0.0,2
2025-10-05,Sevilla,Barcelona,4,1,H,SP1.csv,1.4,1.0,0.3999999999999999,0
2025-10-05,Alaves,Elche,3,1,H,SP1.csv,1.6,1.2,0.40000000000000013,0
2025-10-05,Celta,Ath Madrid,1,1,D,SP1.csv,1.8,1.2,0.6000000000000001,1
2025-10-17,Oviedo,Espanol,0,2,A,SP1.csv,1.8,1.4,0.40000000000000013,2
2025-10-18,Sevilla,Mallorca,1,3,A,SP1.csv,1.8,1.6,0.19999999999999996,2
2025-10-18,Ath Madrid,Osasuna,1,0,H,SP1.csv,1.2,1.4,-0.19999999999999996,0
2025-10-18,Villarreal,Betis,2,2,D,SP1.csv,1.0,1.6,-0.6000000000000001,1
2025-10-18,Barcelona,Girona,2,1,H,SP1.csv,1.2,1.6,-0.40000000000000013,0
2025-10-18,Nott'm Forest,Chelsea,0,3,A,E0_25_26.csv,1.2,1.8,-0.6000000000000001,2
2025-10-18,Man City,Everton,2,0,H,E0_25_26.csv,1.4,1.2,0.19999999999999996,0
2025-10-18,Burnley,Leeds,2,0,H,E0_25_26.csv,1.6,1.2,0.40000000000000013,0
2025-10-18,Crystal Palace,Bournemouth,3,3,D,E0_25_26.csv,1.8,1.4,0.40000000000000013,1
2025-10-18,Sunderland,Wolves,2,0,H,E0_25_26.csv,1.8,1.2,0.6000000000000001,0
2025-10-18,Fulham,Arsenal,0,1,A,E0_25_26.csv,1.8,0.8,1.0,2
2025-10-18,Brighton,Newcastle,2,1,H,E0_25_26.csv,1.8,1.0,0.8,0
2025-10-19,Elche,Ath Bilbao,0,0,D,SP1.csv,1.4,1.0,0.3999999999999999,1
2025-10-19,Celta,Sociedad,1,1,D,SP1.csv,1.0,0.6,0.4,1
2025-10-19,Levante,Vallecano,0,3,A,SP1.csv,0.6,1.2,-0.6,2
2025-10-19,Liverpool,Man United,1,2,A,E0_25_26.csv,0.8,1.4,-0.5999999999999999,2
2025-10-19,Getafe,Real Madrid,0,1,A,SP1.csv,0.4,1.4,-0.9999999999999999,2
2025-10-19,Tottenham,Aston Villa,1,2,A,E0_25_26.csv,0.6,1.8,-1.2000000000000002,2
2025-10-20,Alaves,Valencia,0,0,D,SP1.csv,0.4,1.6,-1.2000000000000002,1
2025-10-20,West Ham,Brentford,0,2,A,E0_25_26.csv,0.4,1.4,-0.9999999999999999,2
2025-10-24,Sociedad,Sevilla,2,1,H,SP1.csv,0.6,1.2,-0.6,0
2025-10-24,Leeds,West Ham,2,1,H,E0_25_26.csv,1.0,1.2,-0.19999999999999996,0
2025-10-25,Brentford,Liverpool,3,2,H,E0_25_26.csv,1.4,1.2,0.19999999999999996,0
2025-10-25,Man United,Brighton,4,2,H,E0_25_26.csv,2.2,1.6,0.6000000000000001,0
2025-10-25,Newcastle,Fulham,2,1,H,E0_25_26.csv,2.6,1.4,1.2000000000000002,0
2025-10-25,Espanol,Elche,1,0,H,SP1.csv,2.4,1.2,1.2,0
2025-10-25,Valencia,Villarreal,0,2,A,SP1.csv,2.0,1.4,0.6000000000000001,2
2025-10-25,Ath Bilbao,Getafe,0,1,A,SP1.csv,1.4,1.2,0.19999999999999996,2
2025-10-25,Girona,Oviedo,3,3,D,SP1.csv,1.2,1.4,-0.19999999999999996,1
2025-10-25,Chelsea,Sunderland,1,2,A,E0_25_26.csv,1.0,1.6,-0.6000000000000001,2
2025-10-26,Bournemouth,Nott'm Forest,2,0,H,E0_25_26.csv,1.2,1.6,-0.40000000000000013,0
2025-10-26,Real Madrid,Barcelona,2,1,H,SP1.csv,1.6,1.4,0.20000000000000018,0
2025-10-26,Vallecano,Alaves,1,0,H,SP1.csv,1.8,1.2,0.6000000000000001,0
2025-10-26,Mallorca,Levante,1,1,D,SP1.csv,1.4,0.8,0.5999999999999999,1
2025-10-26,Everton,Tottenham,0,3,A,E0_25_26.csv,1.2,1.0,0.19999999999999996,2
2025-10-26,Wolves,Burnley,2,3,A,E0_25_26.csv,1.2,1.6,-0.40000000000000013,2
2025-10-26,Arsenal,Crystal Palace,1,0,H,E0_25_26.csv,1.0,1.4,-0.3999999999999999,0
2025-10-26,Aston Villa,Man City,1,0,H,E0_25_26.csv,1.0,1.4,-0.3999999999999999,0
2025-10-26,Osasuna,Celta,2,3,A,SP1.csv,1.2,1.8,-0.6000000000000001,2
2025-10-27,Betis,Ath Madrid,0,2,A,SP1.csv,1.2,1.6,-0.40000000000000013,2
2025-10-31,Getafe,Girona,2,1,H,SP1.csv,1.2,1.2,0.0,0
2025-11-01,Villarreal,Vallecano,4,0,H,SP1.csv,1.8,1.2,0.6000000000000001,0
2025-11-01,Ath Madrid,Sevilla,3,0,H,SP1.csv,2.2,1.2,1.0000000000000002,0
2025-11-01,Crystal Palace,Brentford,2,0,H,E0_25_26.csv,2.2,0.6,1.6,0
2025-11-01,Sociedad,Ath Bilbao,3,2,H,SP1.csv,2.8,0.6,2.1999999999999997,0
2025-11-01,Tottenham,Chelsea,0,1,A,E0_25_26.csv,2.4,0.6,1.7999999999999998,2
2025-11-01,Brighton,Leeds,3,0,H,E0_25_26.csv,2.2,0.6,1.6,0
2025-11-01,Fulham,Wolves,3,0,H,E0_25_26.csv,2.2,0.6,1.6,0
2025-11-01,Real Madrid,Valencia,4,0,H,SP1.csv,2.6,0.6,2.0,0
2025-11-01,Burnley,Arsenal,0,2,A,E0_25_26.csv,2.0,0.6,1.4,2
2025-11-01,Liverpool,Aston Villa,2,0,H,E0_25_26.csv,2.4,0.4,2.0,0
2025-11-01,Nott'm Forest,Man United,2,2,D,E0_25_26.csv,2.2,0.8,1.4000000000000001,1
2025-11-02,Alaves,Espanol,2,1,H,SP1.csv,2.0,1.0,1.0,0
2025-11-02,Levante,Celta,1,2,A,SP1.csv,1.4,1.4,0.0,2
2025-11-02,Barcelona,Elche,3,1,H,SP1.csv,2.0,1.2,0.8,0
2025-11-02,West Ham,Newcastle,3,1,H,E0_25_26.csv,2.2,1.4,0.8000000000000003,0
2025-11-02,Man City,Bournemouth,3,1,H,E0_25_26.csv,2.4,1.2,1.2,0
2025-11-02,Betis,Mallorca,3,0,H,SP1.csv,2.6,1.0,1.6,0
2025-11-03,Oviedo,Osasuna,0,0,D,SP1.csv,2.4,0.6,1.7999999999999998,1
2025-11-03,Sunderland,Everton,1,1,D,E0_25_26.csv,2.0,0.6,1.4,1
2025-11-07,Elche,Sociedad,1,1,D,SP1.csv,1.6,0.6,1.0,1
2025-11-08,Sevilla,Osasuna,1,0,H,SP1.csv,1.2,0.4,0.7999999999999999,0
2025-11-08,Tottenham,Man United,2,2,D,E0_25_26.csv,1.0,0.8,0.19999999999999996,1
2025-11-08,Chelsea,Wolves,3,0,H,E0_25_26.csv,1.6,0.8,0.8,0
2025-11-08,Girona,Alaves,1,0,H,SP1.csv,1.6,0.6,1.0,0
2025-11-08,Ath Madrid,Levante,3,1,H,SP1.csv,2.0,0.6,1.4,0
2025-11-08,West Ham,Burnley,3,2,H,E0_25_26.csv,2.4,1.0,1.4,0
2025-11-08,Everton,Fulham,2,0,H,E0_25_26.csv,2.4,0.6,1.7999999999999998,0
2025-11-08,Espanol,Villarreal,0,2,A,SP1.csv,1.8,1.0,0.8,2
2025-11-08,Sunderland,Arsenal,2,2,D,E0_25_26.csv,2.0,1.4,0.6000000000000001,1
2025-11-09,Nott'm Forest,Leeds,3,1,H,E0_25_26.csv,2.0,1.4,0.6000000000000001,0
2025-11-09,Man City,Liverpool,3,0,H,E0_25_26.csv,2.0,1.0,1.0,0
2025-11-09,Crystal Palace,Brighton,0,0,D,E0_25_26.csv,1.6,1.0,0.6000000000000001,1
2025-11-09,Aston Villa,Bournemouth,4,0,H,E0_25_26.csv,2.4,0.6,1.7999999999999998,0
2025-11-09,Celta,Barcelona,2,4,A,SP1.csv,2.4,1.0,1.4,2
2025-11-09,Vallecano,Real Madrid,0,0,D,SP1.csv,1.8,0.8,1.0,1
2025-11-09,Mallorca,Getafe,1,0,H,SP1.csv,1.4,0.8,0.5999999999999999,0
2025-11-09,Valencia,Betis,1,1,D,SP1.csv,1.6,1.0,0.6000000000000001,1
2025-11-09,Brentford,Newcastle,3,1,H,E0_25_26.csv,1.4,1.2,0.19999999999999996,0
2025-11-09,Ath Bilbao,Oviedo,1,0,H,SP1.csv,1.2,0.4,0.7999999999999999,0
2025-11-21,Valencia,Levante,1,0,H,SP1.csv,1.4,0.4,0.9999999999999999,0
2025-11-22,Alaves,Celta,0,1,A,SP1.csv,1.2,0.6,0.6,2
2025-11-22,Osasuna,Sociedad,1,3,A,SP1.csv,1.2,1.0,0.19999999999999996,2
2025-11-22,Villarreal,Mallorca,2,1,H,SP1.csv,1.0,1.0,0.0,0
2025-11-22,Barcelona,Ath Bilbao,4,0,H,SP1.csv,1.6,1.0,0.6000000000000001,0
2025-11-22,Burnley,Chelsea,0,2,A,E0_25_26.csv,1.4,1.4,0.0,2
2025-11-22,Bournemouth,West Ham,2,2,D,E0_25_26.csv,1.8,1.6,0.19999999999999996,1
2025-11-22,Fulham,Sunderland,1,0,H,E0_25_26.csv,1.8,1.0,0.8,0
2025-11-22,Liverpool,Nott'm Forest,0,3,A,E0_25_26.csv,1.4,1.4,0.0,2
2025-11-22,Brighton,Brentford,2,1,H,E0_25_26.csv,1.0,1.6,-0.6000000000000001,0
2025-11-22,Wolves,Crystal Palace,0,2,A,E0_25_26.csv,1.0,1.6,-0.6000000000000001,2
2025-11-22,Newcastle,Man City,2,1,H,E0_25_26.csv,1.0,1.4,-0.3999999999999999,0
2025-11-23,Oviedo,Vallecano,0,0,D,SP1.csv,0.8,1.4,-0.5999999999999999,1
2025-11-23,Betis,Girona,1,1,D,SP1.csv,1.0,1.0,0.0,1
2025-11-23,Getafe,Ath Madrid,0,1,A,SP1.csv,0.6,1.0,-0.4,2
2025-11-23,Elche,Real Madrid,2,2,D,SP1.csv,1.0,1.0,0.0,1
2025-11-23,Leeds,Aston Villa,1,2,A,E0_25_26.csv,0.8,1.2,-0.3999999999999999,2
2025-11-23,Arsenal,Tottenham,4,1,H,E0_25_26.csv,1.6,1.4,0.20000000000000018,0
2025-11-24,Man United,Everton,0,1,A,E0_25_26.csv,1.4,1.4,0.0,2
2025-11-24,Espanol,Sevilla,2,1,H,SP1.csv,1.8,1.4,0.40000000000000013,0
2025-11-28,Getafe,Elche,1,0,H,SP1.csv,1.6,1.0,0.6000000000000001,0
2025-11-29,Sunderland,Bournemouth,3,2,H,E0_25_26.csv,2.0,1.0,1.0,0
2025-11-29,Everton,Newcastle,1,4,A,E0_25_26.csv,1.4,1.6,-0.20000000000000018,2
2025-11-29,Tottenham,Fulham,1,2,A,E0_25_26.csv,1.6,1.8,-0.19999999999999996,2
2025-11-29,Man City,Leeds,3,2,H,E0_25_26.csv,1.8,2.0,-0.19999999999999996,0
2025-11-29,Ath Madrid,Oviedo,2,0,H,SP1.csv,2.0,2.0,0.0,0
2025-11-29,Mallorca,Osasuna,2,2,D,SP1.csv,1.8,2.0,-0.19999999999999996,1
2025-11-29,Barcelona,Alaves,3,1,H,SP1.csv,2.2,1.4,0.8000000000000003,0
2025-11-29,Brentford,Burnley,3,1,H,E0_25_26.csv,2.6,1.2,1.4000000000000001,0
2025-11-29,Levante,Ath Bilbao,0,2,A,SP1.csv,2.0,1.2,0.8,2
2025-11-30,West Ham,Liverpool,0,2,A,E0_25_26.csv,1.6,1.6,0.0,2
2025-11-30,Crystal Palace,Man United,1,2,A,E0_25_26.csv,1.4,1.6,-0.20000000000000018,2
2025-11-30,Chelsea,Arsenal,1,1,D,E0_25_26.csv,1.0,1.6,-0.6000000000000001,1
2025-11-30,Nott'm Forest,Brighton,0,2,A,E0_25_26.csv,0.4,1.8,-1.4,2
2025-11-30,Sociedad,Villarreal,2,3,A,SP1.csv,0.8,2.0,-1.2,2
2025-11-30,Sevilla,Betis,0,2,A,SP1.csv,0.8,2.0,-1.2,2
2025-11-30,Celta,Espanol,0,1,A,SP1.csv,0.6,1.8,-1.2000000000000002,2
2025-11-30,Girona,Real Madrid,1,1,D,SP1.csv,0.6,1.8,-1.2000000000000002,1
2025-11-30,Aston Villa,Wolves,1,0,H,E0_25_26.csv,0.8,1.4,-0.5999999999999999,0
2025-12-01,Vallecano,Valencia,1,1,D,SP1.csv,0.6,1.0,-0.4,1
2025-12-02,Bournemouth,Everton,0,1,A,E0_25_26.csv,0.6,0.8,-0.20000000000000007,2
2025-12-02,Barcelona,Ath Madrid,3,1,H,SP1.csv,1.2,0.8,0.3999999999999999,0
2025-12-02,Fulham,Man City,4,5,A,E0_25_26.csv,1.8,1.6,0.19999999999999996,2
2025-12-02,Newcastle,Tottenham,2,2,D,E0_25_26.csv,2.0,2.0,0.0,1
2025-12-03,Liverpool,Sunderland,1,1,D,E0_25_26.csv,2.0,2.0,0.0,1
2025-12-03,Arsenal,Brentford,2,0,H,E0_25_26.csv,2.4,1.8,0.5999999999999999,0
2025-12-03,Brighton,Aston Villa,3,4,A,E0_25_26.csv,2.4,2.4,0.0,2
2025-12-03,Wolves,Nott'm Forest,0,1,A,E0_25_26.csv,1.6,1.6,0.0,2
2025-12-03,Ath Bilbao,Real Madrid,0,3,A,SP1.csv,1.2,1.8,-0.6000000000000001,2
2025-12-03,Leeds,Chelsea,3,1,H,E0_25_26.csv,1.6,1.8,-0.19999999999999996,0
2025-12-03,Burnley,Crystal Palace,0,1,A,E0_25_26.csv,1.2,2.0,-0.8,2
2025-12-04,Man United,West Ham,1,1,D,E0_25_26.csv,0.8,1.4,-0.5999999999999999,1
2025-12-05,Oviedo,Mallorca,0,0,D,SP1.csv,0.8,1.2,-0.3999999999999999,1
2025-12-06,Aston Villa,Arsenal,2,1,H,E0_25_26.csv,1.2,0.8,0.3999999999999999,0
2025-12-06,Ath Bilbao,Ath Madrid,1,0,H,SP1.csv,0.8,0.6,0.20000000000000007,0
2025-12-06,Betis,Barcelona,3,5,A,SP1.csv,1.4,1.4,0.0,2
2025-12-06,Alaves,Sociedad,1,0,H,SP1.csv,1.4,1.2,0.19999999999999996,0
2025-12-06,Bournemouth,Chelsea,0,0,D,E0_25_26.csv,1.4,1.2,0.19999999999999996,1
2025-12-06,Leeds,Liverpool,3,3,D,E0_25_26.csv,1.6,1.6,0.0,1
2025-12-06,Man City,Sunderland,3,0,H,E0_25_26.csv,2.0,1.6,0.3999999999999999,0
2025-12-06,Tottenham,Brentford,2,0,H,E0_25_26.csv,1.8,0.6,1.2000000000000002,0
2025-12-06,Newcastle,Burnley,2,1,H,E0_25_26.csv,2.0,0.8,1.2,0
2025-12-06,Villarreal,Getafe,2,0,H,SP1.csv,2.4,0.8,1.5999999999999999,0
2025-12-06,Everton,Nott'm Forest,3,0,H,E0_25_26.csv,2.4,0.2,2.1999999999999997,0
2025-12-07,Elche,Girona,3,0,H,SP1.csv,2.4,0.2,2.1999999999999997,0
2025-12-07,Real Madrid,Celta,0,2,A,SP1.csv,2.0,0.6,1.4,2
2025-12-07,Espanol,Vallecano,1,0,H,SP1.csv,1.8,0.4,1.4,0
2025-12-07,Fulham,Crystal Palace,1,2,A,E0_25_26.csv,1.6,0.8,0.8,2
2025-12-07,Valencia,Sevilla,1,1,D,SP1.csv,1.2,1.0,0.19999999999999996,1
2025-12-07,Brighton,West Ham,1,1,D,E0_25_26.csv,0.8,1.2,-0.3999999999999999,1
2025-12-08,Osasuna,Levante,2,0,H,SP1.csv,1.2,0.8,0.3999999999999999,0
2025-12-08,Wolves,Man United,1,4,A,E0_25_26.csv,1.2,1.6,-0.40000000000000013,2
2025-12-12,Sociedad,Girona,1,2,A,SP1.csv,1.2,1.6,-0.40000000000000013,2
2025-12-13,Liverpool,Brighton,2,0,H,E0_25_26.csv,1.4,1.4,0.0,0
2025-12-13,Barcelona,Osasuna,2,0,H,SP1.csv,1.6,1.2,0.40000000000000013,0
2025-12-13,Getafe,Espanol,0,1,A,SP1.csv,1.2,1.4,-0.19999999999999996,2
2025-12-13,Mallorca,Elche,3,1,H,SP1.csv,1.6,0.8,0.8,0
2025-12-13,Ath Madrid,Valencia,2,1,H,SP1.csv,1.8,0.6,1.2000000000000002,0
2025-12-13,Burnley,Fulham,2,3,A,E0_25_26.csv,1.8,1.2,0.6000000000000001,2
2025-12-13,Arsenal,Wolves,2,1,H,E0_25_26.csv,1.8,1.4,0.40000000000000013,0
2025-12-13,Chelsea,Everton,2,0,H,E0_25_26.csv,2.2,1.2,1.0000000000000002,0
2025-12-14,Alaves,Real Madrid,1,2,A,SP1.csv,1.8,1.4,0.40000000000000013,2
2025-12-14,Crystal Palace,Man City,0,3,A,E0_25_26.csv,1.4,1.8,-0.40000000000000013,2
2025-12-14,Sevilla,Oviedo,4,0,H,SP1.csv,1.8,1.2,0.6000000000000001,0
2025-12-14,Celta,Ath Bilbao,2,0,H,SP1.csv,1.8,1.0,0.8,0
2025-12-14,Sunderland,Newcastle,1,0,H,E0_25_26.csv,1.6,1.0,0.6000000000000001,0
2025-12-14,West Ham,Aston Villa,2,3,A,E0_25_26.csv,1.8,1.2,0.6000000000000001,2
2025-12-14,Brentford,Leeds,1,1,D,E0_25_26.csv,2.0,0.8,1.2,1
2025-12-14,Nott'm Forest,Tottenham,3,0,H,E0_25_26.csv,1.8,0.8,1.0,0
2025-12-15,Vallecano,Betis,0,0,D,SP1.csv,1.4,0.8,0.5999999999999999,1
2025-12-15,Man United,Bournemouth,4,4,D,E0_25_26.csv,2.0,1.6,0.3999999999999999,1
2025-12-19,Valencia,Mallorca,1,1,D,SP1.csv,1.8,1.2,0.6000000000000001,1
2025-12-20,Bournemouth,Burnley,1,1,D,E0_25_26.csv,1.8,1.2,0.6000000000000001,1
2025-12-20,Newcastle,Chelsea,2,2,D,E0_25_26.csv,1.6,1.6,0.0,1
2025-12-20,Leeds,Crystal Palace,4,1,H,E0_25_26.csv,2.4,1.8,0.5999999999999999,0
2025-12-20,Osasuna,Alaves,3,0,H,SP1.csv,2.2,1.0,1.2000000000000002,0
2025-12-20,Oviedo,Celta,0,0,D,SP1.csv,2.0,0.8,1.2,1
2025-12-20,Real Madrid,Sevilla,2,0,H,SP1.csv,2.2,0.6,1.6,0
2025-12-20,Man City,West Ham,3,0,H,E0_25_26.csv,2.4,0.2,2.1999999999999997,0
2025-12-20,Wolves,Brentford,0,2,A,E0_25_26.csv,1.6,0.4,1.2000000000000002,2
2025-12-20,Brighton,Sunderland,0,0,D,E0_25_26.csv,1.0,0.4,0.6,1
2025-12-20,Tottenham,Liverpool,1,2,A,E0_25_26.csv,1.2,0.8,0.3999999999999999,2
2025-12-20,Everton,Arsenal,0,1,A,E0_25_26.csv,0.8,1.0,-0.19999999999999996,2
2025-12-20,Levante,Sociedad,1,1,D,SP1.csv,0.4,1.2,-0.7999999999999999,1
2025-12-21,Betis,Getafe,4,0,H,SP1.csv,1.2,0.8,0.3999999999999999,0
2025-12-21,Villarreal,Barcelona,0,2,A,SP1.csv,1.2,1.2,0.0,2
2025-12-21,Girona,Ath Madrid,0,3,A,SP1.csv,1.0,1.4,-0.3999999999999999,2
2025-12-21,Elche,Vallecano,4,0,H,SP1.csv,1.8,1.2,0.6000000000000001,0
2025-12-21,Aston Villa,Man United,2,1,H,E0_25_26.csv,2.0,1.2,0.8,0
2025-12-22,Ath Bilbao,Espanol,1,2,A,SP1.csv,1.4,1.6,-0.20000000000000018,2
2025-12-22,Fulham,Nott'm Forest,1,0,H,E0_25_26.csv,1.6,1.2,0.40000000000000013,0
2025-12-26,Man United,Newcastle,1,0,H,E0_25_26.csv,1.8,0.6,1.2000000000000002,0
2025-12-27,West Ham,Fulham,0,1,A,E0_25_26.csv,1.0,0.8,0.19999999999999996,2
2025-12-27,Nott'm Forest,Man City,1,2,A,E0_25_26.csv,0.8,1.0,-0.19999999999999996,2
2025-12-27,Arsenal,Brighton,2,1,H,E0_25_26.csv,1.0,0.8,0.19999999999999996,0
2025-12-27,Brentford,Bournemouth,4,1,H,E0_25_26.csv,1.6,1.0,0.6000000000000001,0
2025-12-27,Burnley,Everton,0,0,D,E0_25_26.csv,1.4,1.0,0.3999999999999999,1
2025-12-27,Liverpool,Wolves,2,1,H,E0_25_26.csv,1.8,1.0,0.8,0
2025-12-27,Chelsea,Aston Villa,1,2,A,E0_25_26.csv,1.8,1.0,0.8,2
2025-12-28,Sunderland,Leeds,1,1,D,E0_25_26.csv,1.6,1.0,0.6000000000000001,1
2025-12-28,Crystal Palace,Tottenham,0,1,A,E0_25_26.csv,0.8,1.0,-0.19999999999999996,2
2025-12-30,Man United,Wolves,1,1,D,E0_25_26.csv,1.0,1.2,-0.19999999999999996,1
2025-12-30,West Ham,Brighton,2,2,D,E0_25_26.csv,1.0,1.4,-0.3999999999999999,1
2025-12-30,Arsenal,Aston Villa,4,1,H,E0_25_26.csv,1.6,1.2,0.40000000000000013,0
2025-12-30,Nott'm Forest,Everton,0,2,A,E0_25_26.csv,1.4,1.4,0.0,2
2025-12-30,Chelsea,Bournemouth,2,2,D,E0_25_26.csv,1.8,1.6,0.19999999999999996,1
2025-12-30,Burnley,Newcastle,1,3,A,E0_25_26.csv,1.8,2.0,-0.19999999999999996,2
2026-01-01,Crystal Palace,Fulham,1,1,D,E0_25_26.csv,1.6,1.8,-0.19999999999999996,1
2026-01-01,Liverpool,Leeds,0,0,D,E0_25_26.csv,0.8,1.6,-0.8,1
2026-01-01,Brentford,Tottenham,0,0,D,E0_25_26.csv,0.8,1.2,-0.3999999999999999,1
2026-01-01,Sunderland,Man City,0,0,D,E0_25_26.csv,0.4,0.8,-0.4,1
2026-01-02,Vallecano,Getafe,1,1,D,SP1.csv,0.4,0.4,0.0,1
2026-01-03,Osasuna,Ath Bilbao,1,1,D,SP1.csv,0.4,0.4,0.0,1
2026-01-03,Aston Villa,Nott'm Forest,3,1,H,E0_25_26.csv,1.0,0.6,0.4,0
2026-01-03,Wolves,West Ham,3,0,H,E0_25_26.csv,1.6,0.6,1.0,0
2026-01-03,Bournemouth,Arsenal,2,3,A,E0_25_26.csv,2.0,1.2,0.8,2
2026-01-03,Celta,Valencia,4,1,H,SP1.csv,2.6,1.2,1.4000000000000001,0
2026-01-03,Elche,Villarreal,1,3,A,SP1.csv,2.6,1.6,1.0,2
2026-01-03,Espanol,Barcelona,0,2,A,SP1.csv,2.0,1.8,0.19999999999999996,2
2026-01-03,Brighton,Burnley,2,0,H,E0_25_26.csv,1.8,1.8,0.0,0
2026-01-04,Everton,Brentford,2,4,A,E0_25_26.csv,1.8,2.0,-0.19999999999999996,2
2026-01-04,Fulham,Liverpool,2,2,D,E0_25_26.csv,1.4,2.2,-0.8000000000000003,1
2026-01-04,Alaves,Oviedo,1,1,D,SP1.csv,1.4,1.8,-0.40000000000000013,1
2026-01-04,Newcastle,Crystal Palace,2,0,H,E0_25_26.csv,1.8,1.4,0.40000000000000013,0
2026-01-04,Leeds,Man United,1,1,D,E0_25_26.csv,1.6,1.6,0.0,1
2026-01-04,Man City,Chelsea,1,1,D,E0_25_26.csv,1.4,1.0,0.3999999999999999,1
2026-01-04,Sociedad,Ath Madrid,1,1,D,SP1.csv,1.2,0.8,0.3999999999999999,1
2026-01-04,Mallorca,Girona,1,2,A,SP1.csv,1.2,1.0,0.19999999999999996,2
2026-01-04,Tottenham,Sunderland,1,1,D,E0_25_26.csv,1.0,1.2,-0.19999999999999996,1
2026-01-04,Real Madrid,Betis,5,1,H,SP1.csv,1.8,1.2,0.6000000000000001,0
2026-01-04,Sevilla,Levante,0,3,A,SP1.csv,1.6,1.6,0.0,2
2026-01-06,West Ham,Nott'm Forest,1,2,A,E0_25_26.csv,1.6,1.8,-0.19999999999999996,2
2026-01-07,Burnley,Man United,2,2,D,E0_25_26.csv,1.8,1.8,0.0,1
2026-01-07,Brentford,Sunderland,3,0,H,E0_25_26.csv,2.2,1.6,0.6000000000000001,0
2026-01-07,Crystal Palace,Aston Villa,0,0,D,E0_25_26.csv,1.2,1.4,-0.19999999999999996,1
2026-01-07,Everton,Wolves,1,1,D,E0_25_26.csv,1.4,1.0,0.3999999999999999,1
2026-01-07,Fulham,Chelsea,2,1,H,E0_25_26.csv,1.6,0.8,0.8,0
2026-01-07,Newcastle,Leeds,4,3,H,E0_25_26.csv,2.0,1.0,1.0,0
2026-01-07,Man City,Brighton,1,1,D,E0_25_26.csv,1.6,1.2,0.40000000000000013,1
2026-01-07,Bournemouth,Tottenham,3,2,H,E0_25_26.csv,2.2,1.6,0.6000000000000001,0
2026-01-08,Arsenal,Liverpool,0,0,D,E0_25_26.csv,2.0,1.4,0.6000000000000001,1
2026-01-09,Getafe,Sociedad,1,2,A,SP1.csv,1.8,1.6,0.19999999999999996,2
2026-01-10,Oviedo,Betis,1,1,D,SP1.csv,1.2,1.2,0.0,1
2026-01-10,Villarreal,Alaves,3,1,H,SP1.csv,1.6,1.2,0.40000000000000013,0
2026-01-10,Valencia,Elche,1,1,D,SP1.csv,1.2,1.0,0.19999999999999996,1
2026-01-10,Girona,Osasuna,1,0,H,SP1.csv,1.4,1.0,0.3999999999999999,0
2026-01-11,Vallecano,Mallorca,2,1,H,SP1.csv,1.6,0.8,0.8,0
2026-01-11,Levante,Espanol,1,1,D,SP1.csv,1.6,0.8,0.8,1
2026-01-12,Sevilla,Celta,0,1,A,SP1.csv,1.0,0.8,0.19999999999999996,2
2026-01-16,Espanol,Girona,0,2,A,SP1.csv,0.8,1.0,-0.19999999999999996,2
2026-01-17,Real Madrid,Levante,2,0,H,SP1.csv,1.0,1.0,0.0,0
2026-01-17,Mallorca,Ath Bilbao,3,2,H,SP1.csv,1.2,1.2,0.0,0
2026-01-17,Osasuna,Oviedo,3,2,H,SP1.csv,1.6,1.4,0.20000000000000018,0
2026-01-17,Betis,Villarreal,2,0,H,SP1.csv,2.0,1.2,0.8,0
2026-01-17,Sunderland,Crystal Palace,2,1,H,E0_25_26.csv,2.4,1.0,1.4,0
2026-01-17,Tottenham,West Ham,1,2,A,E0_25_26.csv,2.2,1.4,0.8000000000000003,2
2026-01-17,Chelsea,Brentford,2,0,H,E0_25_26.csv,2.0,1.0,1.0,0
2026-01-17,Leeds,Fulham,1,0,H,E0_25_26.csv,1.6,0.6,1.0,0
2026-01-17,Man United,Man City,2,0,H,E0_25_26.csv,1.6,0.6,1.0,0
2026-01-17,Nott'm Forest,Arsenal,0,0,D,E0_25_26.csv,1.2,0.4,0.7999999999999999,1
2026-01-17,Liverpool,Burnley,1,1,D,E0_25_26.csv,1.2,0.2,1.0,1
2026-01-18,Celta,Vallecano,3,0,H,SP1.csv,1.4,0.2,1.2,0
2026-01-18,Aston Villa,Everton,0,1,A,E0_25_26.csv,1.2,0.4,0.7999999999999999,2
2026-01-18,Wolves,Newcastle,0,0,D,E0_25_26.csv,0.8,0.4,0.4,1
2026-01-18,Sociedad,Barcelona,2,1,H,SP1.csv,1.2,0.6,0.6,0
2026-01-18,Ath Madrid,Alaves,1,0,H,SP1.csv,1.2,0.4,0.7999999999999999,0
2026-01-18,Getafe,Valencia,0,1,A,SP1.csv,0.6,0.6,0.0,2
2026-01-19,Brighton,Bournemouth,1,1,D,E0_25_26.csv,0.8,0.6,0.20000000000000007,1
2026-01-19,Elche,Sevilla,2,2,D,SP1.csv,1.2,1.0,0.19999999999999996,1
2026-01-23,Levante,Elche,3,2,H,SP1.csv,1.4,1.2,0.19999999999999996,0
2026-01-24,Man City,Wolves,2,0,H,E0_25_26.csv,1.6,1.2,0.40000000000000013,0
2026-01-24,Fulham,Brighton,2,1,H,E0_25_26.csv,2.0,1.2,0.8,0
2026-01-24,Bournemouth,Liverpool,3,2,H,E0_25_26.csv,2.4,1.4,1.0,0
2026-01-24,Sevilla,Ath Bilbao,2,1,H,SP1.csv,2.4,1.2,1.2,0
2026-01-24,Villarreal,Real Madrid,0,2,A,SP1.csv,1.8,1.2,0.6000000000000001,2
2026-01-24,Valencia,Espanol,3,2,H,SP1.csv,2.0,1.6,0.3999999999999999,0
2026-01-24,Burnley,Tottenham,2,2,D,E0_25_26.csv,2.0,1.8,0.19999999999999996,1
2026-01-24,West Ham,Sunderland,3,1,H,E0_25_26.csv,2.0,1.6,0.3999999999999999,0
2026-01-24,Vallecano,Osasuna,1,3,A,SP1.csv,1.8,2.0,-0.19999999999999996,2
2026-01-25,Sociedad,Celta,3,1,H,SP1.csv,2.4,1.8,0.5999999999999999,0
2026-01-25,Brentford,Nott'm Forest,0,2,A,E0_25_26.csv,1.8,1.8,0.0,2
2026-01-25,Crystal Palace,Chelsea,1,3,A,E0_25_26.csv,1.6,2.0,-0.3999999999999999,2
2026-01-25,Newcastle,Aston Villa,0,2,A,E0_25_26.csv,1.0,2.2,-1.2000000000000002,2
2026-01-25,Ath Madrid,Mallorca,3,0,H,SP1.csv,1.4,1.6,-0.20000000000000018,0
2026-01-25,Barcelona,Oviedo,3,0,H,SP1.csv,1.4,1.4,0.0,0
2026-01-25,Alaves,Betis,2,1,H,SP1.csv,1.8,1.2,0.6000000000000001,0
2026-01-25,Arsenal,Man United,2,3,A,E0_25_26.csv,2.0,1.2,0.8,2
2026-01-26,Everton,Leeds,1,1,D,E0_25_26.csv,2.2,1.0,1.2000000000000002,1
2026-01-26,Girona,Getafe,1,1,D,SP1.csv,1.8,1.2,0.6000000000000001,1
2026-01-30,Espanol,Alaves,1,2,A,SP1.csv,1.4,1.6,-0.20000000000000018,2
2026-01-31,Leeds,Arsenal,0,4,A,E0_25_26.csv,1.0,2.2,-1.2000000000000002,2
2026-01-31,Chelsea,West Ham,3,2,H,E0_25_26.csv,1.2,2.0,-0.8,0
2026-01-31,Wolves,Bournemouth,0,2,A,E0_25_26.csv,1.0,2.2,-1.2000000000000002,2
2026-01-31,Liverpool,Newcastle,4,1,H,E0_25_26.csv,1.6,2.2,-0.6000000000000001,0
2026-01-31,Brighton,Everton,1,1,D,E0_25_26.csv,1.6,2.0,-0.3999999999999999,1
2026-01-31,Elche,Barcelona,1,3,A,SP1.csv,1.8,1.8,0.0,2
2026-01-31,Levante,Ath Madrid,0,0,D,SP1.csv,1.2,1.4,-0.19999999999999996,1
2026-01-31,Osasuna,Villarreal,2,2,D,SP1.csv,1.6,1.4,0.20000000000000018,1
2026-01-31,Oviedo,Girona,1,0,H,SP1.csv,1.0,1.2,-0.19999999999999996,0
2026-02-01,Betis,Valencia,2,1,H,SP1.csv,1.2,1.2,0.0,0
2026-02-01,Ath Bilbao,Sociedad,1,1,D,SP1.csv,1.2,0.8,0.3999999999999999,1
2026-02-01,Tottenham,Man City,2,2,D,E0_25_26.csv,1.6,1.2,0.40000000000000013,1
2026-02-01,Real Madrid,Vallecano,2,1,H,SP1.csv,1.6,1.0,0.6000000000000001,0
2026-02-01,Man United,Fulham,3,2,H,E0_25_26.csv,2.0,1.4,0.6000000000000001,0
2026-02-01,Aston Villa,Brentford,0,1,A,E0_25_26.csv,1.6,1.4,0.20000000000000018,2
2026-02-01,Getafe,Celta,0,0,D,SP1.csv,1.4,1.2,0.19999999999999996,1
2026-02-01,Nott'm Forest,Crystal Palace,1,1,D,E0_25_26.csv,1.2,1.0,0.19999999999999996,1
2026-02-02,Mallorca,Sevilla,4,1,H,SP1.csv,1.6,1.0,0.6000000000000001,0
2026-02-02,Sunderland,Burnley,3,0,H,E0_25_26.csv,1.6,0.6,1.0,0
2026-02-06,Leeds,Nott'm Forest,3,1,H,E0_25_26.csv,2.2,0.6,1.6,0
2026-02-06,Celta,Osasuna,1,2,A,SP1.csv,2.4,1.0,1.4,2
2026-02-07,Burnley,West Ham,0,2,A,E0_25_26.csv,2.2,1.2,1.0000000000000002,2
2026-02-07,Man United,Tottenham,2,0,H,E0_25_26.csv,1.8,1.0,0.8,0
2026-02-07,Barcelona,Mallorca,3,0,H,SP1.csv,1.8,1.0,0.8,0
2026-02-07,Fulham,Everton,1,2,A,E0_25_26.csv,1.4,1.2,0.19999999999999996,2
2026-02-07,Bournemouth,Aston Villa,1,1,D,E0_25_26.csv,1.4,1.0,0.3999999999999999,1
2026-02-07,Newcastle,Brentford,2,3,A,E0_25_26.csv,1.8,1.2,0.6000000000000001,2
2026-02-07,Wolves,Chelsea,1,3,A,E0_25_26.csv,1.6,1.8,-0.19999999999999996,2
2026-02-07,Sociedad,Elche,3,1,H,SP1.csv,1.6,2.0,-0.3999999999999999,0
2026-02-07,Arsenal,Sunderland,3,0,H,E0_25_26.csv,2.0,1.6,0.3999999999999999,0
2026-02-08,Alaves,Getafe,0,2,A,SP1.csv,1.8,1.8,0.0,2
2026-02-08,Ath Bilbao,Levante,4,2,H,SP1.csv,2.2,1.6,0.6000000000000001,0
2026-02-08,Sevilla,Girona,1,1,D,SP1.csv,2.2,1.2,1.0000000000000002,1
2026-02-08,Liverpool,Man City,1,2,A,E0_25_26.csv,1.8,1.4,0.40000000000000013,2
2026-02-08,Valencia,Real Madrid,0,2,A,SP1.csv,1.2,1.8,-0.6000000000000001,2
2026-02-08,Brighton,Crystal Palace,0,1,A,E0_25_26.csv,1.2,1.6,-0.40000000000000013,2
2026-02-08,Ath Madrid,Betis,0,1,A,SP1.csv,0.4,1.4,-0.9999999999999999,2
2026-02-09,Villarreal,Espanol,4,1,H,SP1.csv,1.0,1.4,-0.3999999999999999,0
2026-02-10,Chelsea,Leeds,2,2,D,E0_25_26.csv,1.2,1.4,-0.19999999999999996,1
2026-02-10,Everton,Bournemouth,1,2,A,E0_25_26.csv,1.4,1.4,0.0,2
2026-02-10,Tottenham,Newcastle,1,2,A,E0_25_26.csv,1.6,1.6,0.0,2
2026-02-10,West Ham,Man United,1,1,D,E0_25_26.csv,1.8,1.6,0.19999999999999996,1
2026-02-11,Man City,Fulham,3,0,H,E0_25_26.csv,1.6,1.4,0.20000000000000018,0
2026-02-11,Sunderland,Liverpool,0,1,A,E0_25_26.csv,1.2,1.2,0.0,2
2026-02-11,Crystal Palace,Burnley,2,3,A,E0_25_26.csv,1.4,1.4,0.0,2
2026-02-11,Aston Villa,Brighton,1,0,H,E0_25_26.csv,1.4,1.0,0.3999999999999999,0
2026-02-11,Nott'm Forest,Wolves,0,0,D,E0_25_26.csv,1.2,0.8,0.3999999999999999,1
2026-02-12,Brentford,Arsenal,1,1,D,E0_25_26.csv,0.8,1.0,-0.19999999999999996,1
2026-02-13,Elche,Osasuna,0,0,D,SP1.csv,0.8,0.8,0.0,1
2026-02-14,Getafe,Villarreal,2,1,H,SP1.csv,0.8,0.4,0.4,0
2026-02-14,Espanol,Celta,2,2,D,SP1.csv,1.0,0.8,0.19999999999999996,1
2026-02-14,Real Madrid,Sociedad,4,1,H,SP1.csv,1.8,1.0,0.8,0
2026-02-14,Sevilla,Alaves,1,1,D,SP1.csv,1.8,1.0,0.8,1
2026-02-15,Vallecano,Ath Madrid,3,0,H,SP1.csv,2.4,1.0,1.4,0
2026-02-15,Oviedo,Ath Bilbao,1,2,A,SP1.csv,2.2,1.2,1.0000000000000002,2
2026-02-15,Levante,Valencia,0,2,A,SP1.csv,1.8,1.2,0.6000000000000001,2
2026-02-15,Mallorca,Betis,1,2,A,SP1.csv,1.2,1.4,-0.19999999999999996,2
2026-02-16,Girona,Barcelona,2,1,H,SP1.csv,1.4,1.4,0.0,0
2026-02-18,Levante,Villarreal,0,1,A,SP1.csv,0.8,1.6,-0.8,2
2026-02-18,Wolves,Arsenal,2,2,D,E0_25_26.csv,1.0,1.6,-0.6000000000000001,1
2026-02-20,Ath Bilbao,Elche,2,1,H,SP1.csv,1.4,1.4,0.0,0
2026-02-21,West Ham,Bournemouth,0,0,D,E0_25_26.csv,1.2,1.0,0.19999999999999996,1
2026-02-21,Osasuna,Real Madrid,2,1,H,SP1.csv,1.2,1.0,0.19999999999999996,0
2026-02-21,Man City,Newcastle,2,1,H,E0_25_26.csv,1.6,1.0,0.6000000000000001,0
2026-02-21,Ath Madrid,Espanol,4,2,H,SP1.csv,2.0,1.0,1.0,0
2026-02-21,Chelsea,Burnley,1,1,D,E0_25_26.csv,1.8,1.0,0.8,1
2026-02-21,Sociedad,Oviedo,3,3,D,SP1.csv,2.4,1.6,0.7999999999999998,1
2026-02-21,Brentford,Brighton,0,2,A,E0_25_26.csv,2.0,1.8,0.19999999999999996,2
2026-02-21,Betis,Vallecano,1,1,D,SP1.csv,1.8,1.8,0.0,1
2026-02-21,Aston Villa,Leeds,1,1,D,E0_25_26.csv,1.2,1.6,-0.40000000000000013,1
2026-02-22,Sunderland,Fulham,1,3,A,E0_25_26.csv,1.2,2.0,-0.8,2
2026-02-22,Tottenham,Arsenal,1,4,A,E0_25_26.csv,0.8,2.2,-1.4000000000000001,2
2026-02-22,Nott'm Forest,Liverpool,0,1,A,E0_25_26.csv,0.8,2.0,-1.2,2
2026-02-22,Getafe,Sevilla,0,1,A,SP1.csv,0.6,2.0,-1.4,2
2026-02-22,Celta,Mallorca,2,0,H,SP1.csv,0.8,1.8,-1.0,0
2026-02-22,Villarreal,Valencia,2,1,H,SP1.csv,1.0,1.4,-0.3999999999999999,0
2026-02-22,Crystal Palace,Wolves,1,0,H,E0_25_26.csv,1.0,0.6,0.4,0
2026-02-22,Barcelona,Levante,3,0,H,SP1.csv,1.6,0.4,1.2000000000000002,0
2026-02-23,Everton,Man United,0,1,A,E0_25_26.csv,1.6,0.4,1.2000000000000002,2
2026-02-23,Alaves,Girona,2,2,D,SP1.csv,1.6,0.8,0.8,1
2026-02-27,Levante,Alaves,2,0,H,SP1.csv,1.6,0.6,1.0,0
2026-02-27,Wolves,Aston Villa,2,0,H,E0_25_26.csv,1.8,0.6,1.2000000000000002,0
2026-02-28,Oviedo,Ath Madrid,0,1,A,SP1.csv,1.2,0.8,0.3999999999999999,2
2026-02-28,Vallecano,Ath Bilbao,1,1,D,SP1.csv,1.4,0.8,0.5999999999999999,1
2026-02-28,Barcelona,Villarreal,4,1,H,SP1.csv,1.8,0.6,1.2000000000000002,0
2026-02-28,Mallorca,Sociedad,0,1,A,SP1.csv,1.4,0.8,0.5999999999999999,2
2026-02-28,Bournemouth,Sunderland,1,1,D,E0_25_26.csv,1.2,1.0,0.19999999999999996,1
2026-02-28,Burnley,Brentford,3,4,A,E0_25_26.csv,1.8,1.6,0.19999999999999996,2
2026-02-28,Liverpool,West Ham,5,2,H,E0_25_26.csv,2.6,1.8,0.8,0
2026-02-28,Newcastle,Everton,2,3,A,E0_25_26.csv,2.2,2.2,0.0,2
2026-02-28,Leeds,Man City,0,1,A,E0_25_26.csv,2.2,2.2,0.0,2
2026-03-01,Betis,Sevilla,2,2,D,SP1.csv,2.4,2.4,0.0,1
2026-03-01,Valencia,Osasuna,1,0,H,SP1.csv,2.0,1.6,0.3999999999999999,0
2026-03-01,Girona,Celta,1,2,A,SP1.csv,1.2,1.6,-0.40000000000000013,2
2026-03-01,Elche,Espanol,2,2,D,SP1.csv,1.2,1.4,-0.19999999999999996,1
2026-03-01,Man United,Crystal Palace,2,1,H,E0_25_26.csv,1.6,1.4,0.20000000000000018,0
2026-03-01,Fulham,Tottenham,2,1,H,E0_25_26.csv,1.6,1.2,0.40000000000000013,0
2026-03-01,Brighton,Nott'm Forest,2,1,H,E0_25_26.csv,1.8,1.4,0.40000000000000013,0
2026-03-01,Arsenal,Chelsea,2,1,H,E0_25_26.csv,2.0,1.2,0.8,0
2026-03-02,Real Madrid,Getafe,0,1,A,SP1.csv,1.6,1.0,0.6000000000000001,2
2026-03-03,Bournemouth,Brentford,0,0,D,E0_25_26.csv,1.2,0.8,0.3999999999999999,1
2026-03-03,Leeds,Sunderland,0,1,A,E0_25_26.csv,0.8,0.8,0.0,2
2026-03-03,Everton,Burnley,2,0,H,E0_25_26.csv,0.8,0.6,0.20000000000000007,0
2026-03-03,Wolves,Liverpool,2,1,H,E0_25_26.csv,0.8,0.6,0.20000000000000007,0
2026-03-04,Aston Villa,Chelsea,1,4,A,E0_25_26.csv,1.0,1.2,-0.19999999999999996,2
2026-03-04,Fulham,West Ham,0,1,A,E0_25_26.csv,1.0,1.4,-0.3999999999999999,2
2026-03-04,Man City,Nott'm Forest,2,2,D,E0_25_26.csv,1.4,1.6,-0.20000000000000018,1
2026-03-04,Brighton,Arsenal,0,1,A,E0_25_26.csv,1.0,1.8,-0.8,2
2026-03-04,Vallecano,Oviedo,3,0,H,SP1.csv,1.2,1.6,-0.40000000000000013,0
2026-03-04,Newcastle,Man United,2,1,H,E0_25_26.csv,1.4,1.0,0.3999999999999999,0
2026-03-05,Tottenham,Crystal Palace,1,3,A,E0_25_26.csv,1.6,1.4,0.20000000000000018,2
2026-03-06,Celta,Real Madrid,1,2,A,SP1.csv,1.4,1.4,0.0,2
2026-03-07,Ath Madrid,Sociedad,3,2,H,SP1.csv,2.0,1.6,0.3999999999999999,0
2026-03-07,Levante,Girona,1,1,D,SP1.csv,1.6,1.8,-0.19999999999999996,1
2026-03-07,Ath Bilbao,Barcelona,0,1,A,SP1.csv,1.2,1.8,-0.6000000000000001,2
2026-03-07,Osasuna,Mallorca,2,2,D,SP1.csv,1.4,1.6,-0.20000000000000018,1
2026-03-08,Getafe,Betis,2,0,H,SP1.csv,1.6,1.2,0.40000000000000013,0
2026-03-08,Valencia,Alaves,3,2,H,SP1.csv,1.6,1.2,0.40000000000000013,0
2026-03-08,Sevilla,Vallecano,1,1,D,SP1.csv,1.6,1.2,0.40000000000000013,1
2026-03-08,Villarreal,Elche,2,1,H,SP1.csv,2.0,1.2,0.8,0
2026-03-09,Espanol,Oviedo,1,1,D,SP1.csv,1.8,1.0,0.8,1
2026-03-13,Alaves,Villarreal,1,1,D,SP1.csv,1.6,1.2,0.40000000000000013,1
2026-03-14,Girona,Ath Bilbao,3,0,H,SP1.csv,1.6,0.8,0.8,0
2026-03-14,Ath Madrid,Getafe,1,0,H,SP1.csv,1.6,0.6,1.0,0
2026-03-14,Oviedo,Valencia,1,0,H,SP1.csv,1.4,0.4,0.9999999999999999,0
2026-03-14,Real Madrid,Elche,4,1,H,SP1.csv,2.0,0.4,1.6,0
2026-03-14,West Ham,Man City,1,1,D,E0_25_26.csv,2.0,0.4,1.6,1
2026-03-14,Arsenal,Everton,2,0,H,E0_25_26.csv,1.8,0.4,1.4,0
2026-03-14,Sunderland,Brighton,0,1,A,E0_25_26.csv,1.6,0.6,1.0,2
2026-03-14,Burnley,Bournemouth,0,0,D,E0_25_26.csv,1.4,0.6,0.7999999999999999,1
2026-03-14,Chelsea,Newcastle,0,1,A,E0_25_26.csv,0.6,0.6,0.0,2
2026-03-15,Betis,Celta,1,1,D,SP1.csv,0.6,0.6,0.0,1
2026-03-15,Crystal Palace,Leeds,0,0,D,E0_25_26.csv,0.2,0.6,-0.39999999999999997,1
2026-03-15,Man United,Aston Villa,3,1,H,E0_25_26.csv,0.8,0.6,0.20000000000000007,0
2026-03-15,Nott'm Forest,Fulham,0,0,D,E0_25_26.csv,0.8,0.6,0.20000000000000007,1
2026-03-15,Mallorca,Espanol,2,1,H,SP1.csv,1.2,0.6,0.6,0
2026-03-15,Sociedad,Osasuna,3,1,H,SP1.csv,1.6,0.6,1.0,0
2026-03-15,Barcelona,Sevilla,5,2,H,SP1.csv,2.6,1.0,1.6,0
2026-03-15,Liverpool,Tottenham,1,1,D,E0_25_26.csv,2.2,1.0,1.2000000000000002,1
2026-03-16,Vallecano,Levante,1,1,D,SP1.csv,2.4,1.2,1.2,1
2026-03-16,Brentford,Wolves,2,2,D,E0_25_26.csv,2.4,1.4,1.0,1
2026-03-20,Villarreal,Sociedad,3,1,H,SP1.csv,2.4,1.4,1.0,0
2026-03-20,Bournemouth,Man United,2,2,D,E0_25_26.csv,1.8,1.4,0.40000000000000013,1
2026-03-21,Everton,Chelsea,3,0,H,E0_25_26.csv,2.2,1.2,1.0000000000000002,0
2026-03-21,Fulham,Burnley,3,1,H,E0_25_26.csv,2.6,1.2,1.4000000000000001,0
2026-03-21,Brighton,Liverpool,2,1,H,E0_25_26.csv,2.6,1.0,1.6,0
2026-03-21,Leeds,Brentford,0,0,D,E0_25_26.csv,2.0,0.8,1.2,1
2026-03-21,Espanol,Getafe,1,2,A,SP1.csv,1.8,0.8,1.0,2
2026-03-21,Sevilla,Valencia,0,2,A,SP1.csv,1.2,1.2,0.0,2
2026-03-21,Levante,Oviedo,4,2,H,SP1.csv,1.4,1.4,0.0,0
2026-03-21,Elche,Mallorca,2,1,H,SP1.csv,1.4,1.4,0.0,0
2026-03-21,Osasuna,Girona,1,0,H,SP1.csv,1.6,1.4,0.20000000000000018,0
2026-03-22,Newcastle,Sunderland,1,2,A,E0_25_26.csv,1.6,1.4,0.20000000000000018,2
2026-03-22,Barcelona,Vallecano,1,0,H,SP1.csv,1.8,1.0,0.8,0
2026-03-22,Tottenham,Nott'm Forest,0,3,A,E0_25_26.csv,1.0,1.2,-0.19999999999999996,2
2026-03-22,Aston Villa,West Ham,2,0,H,E0_25_26.csv,1.0,1.0,0.0,0
2026-03-22,Real Madrid,Ath Madrid,3,2,H,SP1.csv,1.4,1.4,0.0,0
2026-03-22,Celta,Alaves,3,4,A,SP1.csv,1.8,1.8,0.0,2
2026-03-22,Ath Bilbao,Betis,2,1,H,SP1.csv,2.0,2.0,0.0,0
2026-04-03,Vallecano,Elche,1,0,H,SP1.csv,2.2,1.4,0.8000000000000003,0
2026-04-04,Sociedad,Levante,2,0,H,SP1.csv,2.2,1.4,0.8000000000000003,0
2026-04-04,Mallorca,Real Madrid,2,1,H,SP1.csv,2.0,1.2,0.8,0
2026-04-04,Betis,Espanol,0,0,D,SP1.csv,1.4,0.4,0.9999999999999999,1
2026-04-04,Ath Madrid,Barcelona,1,2,A,SP1.csv,1.2,0.6,0.6,2
2026-04-05,Getafe,Ath Bilbao,2,0,H,SP1.csv,1.4,0.6,0.7999999999999999,0
2026-04-05,Alaves,Osasuna,2,2,D,SP1.csv,1.4,1.0,0.3999999999999999,1
2026-04-05,Oviedo,Sevilla,1,0,H,SP1.csv,1.2,0.8,0.3999999999999999,0
2026-04-05,Valencia,Celta,2,3,A,SP1.csv,1.6,1.4,0.20000000000000018,2
2026-04-06,Girona,Villarreal,1,0,H,SP1.csv,1.6,1.0,0.6000000000000001,0
2026-04-10,Real Madrid,Girona,1,1,D,SP1.csv,1.4,1.2,0.19999999999999996,1
2026-04-11,Sociedad,Alaves,3,3,D,SP1.csv,1.6,1.4,0.20000000000000018,1
2026-04-11,Elche,Valencia,1,0,H,SP1.csv,1.6,1.4,0.20000000000000018,0
2026-04-11,Barcelona,Espanol,4,1,H,SP1.csv,2.0,1.0,1.0,0
2026-04-11,Sevilla,Ath Madrid,2,1,H,SP1.csv,2.2,1.2,1.0000000000000002,0
2026-04-12,Ath Bilbao,Villarreal,1,2,A,SP1.csv,2.2,1.4,0.8000000000000003,2
2026-04-12,Mallorca,Vallecano,3,0,H,SP1.csv,2.2,0.8,1.4000000000000001,0
2026-04-12,Osasuna,Betis,1,1,D,SP1.csv,2.2,1.0,1.2000000000000002,1
2026-04-12,Celta,Oviedo,0,3,A,SP1.csv,1.4,1.4,0.0,2
2026-04-13,Levante,Getafe,1,0,H,SP1.csv,1.2,1.2,0.0,0
2026-04-21,Real Madrid,Alaves,2,1,H,SP1.csv,1.4,1.0,0.3999999999999999,0
2026-04-21,Girona,Betis,2,3,A,SP1.csv,1.2,1.6,-0.40000000000000013,2
2026-04-21,Mallorca,Valencia,1,1,D,SP1.csv,1.2,1.6,-0.40000000000000013,1
2026-04-21,Ath Bilbao,Osasuna,1,0,H,SP1.csv,1.4,1.0,0.3999999999999999,0
2026-04-22,Barcelona,Celta,1,0,H,SP1.csv,1.4,1.0,0.3999999999999999,0
2026-04-22,Elche,Ath Madrid,3,2,H,SP1.csv,1.6,1.2,0.40000000000000013,0
2026-04-22,Sociedad,Getafe,0,1,A,SP1.csv,1.2,0.8,0.3999999999999999,2
2026-04-23,Levante,Sevilla,2,0,H,SP1.csv,1.4,0.6,0.7999999999999999,0
2026-04-23,Vallecano,Espanol,1,0,H,SP1.csv,1.4,0.6,0.7999999999999999,0
2026-04-23,Oviedo,Villarreal,1,1,D,SP1.csv,1.4,0.8,0.5999999999999999,1
2026-04-24,Betis,Real Madrid,1,1,D,SP1.csv,1.0,0.6,0.4,1
2026-04-25,Alaves,Mallorca,2,1,H,SP1.csv,1.4,0.6,0.7999999999999999,0
2026-04-25,Ath Madrid,Ath Bilbao,3,2,H,SP1.csv,1.6,1.0,0.6000000000000001,0
2026-04-25,Getafe,Barcelona,0,2,A,SP1.csv,1.4,1.4,0.0,2
2026-04-25,Valencia,Girona,2,1,H,SP1.csv,1.6,1.4,0.20000000000000018,0
2026-04-26,Villarreal,Celta,2,1,H,SP1.csv,1.8,1.4,0.40000000000000013,0
2026-04-26,Osasuna,Sevilla,2,1,H,SP1.csv,1.8,1.4,0.40000000000000013,0
2026-04-26,Vallecano,Sociedad,3,3,D,SP1.csv,1.8,1.6,0.19999999999999996,1
2026-04-26,Oviedo,Elche,1,2,A,SP1.csv,2.0,1.6,0.3999999999999999,2
2026-04-27,Espanol,Levante,0,0,D,SP1.csv,1.6,1.4,0.20000000000000018,1
2026-05-01,Girona,Mallorca,0,1,A,SP1.csv,1.2,1.4,-0.19999999999999996,2
2026-05-02,Alaves,Ath Bilbao,2,4,A,SP1.csv,1.2,2.0,-0.8,2
2026-05-02,Osasuna,Barcelona,1,2,A,SP1.csv,0.8,1.8,-1.0,2
2026-05-02,Villarreal,Levante,5,1,H,SP1.csv,1.6,1.6,0.0,0
2026-05-02,Valencia,Ath Madrid,0,2,A,SP1.csv,1.6,2.0,-0.3999999999999999,2
2026-05-03,Celta,Elche,3,1,H,SP1.csv,2.2,2.0,0.20000000000000018,0
2026-05-03,Getafe,Vallecano,0,2,A,SP1.csv,1.8,1.6,0.19999999999999996,2
2026-05-03,Espanol,Real Madrid,0,2,A,SP1.csv,1.6,1.6,0.0,2
2026-05-03,Betis,Oviedo,3,0,H,SP1.csv,1.2,1.4,-0.19999999999999996,0
2026-05-04,Sevilla,Sociedad,1,0,H,SP1.csv,1.4,1.0,0.3999999999999999,0
2026-05-08,Levante,Osasuna,3,2,H,SP1.csv,1.4,1.2,0.19999999999999996,0
2026-05-09,Ath Madrid,Celta,0,1,A,SP1.csv,1.4,1.0,0.3999999999999999,2
2026-05-09,Sociedad,Betis,2,2,D,SP1.csv,1.8,1.0,0.8,1
2026-05-09,Elche,Alaves,1,1,D,SP1.csv,1.4,1.2,0.19999999999999996,1
2026-05-09,Sevilla,Espanol,2,1,H,SP1.csv,1.6,1.4,0.20000000000000018,0
2026-05-10,Mallorca,Villarreal,1,1,D,SP1.csv,1.2,1.2,0.0,1
2026-05-10,Ath Bilbao,Valencia,0,1,A,SP1.csv,1.2,1.2,0.0,2
2026-05-10,Oviedo,Getafe,0,0,D,SP1.csv,0.8,0.8,0.0,1
2026-05-10,Barcelona,Real Madrid,2,0,H,SP1.csv,1.0,0.6,0.4,0
2026-05-11,Vallecano,Girona,1,1,D,SP1.csv,0.8,0.6,0.20000000000000007,1
2026-05-12,Celta,Levante,2,3,A,SP1.csv,1.0,1.0,0.0,2
2026-05-12,Betis,Elche,2,1,H,SP1.csv,1.4,1.0,0.3999999999999999,0
2026-05-12,Osasuna,Ath Madrid,1,2,A,SP1.csv,1.6,1.4,0.20000000000000018,2
2026-05-13,Espanol,Ath Bilbao,2,0,H,SP1.csv,1.6,1.4,0.20000000000000018,0
2026-05-13,Villarreal,Sevilla,2,3,A,SP1.csv,1.8,1.8,0.0,2
2026-05-13,Alaves,Barcelona,1,0,H,SP1.csv,1.6,1.2,0.40000000000000013,0
2026-05-13,Getafe,Mallorca,3,1,H,SP1.csv,1.8,1.2,0.6000000000000001,0
2026-05-14,Valencia,Vallecano,1,1,D,SP1.csv,1.8,1.0,0.8,1
2026-05-14,Real Madrid,Oviedo,2,0,H,SP1.csv,1.8,1.0,0.8,0
2026-05-14,Girona,Sociedad,1,1,D,SP1.csv,1.6,0.6,1.0,1
2026-05-17,Ath Bilbao,Celta,1,1,D,SP1.csv,1.6,0.8,0.8,1
2026-05-17,Ath Madrid,Girona,1,0,H,SP1.csv,1.2,0.6,0.6,0
2026-05-17,Elche,Getafe,1,0,H,SP1.csv,1.2,0.4,0.7999999999999999,0
2026-05-17,Vallecano,Villarreal,2,0,H,SP1.csv,1.2,0.4,0.7999999999999999,0
2026-05-17,Levante,Mallorca,2,0,H,SP1.csv,1.4,0.2,1.2,0
2026-05-17,Sociedad,Valencia,3,4,A,SP1.csv,1.8,0.8,1.0,2
2026-05-17,Oviedo,Alaves,0,1,A,SP1.csv,1.6,1.0,0.6000000000000001,2
2026-05-17,Sevilla,Real Madrid,0,1,A,SP1.csv,1.4,1.2,0.19999999999999996,2
2026-05-17,Osasuna,Espanol,1,2,A,SP1.csv,1.2,1.6,-0.40000000000000013,2
2026-05-17,Barcelona,Betis,3,1,H,SP1.csv,1.4,1.8,-0.40000000000000013,0
